asset_id,location,install_year,last_maintenance_year,usage_hours_per_month,failure_count,condition_score,maintenance_cost_last_year,asset_type,operational_state,disposal_decision
A0001,ZoneY,2002,2008,83.49,3,0.7601205460329701,301.54,Transformer,Obsolete,Discard
A0002,SiteA,2008,2015,87.63,2,0.583929930842006,724.21,Meter,Obsolete,Recycle
A0003,SiteB,2003,2012,92.47,6,0.4495502161951355,228.74,Transformer,Obsolete,Sell
A0004,ZoneX,2011,2012,119.94,2,0.3916276171329449,1392.54,Transformer,Obsolete,Sell
A0005,ZoneX,2016,2017,58.66,1,0.658227945441001,787.77,Transformer,Degraded,Recycle
A0006,SiteA,2002,2008,116.93,6,0.8814637033079786,225.34,Meter,Obsolete,Sell
A0007,SiteB,2015,2017,59.0,3,0.3815336683103036,795.62,Transformer,Obsolete,Recycle
A0008,ZoneY,2017,2023,66.81,4,0.2016731234863795,1088.83,Meter,Obsolete,Discard
A0009,ZoneX,2001,2009,146.14,2,0.5507072029404374,1451.93,Sensor,Obsolete,Sell
A0010,SiteA,2005,2009,83.97,2,0.1384004385136592,1646.61,Sensor,Obsolete,Discard
A0011,ZoneY,2019,2022,134.75,5,0.7509401711520599,212.51,Meter,Degraded,Recycle
A0012,SiteA,2014,2021,60.7,2,0.8132486063704838,316.81,Sensor,Degraded,Retain
A0013,SiteB,2002,2011,56.24,3,0.1930240082825068,1834.88,Meter,Obsolete,Discard
A0014,ZoneX,2001,2003,110.14,3,0.6724681183298457,1970.16,Sensor,Obsolete,Discard
A0015,SiteB,2022,2025,81.43,1,0.2591848640338117,1263.61,Meter,Obsolete,Sell
A0016,SiteB,2022,2025,100.27,2,0.3222929822565081,813.92,Sensor,Obsolete,Recycle
A0017,ZoneY,2010,2018,95.17,3,0.3546710179216776,701.97,Transformer,Obsolete,Recycle
A0018,ZoneX,2006,2008,104.57,5,0.6964589982602788,1187.72,Transformer,Obsolete,Discard
A0019,ZoneX,2015,2020,104.52,1,0.59129933271364,1497.69,Sensor,Degraded,Recycle
A0020,SiteA,2012,2012,66.63,3,0.5472707937685372,981.91,Sensor,Degraded,Retain
A0021,ZoneX,2014,2018,182.03,3,0.7393788889104492,1917.07,Transformer,Degraded,Retain
A0022,SiteA,2006,2010,114.47,7,0.4154110806867344,870.84,Sensor,Obsolete,Sell
A0023,SiteA,2022,2025,105.2,2,0.5596600386546907,1533.38,Transformer,Degraded,Recycle
A0024,ZoneY,2009,2009,65.71,3,0.2476209691908561,209.33,Sensor,Obsolete,Sell
A0025,ZoneY,2017,2020,117.13,5,0.6904499411244704,715.77,Sensor,Degraded,Recycle
A0026,SiteA,2003,2012,83.96,2,0.9051956690643536,688.78,Transformer,Obsolete,Sell
A0027,ZoneX,2022,2025,136.31,3,0.49117785357074,1539.28,Meter,Degraded,Recycle
A0028,SiteA,2022,2025,85.41,0,0.1496238444242748,650.44,Transformer,Obsolete,Discard
A0029,SiteB,2014,2019,128.36,5,0.4999264111523256,408.93,Sensor,Degraded,Recycle
A0030,ZoneY,2011,2015,78.77,1,0.2302565519097901,286.51,Sensor,Obsolete,Recycle
A0031,ZoneY,2019,2024,86.8,5,0.5648009720761278,1892.41,Transformer,Degraded,Retain
A0032,ZoneY,2011,2018,101.83,3,0.3906494888770466,572.03,Meter,Obsolete,Recycle
A0033,SiteB,2014,2015,103.31,4,0.1712059174986469,1885.97,Sensor,Obsolete,Discard
A0034,ZoneY,2016,2023,98.8,3,0.5225471798812953,869.63,Meter,Degraded,Recycle
A0035,ZoneX,2016,2022,131.31,4,0.6073248030188817,735.74,Meter,Degraded,Retain
A0036,ZoneY,2000,2002,197.62,1,0.585084810842511,1337.31,Transformer,Obsolete,Recycle
A0037,ZoneY,2012,2016,106.06,4,0.2695643886958468,1706.53,Meter,Obsolete,Discard
A0038,SiteB,2015,2015,87.0,2,0.347798539608219,1974.8,Meter,Obsolete,Sell
A0039,SiteB,2011,2014,85.68,3,0.1824177762734596,656.63,Sensor,Obsolete,Sell
A0040,SiteB,2003,2004,79.53,1,0.3976969585348178,874.77,Transformer,Obsolete,Discard
A0041,ZoneY,2011,2011,145.98,1,0.7563223276903598,780.84,Transformer,Degraded,Retain
A0042,SiteA,2016,2021,125.31,1,0.4562378071714299,1847.46,Sensor,Degraded,Recycle
A0043,SiteB,2004,2013,145.77,5,0.1248682752961797,1953.91,Transformer,Obsolete,Sell
A0044,ZoneX,2022,2025,151.83,1,0.2036492984448007,1854.52,Sensor,Obsolete,Sell
A0045,ZoneY,2008,2017,119.47,2,0.5422525182507768,470.75,Transformer,Obsolete,Recycle
A0046,SiteB,2023,2025,81.53,2,0.6859920543128958,1549.84,Meter,Degraded,Recycle
A0047,ZoneY,2021,2023,85.47,5,0.1549298595943123,844.69,Sensor,Obsolete,Recycle
A0048,SiteA,2009,2016,99.95,5,0.5304311294168615,1612.4,Meter,Obsolete,Sell
A0049,ZoneY,2015,2016,176.18,7,0.3026002202249832,736.33,Transformer,Obsolete,Sell
A0050,SiteB,2007,2016,48.9,4,0.4219784152273317,822.2,Transformer,Obsolete,Recycle
A0051,ZoneX,2007,2009,71.8,5,0.5061902395784186,1161.96,Sensor,Obsolete,Recycle
A0052,ZoneX,2014,2023,63.45,1,0.5183880613606504,204.67,Sensor,Degraded,Recycle
A0053,SiteB,2022,2025,101.25,3,0.9231418646229452,1032.56,Meter,Degraded,Recycle
A0054,ZoneY,2021,2025,117.3,2,0.8628553927808975,879.11,Transformer,Active,Retain
A0055,ZoneX,2009,2018,106.1,2,0.1540618529097225,839.19,Transformer,Obsolete,Sell
A0056,ZoneX,2017,2025,73.78,4,0.2837697640929415,840.97,Meter,Obsolete,Recycle
A0057,SiteB,2019,2024,60.71,2,0.5377370188052467,713.17,Sensor,Degraded,Retain
A0058,ZoneX,2020,2025,24.92,2,0.5768636898542123,507.6,Transformer,Degraded,Recycle
A0059,ZoneY,2011,2013,108.21,5,0.7627441211012798,1582.0,Meter,Degraded,Recycle
A0060,ZoneX,2022,2025,65.83,2,0.6698070964289494,1568.41,Transformer,Degraded,Recycle
A0061,ZoneY,2000,2007,122.81,3,0.4884705022481415,1498.87,Sensor,Obsolete,Recycle
A0062,ZoneY,2013,2020,62.74,5,0.58496664853843,1429.37,Sensor,Degraded,Recycle
A0063,SiteA,2020,2025,38.86,4,0.1844303780971188,1323.63,Sensor,Obsolete,Sell
A0064,SiteA,2005,2007,33.67,4,0.3247047058018854,1995.85,Sensor,Obsolete,Discard
A0065,SiteA,2012,2020,67.26,1,0.2571989583870975,1678.26,Meter,Obsolete,Discard
A0066,SiteA,2004,2007,110.01,4,0.7900279690224449,1217.92,Meter,Obsolete,Sell
A0067,ZoneX,2017,2025,76.79,3,0.2142141346651339,232.6,Sensor,Obsolete,Discard
A0068,SiteB,2011,2014,179.31,2,0.5823365428516435,339.18,Transformer,Degraded,Recycle
A0069,SiteA,2020,2025,90.12,1,0.6821352375143147,1294.21,Transformer,Degraded,Retain
A0070,ZoneX,2017,2025,67.02,4,0.7147890735734612,1065.51,Transformer,Degraded,Recycle
A0071,SiteA,2017,2017,86.7,3,0.3431021032720516,596.17,Sensor,Obsolete,Sell
A0072,SiteA,2008,2009,79.05,3,0.3628477397204954,1271.69,Meter,Obsolete,Recycle
A0073,ZoneX,2014,2020,140.49,3,0.8021321502251926,1149.77,Transformer,Degraded,Retain
A0074,ZoneX,2009,2014,121.03,3,0.6036468369228212,687.34,Sensor,Obsolete,Sell
A0075,SiteA,2003,2004,89.14,3,0.3619293053930309,387.4,Transformer,Obsolete,Sell
A0076,SiteA,2012,2016,66.13,2,0.5282649010012375,1694.4,Transformer,Degraded,Recycle
A0077,ZoneY,2014,2017,49.2,2,0.1543338064632607,1324.57,Meter,Obsolete,Sell
A0078,ZoneY,2020,2025,128.75,2,0.2513014717605057,1749.92,Transformer,Obsolete,Discard
A0079,ZoneY,2023,2025,129.15,2,0.2056484479816307,450.84,Meter,Obsolete,Sell
A0080,ZoneX,2004,2007,120.17,4,0.6896794615978012,929.45,Transformer,Obsolete,Recycle
A0081,ZoneX,2015,2020,85.93,0,0.3394051252144978,515.67,Sensor,Obsolete,Sell
A0082,ZoneY,2011,2011,147.11,3,0.7308323035637833,641.63,Sensor,Degraded,Retain
A0083,ZoneX,2002,2006,93.25,6,0.6438217549442664,1714.75,Transformer,Obsolete,Recycle
A0084,SiteA,2005,2005,48.41,4,0.6004761272366188,982.69,Transformer,Obsolete,Discard
A0085,SiteB,2002,2008,129.57,4,0.27035541423083,1503.39,Meter,Obsolete,Sell
A0086,ZoneX,2019,2024,138.58,4,0.4160843507279703,1200.45,Sensor,Degraded,Retain
A0087,ZoneY,2013,2018,67.57,8,0.7462232916355592,1453.32,Sensor,Obsolete,Recycle
A0088,ZoneY,2016,2023,90.72,4,0.5599886147814391,1778.0,Sensor,Degraded,Retain
A0089,SiteB,2020,2021,121.4,5,0.5993599099294805,1527.65,Sensor,Degraded,Recycle
A0090,SiteA,2012,2012,143.6,1,0.5118094061086648,232.17,Meter,Degraded,Recycle
A0091,ZoneY,2013,2021,92.65,3,0.2042517668221923,1538.04,Transformer,Obsolete,Sell
A0092,SiteA,2000,2003,106.23,4,0.4756733183871803,1603.25,Meter,Obsolete,Discard
A0093,SiteB,2008,2013,115.46,3,0.3633677672197132,262.76,Sensor,Obsolete,Discard
A0094,ZoneY,2002,2005,80.02,2,0.4500952184894919,1751.83,Sensor,Obsolete,Sell
A0095,SiteA,2005,2013,115.2,3,0.451464744468772,397.04,Sensor,Obsolete,Recycle
A0096,SiteA,2022,2025,81.07,3,0.3802829981959494,1756.09,Meter,Obsolete,Discard
A0097,SiteB,2019,2019,107.2,9,0.5890728034647995,1538.31,Meter,Obsolete,Discard
A0098,ZoneX,2014,2015,104.4,3,0.8840080013125842,667.65,Transformer,Degraded,Retain
A0099,SiteA,2015,2022,93.36,1,0.6055377484340039,1556.66,Transformer,Degraded,Retain
A0100,SiteA,2014,2019,133.22,2,0.8399523713356299,822.59,Meter,Degraded,Retain
A0101,ZoneY,2014,2023,160.61,2,0.1965522863688509,201.85,Transformer,Obsolete,Recycle
A0102,ZoneY,2013,2014,86.29,4,0.4460397379791285,1424.9,Meter,Degraded,Retain
A0103,SiteA,2018,2023,112.93,5,0.7021886409862971,1486.86,Meter,Degraded,Recycle
A0104,SiteA,2007,2008,119.21,5,0.520881453849645,436.24,Meter,Obsolete,Sell
A0105,ZoneX,2001,2005,95.15,0,0.5255450623164861,605.97,Transformer,Obsolete,Recycle
A0106,SiteA,2017,2022,118.18,3,0.4494712128983534,1063.89,Transformer,Degraded,Retain
A0107,SiteB,2016,2021,130.71,2,0.3134184214144724,456.49,Meter,Obsolete,Recycle
A0108,ZoneX,2018,2023,87.9,3,0.9171547218466204,259.77,Transformer,Degraded,Recycle
A0109,ZoneY,2002,2005,58.44,4,0.2370251118867518,1303.3,Meter,Obsolete,Recycle
A0110,SiteB,2012,2020,126.41,6,0.3610608841784851,1358.44,Transformer,Obsolete,Recycle
A0111,ZoneY,2003,2011,93.34,5,0.1763117621914479,278.59,Meter,Obsolete,Recycle
A0112,SiteA,2019,2020,111.26,0,0.1141755943369221,346.75,Meter,Obsolete,Recycle
A0113,ZoneX,2003,2005,84.93,0,0.3577833868099281,1536.87,Transformer,Obsolete,Discard
A0114,ZoneY,2019,2022,96.68,6,0.5594844133434604,1627.32,Sensor,Obsolete,Sell
A0115,ZoneY,2019,2025,119.57,5,0.1407980521638401,645.02,Sensor,Obsolete,Recycle
A0116,ZoneY,2022,2025,91.26,2,0.1202629483284646,216.25,Sensor,Obsolete,Recycle
A0117,ZoneY,2023,2023,85.97,3,0.5165874812399573,647.69,Transformer,Degraded,Retain
A0118,SiteB,2009,2009,77.74,3,0.30022893149571,1204.65,Transformer,Obsolete,Sell
A0119,ZoneX,2009,2012,153.73,1,0.616926645661826,1013.96,Meter,Obsolete,Recycle
A0120,ZoneY,2008,2012,151.47,3,0.6208561956804775,1139.11,Transformer,Obsolete,Sell
A0121,SiteB,2014,2020,112.0,2,0.8446053483816609,1945.84,Sensor,Degraded,Retain
A0122,ZoneX,2008,2008,78.38,3,0.6068116937311406,1695.58,Sensor,Obsolete,Recycle
A0123,SiteB,2023,2025,99.2,4,0.3624330745223422,1288.92,Transformer,Obsolete,Discard
A0124,ZoneX,2015,2023,89.96,1,0.3841057026175689,770.95,Meter,Obsolete,Discard
A0125,SiteA,2020,2020,95.83,2,0.5978480266855218,899.4,Sensor,Degraded,Retain
A0126,SiteA,2023,2025,131.91,1,0.739168992547082,1100.8,Transformer,Degraded,Retain
A0127,ZoneY,2002,2006,68.53,3,0.6099379941256621,1160.48,Sensor,Obsolete,Discard
A0128,SiteB,2013,2019,117.84,1,0.6899364038245375,308.48,Transformer,Degraded,Retain
A0129,SiteB,2003,2007,111.76,2,0.2431715946304535,1491.74,Transformer,Obsolete,Discard
A0130,SiteB,2007,2008,129.37,2,0.7792930584291807,1476.28,Sensor,Obsolete,Sell
A0131,ZoneY,2012,2019,83.0,2,0.5087958988105765,204.65,Meter,Degraded,Retain
A0132,SiteB,2006,2011,31.69,3,0.078186375112547,836.16,Transformer,Obsolete,Discard
A0133,SiteB,2022,2025,74.28,5,0.3567524221694836,1051.21,Sensor,Obsolete,Recycle
A0134,SiteB,2006,2010,82.42,1,0.4437445755379984,903.63,Sensor,Obsolete,Sell
A0135,SiteA,2005,2013,109.43,2,0.3371358810240641,431.11,Meter,Obsolete,Recycle
A0136,SiteB,2018,2020,133.12,4,0.4178252844621443,818.41,Meter,Degraded,Retain
A0137,ZoneY,2003,2009,101.02,2,0.2868169176318242,783.8,Transformer,Obsolete,Recycle
A0138,SiteB,2005,2007,125.01,1,0.1337061417008722,1931.0,Meter,Obsolete,Discard
A0139,ZoneY,2000,2008,46.12,2,0.0864541714166492,236.05,Transformer,Obsolete,Recycle
A0140,ZoneX,2020,2023,102.19,3,0.610354813206463,1475.74,Meter,Degraded,Recycle
A0141,ZoneY,2012,2015,95.43,2,0.0913131041273914,1281.07,Meter,Obsolete,Discard
A0142,SiteA,2011,2017,113.47,4,0.1961290024120589,1498.56,Sensor,Obsolete,Sell
A0143,SiteA,2009,2011,132.51,2,0.3074146281068211,1956.1,Sensor,Obsolete,Recycle
A0144,ZoneY,2021,2025,93.25,5,0.7528862115273296,322.71,Sensor,Degraded,Retain
A0145,SiteA,2006,2007,90.84,2,0.3629653714493867,1776.99,Sensor,Obsolete,Sell
A0146,SiteB,2006,2011,50.31,2,0.4461936831071098,735.24,Meter,Obsolete,Discard
A0147,SiteA,2004,2010,97.02,1,0.5758108264801852,312.13,Transformer,Obsolete,Discard
A0148,SiteB,2018,2021,61.77,2,0.5263516906796066,928.64,Transformer,Degraded,Recycle
A0149,SiteB,2020,2022,121.9,5,0.9444559760398504,1568.52,Meter,Degraded,Recycle
A0150,SiteA,2022,2025,113.73,3,0.2671730228768252,1362.96,Sensor,Obsolete,Recycle
A0151,ZoneX,2019,2023,86.95,2,0.6019088889491022,876.6,Transformer,Degraded,Recycle
A0152,ZoneX,2002,2005,90.79,2,0.7031560670343239,655.51,Sensor,Obsolete,Discard
A0153,SiteA,2020,2025,88.61,6,0.2403252296165383,1424.41,Sensor,Obsolete,Sell
A0154,ZoneY,2023,2025,107.11,1,0.7125023538391846,1594.38,Transformer,Degraded,Recycle
A0155,ZoneY,2003,2009,70.85,5,0.3594203113615035,1608.47,Sensor,Obsolete,Sell
A0156,ZoneX,2016,2023,57.35,1,0.6278250915962907,275.51,Sensor,Degraded,Retain
A0157,SiteB,2010,2011,136.74,1,0.2984670291404273,1137.38,Sensor,Obsolete,Discard
A0158,SiteA,2002,2003,89.05,3,0.2403200874419953,418.7,Transformer,Obsolete,Recycle
A0159,SiteB,2004,2006,104.43,7,0.2243457800240484,1597.61,Meter,Obsolete,Recycle
A0160,ZoneY,2002,2007,75.15,2,0.8507907844745582,944.15,Meter,Obsolete,Sell
A0161,SiteB,2006,2010,98.81,4,0.4054910915810919,1030.8,Meter,Obsolete,Discard
A0162,ZoneX,2010,2017,124.85,2,0.2658347098447825,1308.77,Sensor,Obsolete,Discard
A0163,ZoneY,2016,2017,57.98,3,0.2416378084368307,788.48,Transformer,Obsolete,Recycle
A0164,ZoneY,2003,2005,96.82,2,0.8021092277674056,1393.48,Sensor,Obsolete,Recycle
A0165,SiteB,2007,2012,120.15,1,0.0871660327012827,1258.76,Sensor,Obsolete,Discard
A0166,ZoneY,2019,2022,153.76,1,0.5194112974804321,1283.86,Transformer,Degraded,Recycle
A0167,SiteB,2000,2002,80.0,1,0.5593587147218062,1619.51,Transformer,Obsolete,Sell
A0168,SiteA,2001,2003,65.75,2,0.3528410834727157,1356.62,Sensor,Obsolete,Discard
A0169,SiteB,2000,2000,98.1,6,0.705593472090773,1455.81,Sensor,Obsolete,Sell
A0170,SiteB,2018,2020,150.27,5,0.2548463325113776,345.08,Transformer,Obsolete,Discard
A0171,SiteA,2012,2018,91.77,2,0.488284093055002,1954.7,Sensor,Degraded,Recycle
A0172,SiteB,2014,2019,71.39,3,0.3671538829636184,1589.34,Meter,Obsolete,Recycle
A0173,ZoneX,2018,2023,107.41,2,0.3658055861389068,661.75,Meter,Obsolete,Discard
A0174,ZoneY,2001,2003,72.42,2,0.5823538698627374,239.66,Sensor,Obsolete,Discard
A0175,ZoneX,2012,2016,77.96,3,0.3855579219404287,1178.37,Transformer,Obsolete,Recycle
A0176,SiteB,2012,2017,104.57,3,0.1832820517616969,1028.29,Meter,Obsolete,Recycle
A0177,SiteB,2018,2024,78.68,3,0.6465716937923924,794.39,Transformer,Degraded,Retain
A0178,ZoneY,2003,2006,76.02,5,0.5649261581838702,317.37,Meter,Obsolete,Sell
A0179,ZoneX,2012,2014,102.5,2,0.4356810756356315,566.78,Sensor,Degraded,Recycle
A0180,ZoneY,2020,2025,82.96,1,0.205311348091605,552.51,Meter,Obsolete,Discard
A0181,ZoneX,2004,2011,17.21,3,0.6696756497109583,260.09,Meter,Obsolete,Recycle
A0182,ZoneX,2017,2024,61.5,3,0.3130586558174881,1109.37,Transformer,Obsolete,Recycle
A0183,ZoneY,2022,2022,107.95,4,0.4849236350708216,1494.84,Transformer,Degraded,Recycle
A0184,SiteB,2004,2005,91.99,3,0.6321002538932531,1978.52,Meter,Obsolete,Discard
A0185,SiteB,2000,2001,95.04,3,0.5701469922905518,631.77,Sensor,Obsolete,Discard
A0186,ZoneY,2002,2005,116.4,4,0.6579745763022891,657.15,Sensor,Obsolete,Recycle
A0187,SiteA,2012,2012,111.17,2,0.4120184529885207,702.7,Meter,Degraded,Retain
A0188,ZoneX,2020,2022,115.73,3,0.5591744607732706,1619.21,Sensor,Degraded,Recycle
A0189,ZoneX,2005,2006,125.78,0,0.8586897850647709,886.9,Meter,Obsolete,Sell
A0190,SiteA,2005,2007,57.16,3,0.4306411619276629,1473.84,Transformer,Obsolete,Discard
A0191,ZoneX,2009,2011,116.23,7,0.9130370675628272,333.63,Meter,Obsolete,Discard
A0192,ZoneY,2019,2025,115.85,2,0.3919482830587386,342.14,Transformer,Obsolete,Recycle
A0193,ZoneY,2006,2006,83.26,4,0.0559158578334211,258.76,Transformer,Obsolete,Recycle
A0194,SiteB,2014,2016,97.47,5,0.7778911940415303,998.08,Meter,Degraded,Retain
A0195,ZoneX,2009,2016,97.67,3,0.7763482589395977,1970.91,Sensor,Obsolete,Discard
A0196,ZoneY,2004,2011,72.07,1,0.6483579190037179,452.04,Sensor,Obsolete,Recycle
A0197,ZoneY,2013,2022,57.81,2,0.546004713557648,1229.69,Meter,Degraded,Recycle
A0198,SiteA,2017,2025,77.44,3,0.2727512418837131,1773.6,Sensor,Obsolete,Recycle
A0199,ZoneY,2010,2012,122.74,2,0.7357436997456568,734.11,Meter,Obsolete,Recycle
A0200,SiteB,2014,2023,125.06,2,0.3748987120830798,1286.83,Meter,Obsolete,Discard
A0201,ZoneY,2001,2002,124.56,2,0.1471242430675502,777.95,Sensor,Obsolete,Sell
A0202,SiteA,2001,2009,103.42,5,0.5813670421081111,1503.15,Sensor,Obsolete,Discard
A0203,SiteB,2005,2009,65.69,0,0.5459171225058733,278.73,Meter,Obsolete,Sell
A0204,SiteA,2019,2023,43.54,4,0.7291184801749712,1176.56,Transformer,Degraded,Recycle
A0205,SiteA,2022,2025,92.03,6,0.4788004017706891,874.2,Meter,Obsolete,Recycle
A0206,SiteB,2020,2025,123.39,2,0.9270677092022752,894.57,Sensor,Active,Retain
A0207,SiteB,2015,2015,136.66,2,0.515826577120535,378.74,Sensor,Degraded,Recycle
A0208,SiteB,2021,2025,112.55,3,0.7421254146133989,866.71,Transformer,Degraded,Recycle
A0209,ZoneY,2018,2022,21.29,2,0.245720686361787,503.01,Transformer,Obsolete,Recycle
A0210,SiteB,2002,2006,111.92,3,0.3955687272964759,825.1,Meter,Obsolete,Recycle
A0211,ZoneX,2005,2012,84.34,4,0.7311894998950416,1479.59,Transformer,Obsolete,Discard
A0212,SiteB,2010,2015,113.65,6,0.3766767980853598,1778.76,Meter,Obsolete,Recycle
A0213,ZoneY,2016,2021,96.26,5,0.3587279746244646,1086.19,Transformer,Obsolete,Sell
A0214,SiteB,2017,2018,141.23,5,0.2681492265994143,205.7,Sensor,Obsolete,Discard
A0215,ZoneX,2002,2002,117.81,2,0.5269567850071099,738.91,Sensor,Obsolete,Recycle
A0216,SiteA,2018,2019,136.43,5,0.3398740840908808,324.25,Meter,Obsolete,Sell
A0217,SiteA,2015,2022,89.31,5,0.831812944928169,244.1,Transformer,Degraded,Retain
A0218,ZoneY,2018,2020,163.28,2,0.5659021428151475,1715.73,Meter,Degraded,Retain
A0219,SiteB,2009,2014,123.79,1,0.2787174377845945,1646.27,Transformer,Obsolete,Discard
A0220,ZoneX,2011,2018,124.88,2,0.4501431644894548,1366.07,Sensor,Degraded,Retain
A0221,SiteB,2020,2025,108.32,4,0.6683144445215227,622.38,Meter,Degraded,Retain
A0222,SiteA,2008,2012,107.1,3,0.8177972128370733,297.8,Transformer,Obsolete,Discard
A0223,ZoneY,2022,2022,87.72,1,0.3679641248080459,312.84,Sensor,Obsolete,Discard
A0224,ZoneY,2013,2014,37.8,4,0.3754478819921689,1897.37,Sensor,Obsolete,Recycle
A0225,ZoneX,2008,2010,131.8,3,0.2157083388941936,1466.94,Meter,Obsolete,Recycle
A0226,SiteB,2022,2025,87.57,2,0.3087227450190892,1055.73,Meter,Obsolete,Sell
A0227,ZoneY,2000,2002,104.73,1,0.59840472517411,1023.86,Transformer,Obsolete,Sell
A0228,ZoneY,2005,2006,138.12,0,0.5712620783592471,1495.38,Meter,Obsolete,Sell
A0229,SiteB,2006,2014,60.22,4,0.1078245507772005,1529.48,Meter,Obsolete,Discard
A0230,SiteB,2006,2011,64.32,3,0.9456086797814262,226.45,Transformer,Obsolete,Recycle
A0231,SiteB,2016,2020,103.57,4,0.1737431389172947,1504.74,Sensor,Obsolete,Recycle
A0232,ZoneX,2012,2020,100.67,6,0.4789744114356276,678.05,Meter,Obsolete,Recycle
A0233,ZoneY,2000,2004,117.75,3,0.4912144404690778,1782.66,Sensor,Obsolete,Sell
A0234,ZoneY,2014,2016,120.11,3,0.6374560300078584,1052.86,Transformer,Degraded,Recycle
A0235,SiteB,2010,2019,50.7,4,0.3428331128410966,1506.13,Transformer,Obsolete,Sell
A0236,SiteB,2021,2025,110.16,4,0.5471285032232864,1851.47,Meter,Degraded,Recycle
A0237,SiteB,2001,2008,125.46,2,0.5000853659165904,614.45,Sensor,Obsolete,Recycle
A0238,ZoneY,2005,2012,51.77,2,0.5702523831981269,979.07,Meter,Obsolete,Recycle
A0239,ZoneY,2021,2023,141.19,2,0.3150085913138461,1912.57,Meter,Obsolete,Sell
A0240,ZoneX,2001,2008,52.06,2,0.5063036204573109,491.01,Sensor,Obsolete,Sell
A0241,ZoneY,2016,2023,100.57,3,0.5249175842587019,1611.96,Meter,Degraded,Recycle
A0242,SiteA,2005,2014,85.3,3,0.1697967844123094,1343.8,Sensor,Obsolete,Discard
A0243,SiteB,2010,2013,56.1,6,0.0598525131453323,544.87,Sensor,Obsolete,Recycle
A0244,ZoneX,2004,2007,100.43,1,0.2670615831107501,1910.83,Meter,Obsolete,Discard
A0245,SiteA,2015,2019,94.32,4,0.6984839887776843,921.7,Sensor,Degraded,Retain
A0246,SiteA,2005,2008,57.44,2,0.8151845577820918,1783.09,Sensor,Obsolete,Sell
A0247,SiteB,2007,2007,141.55,5,0.2391722032557632,708.45,Meter,Obsolete,Sell
A0248,SiteA,2019,2025,94.98,3,0.7748367186723039,218.16,Transformer,Degraded,Recycle
A0249,SiteA,2014,2017,119.37,1,0.823526131257624,960.73,Sensor,Degraded,Recycle
A0250,ZoneX,2019,2020,74.38,1,0.2819773128857075,469.28,Sensor,Obsolete,Sell
A0251,ZoneY,2007,2013,154.06,4,0.8660622806933305,1566.21,Meter,Obsolete,Discard
A0252,SiteB,2019,2024,123.79,4,0.5050237437800931,419.65,Meter,Degraded,Retain
A0253,SiteA,2018,2025,119.98,2,0.496877954070061,1211.73,Meter,Degraded,Recycle
A0254,SiteA,2016,2022,123.37,3,0.6759464896624584,423.89,Meter,Degraded,Retain
A0255,SiteA,2021,2025,132.26,2,0.2451484120730228,755.9,Meter,Obsolete,Discard
A0256,SiteA,2003,2008,157.83,4,0.4921427749323827,769.79,Transformer,Obsolete,Recycle
A0257,SiteA,2011,2016,131.8,5,0.5962660104807471,752.2,Meter,Degraded,Recycle
A0258,ZoneX,2020,2020,80.81,5,0.5796410015362855,569.72,Sensor,Degraded,Retain
A0259,SiteB,2003,2009,104.8,3,0.6462383116664177,977.63,Meter,Obsolete,Sell
A0260,ZoneX,2020,2025,84.16,0,0.5820715710374721,1962.12,Transformer,Degraded,Recycle
A0261,SiteA,2010,2018,126.71,3,0.924886997421459,1382.16,Meter,Obsolete,Discard
A0262,SiteA,2020,2025,96.16,2,0.8399045529272664,1196.08,Sensor,Active,Retain
A0263,SiteB,2010,2014,124.34,3,0.2924090620985871,1462.05,Sensor,Obsolete,Sell
A0264,SiteA,2006,2014,108.3,1,0.6399586674522233,596.87,Sensor,Obsolete,Discard
A0265,ZoneY,2012,2020,88.44,3,0.5348313764690381,981.24,Meter,Degraded,Retain
A0266,SiteB,2010,2013,88.91,2,0.550612627811257,1485.29,Transformer,Obsolete,Sell
A0267,ZoneX,2008,2015,131.78,1,0.7757173267321079,1274.77,Sensor,Obsolete,Recycle
A0268,ZoneX,2001,2002,43.68,3,0.133266866831927,1124.5,Transformer,Obsolete,Discard
A0269,SiteA,2008,2014,104.63,1,0.5901284786216621,863.21,Meter,Obsolete,Discard
A0270,ZoneY,2014,2019,170.92,1,0.222860806221007,1700.56,Transformer,Obsolete,Sell
A0271,ZoneX,2010,2017,159.78,2,0.4143975647641874,1104.74,Sensor,Obsolete,Discard
A0272,ZoneX,2016,2021,98.64,0,0.5535621554668361,935.8,Transformer,Degraded,Recycle
A0273,SiteB,2010,2015,91.63,1,0.4186656134678464,398.78,Sensor,Obsolete,Sell
A0274,SiteB,2015,2019,104.95,0,0.347045609133233,1536.56,Transformer,Obsolete,Discard
A0275,ZoneY,2023,2025,114.46,4,0.6410705511584214,1105.64,Sensor,Degraded,Retain
A0276,ZoneX,2011,2016,74.46,5,0.1443933268842572,1080.88,Sensor,Obsolete,Discard
A0277,SiteA,2010,2010,118.59,4,0.4722092750074909,1342.35,Transformer,Obsolete,Recycle
A0278,ZoneY,2013,2015,110.46,3,0.5946314959603233,1927.75,Sensor,Degraded,Recycle
A0279,SiteA,2013,2020,98.83,5,0.2315068383767149,1901.21,Transformer,Obsolete,Recycle
A0280,ZoneY,2018,2018,141.53,5,0.4440288790739637,1597.68,Sensor,Degraded,Recycle
A0281,ZoneX,2002,2002,112.57,5,0.6864264139941139,566.19,Transformer,Obsolete,Recycle
A0282,ZoneY,2008,2010,148.76,4,0.4364517293520614,227.91,Transformer,Obsolete,Sell
A0283,SiteB,2020,2021,125.45,2,0.0318826468529594,1994.93,Sensor,Obsolete,Sell
A0284,ZoneX,2008,2017,85.24,2,0.4059055082000642,1500.93,Meter,Obsolete,Discard
A0285,ZoneX,2019,2025,117.44,5,0.4400014405181815,1186.46,Transformer,Degraded,Retain
A0286,SiteA,2010,2016,82.63,2,0.7840439061886351,824.53,Meter,Obsolete,Recycle
A0287,ZoneY,2021,2025,110.68,6,0.7403177579581837,764.89,Meter,Obsolete,Discard
A0288,SiteA,2009,2016,128.0,7,0.033759633564147,1546.82,Sensor,Obsolete,Discard
A0289,SiteA,2023,2023,172.59,4,0.5144477839871563,1616.08,Meter,Degraded,Retain
A0290,ZoneX,2009,2018,71.52,1,0.6651008555166642,1400.33,Sensor,Obsolete,Discard
A0291,SiteA,2009,2014,53.06,2,0.1951822603595609,1546.41,Meter,Obsolete,Sell
A0292,SiteA,2015,2015,78.78,2,0.4558239505904036,634.69,Meter,Degraded,Recycle
A0293,SiteA,2003,2003,109.47,4,0.5624014998273436,1849.89,Sensor,Obsolete,Recycle
A0294,ZoneY,2022,2022,111.6,7,0.8844302504681328,1870.73,Meter,Obsolete,Recycle
A0295,ZoneX,2013,2014,83.4,2,0.5898135960546601,296.03,Transformer,Degraded,Recycle
A0296,SiteA,2003,2004,128.15,3,0.2091015451615226,944.89,Sensor,Obsolete,Discard
A0297,ZoneX,2020,2025,110.65,4,0.6021406530858506,1929.66,Transformer,Degraded,Retain
A0298,ZoneX,2013,2015,113.16,4,0.4889057676612486,319.75,Meter,Degraded,Recycle
A0299,ZoneX,2022,2025,74.91,2,0.4216275128693663,1794.97,Transformer,Degraded,Retain
A0300,SiteA,2003,2007,107.43,1,0.3871214701483049,1893.39,Transformer,Obsolete,Discard
A0301,ZoneX,2001,2005,148.23,1,0.5061831614285119,894.08,Sensor,Obsolete,Discard
A0302,SiteA,2023,2024,64.19,1,0.4612561919931354,1973.55,Transformer,Degraded,Recycle
A0303,SiteB,2003,2011,76.87,4,0.4365479806966343,839.58,Meter,Obsolete,Sell
A0304,SiteA,2019,2022,117.85,2,0.3913256389970091,1214.14,Meter,Obsolete,Discard
A0305,ZoneX,2016,2020,74.55,3,0.3019148433010741,1487.34,Sensor,Obsolete,Recycle
A0306,ZoneX,2015,2019,64.42,6,0.3360710087915952,1086.62,Sensor,Obsolete,Sell
A0307,SiteB,2005,2010,87.27,4,0.6259029109151878,1081.32,Meter,Obsolete,Sell
A0308,ZoneX,2009,2014,62.35,2,0.2531333263653944,701.56,Sensor,Obsolete,Discard
A0309,ZoneX,2010,2012,113.26,4,0.5225257457468648,1202.21,Transformer,Obsolete,Recycle
A0310,SiteB,2009,2013,135.85,2,0.6339811640891277,201.18,Transformer,Obsolete,Sell
A0311,ZoneY,2004,2013,116.04,3,0.5609061784046533,724.63,Transformer,Obsolete,Sell
A0312,ZoneY,2018,2025,99.18,3,0.4594973605983289,1123.26,Transformer,Degraded,Recycle
A0313,SiteB,2001,2007,94.8,4,0.4844293570775719,1592.39,Transformer,Obsolete,Sell
A0314,ZoneY,2022,2025,66.19,1,0.7577611085930716,289.31,Transformer,Active,Retain
A0315,SiteB,2011,2011,87.27,6,0.6504355438739239,1201.62,Meter,Obsolete,Sell
A0316,SiteB,2010,2014,122.29,1,0.5029784906970238,621.97,Transformer,Obsolete,Recycle
A0317,SiteB,2011,2018,138.88,0,0.4702743223536931,1300.63,Transformer,Degraded,Recycle
A0318,ZoneX,2013,2015,81.73,5,0.2396985780059065,984.16,Transformer,Obsolete,Sell
A0319,SiteA,2022,2024,158.43,2,0.2090221155127579,1883.87,Sensor,Obsolete,Recycle
A0320,SiteA,2004,2011,97.74,1,0.8042599396867214,1007.8,Transformer,Obsolete,Discard
A0321,SiteB,2023,2024,128.24,1,0.1369970291216972,406.63,Meter,Obsolete,Discard
A0322,SiteB,2006,2006,71.53,6,0.826019021893852,1695.71,Meter,Obsolete,Discard
A0323,ZoneX,2007,2012,68.3,2,0.5347441047624365,1338.03,Sensor,Obsolete,Sell
A0324,SiteB,2021,2025,103.69,7,0.6828812888589587,1687.79,Transformer,Obsolete,Discard
A0325,ZoneY,2014,2018,71.2,1,0.3943154347076402,1812.26,Meter,Obsolete,Sell
A0326,ZoneY,2015,2016,112.7,1,0.7391779088889912,1970.42,Meter,Degraded,Retain
A0327,ZoneX,2014,2022,95.34,0,0.2438279022362868,249.05,Meter,Obsolete,Recycle
A0328,ZoneX,2001,2001,54.38,3,0.4716627034234535,852.61,Sensor,Obsolete,Discard
A0329,ZoneY,2021,2021,139.77,2,0.920403115792557,885.78,Transformer,Active,Retain
A0330,SiteB,2002,2007,122.52,2,0.6477858134722239,1886.8,Sensor,Obsolete,Sell
A0331,ZoneX,2023,2025,77.23,2,0.4299031674008502,951.8,Meter,Degraded,Retain
A0332,ZoneX,2012,2018,146.51,0,0.7672840236238554,1892.33,Sensor,Degraded,Retain
A0333,SiteA,2012,2019,120.27,5,0.5469983463747952,718.41,Transformer,Degraded,Recycle
A0334,SiteA,2017,2024,109.52,0,0.7717801504357686,1516.68,Transformer,Active,Retain
A0335,ZoneY,2007,2015,109.65,2,0.1133293841162447,364.47,Transformer,Obsolete,Discard
A0336,SiteA,2023,2025,159.7,3,0.3659092710573042,882.27,Sensor,Obsolete,Recycle
A0337,SiteA,2018,2024,104.21,3,0.6432424429102606,1206.93,Sensor,Degraded,Retain
A0338,ZoneX,2013,2022,97.17,6,0.3195589595671277,416.7,Transformer,Obsolete,Recycle
A0339,SiteB,2011,2019,132.12,1,0.307078766676641,1597.32,Sensor,Obsolete,Sell
A0340,SiteB,2022,2023,90.97,3,0.4786910410093532,242.67,Sensor,Degraded,Retain
A0341,ZoneX,2023,2025,110.33,3,0.4737496972049092,1904.16,Sensor,Degraded,Retain
A0342,SiteB,2014,2022,79.7,0,0.6073798761651643,695.43,Transformer,Degraded,Recycle
A0343,SiteB,2013,2020,97.77,3,0.7372518164411681,606.94,Meter,Degraded,Recycle
A0344,SiteB,2021,2025,56.74,4,0.3504656175505825,589.25,Sensor,Obsolete,Discard
A0345,ZoneY,2007,2011,95.32,3,0.6411031431995123,302.02,Transformer,Obsolete,Recycle
A0346,ZoneY,2006,2009,46.72,4,0.5102192769738678,453.99,Sensor,Obsolete,Discard
A0347,ZoneX,2023,2025,110.22,1,0.2792601839615257,1981.56,Meter,Obsolete,Recycle
A0348,SiteA,2003,2012,107.38,1,0.5822568012808447,1313.79,Meter,Obsolete,Discard
A0349,ZoneY,2003,2010,144.93,6,0.4328449836002325,1758.01,Transformer,Obsolete,Sell
A0350,SiteA,2003,2005,127.01,5,0.4237252403327707,1446.24,Transformer,Obsolete,Recycle
A0351,SiteB,2018,2025,77.02,3,0.1807253464880043,404.19,Meter,Obsolete,Recycle
A0352,SiteB,2018,2019,111.02,2,0.1870049834537283,1599.42,Sensor,Obsolete,Sell
A0353,ZoneY,2010,2012,111.65,2,0.5264568586772843,1238.39,Meter,Obsolete,Recycle
A0354,ZoneX,2004,2010,76.81,2,0.724696597354583,728.04,Sensor,Obsolete,Discard
A0355,ZoneY,2021,2024,91.61,5,0.4263238208917346,429.99,Transformer,Degraded,Retain
A0356,SiteA,2006,2012,134.95,2,0.3755241632399619,1512.09,Sensor,Obsolete,Discard
A0357,SiteA,2016,2016,108.61,0,0.92067277397506,1667.5,Transformer,Active,Retain
A0358,ZoneX,2005,2008,118.25,1,0.9595031007119104,370.94,Transformer,Obsolete,Recycle
A0359,SiteA,2002,2005,145.1,1,0.3672515952254095,1034.87,Sensor,Obsolete,Recycle
A0360,ZoneY,2006,2015,40.38,5,0.4134501265544118,1647.37,Transformer,Obsolete,Recycle
A0361,SiteA,2023,2025,70.22,3,0.900619070441033,425.99,Sensor,Degraded,Retain
A0362,ZoneY,2021,2025,45.8,3,0.5414975177754476,286.57,Meter,Degraded,Retain
A0363,ZoneY,2012,2021,113.24,1,0.7771633163128202,1304.55,Transformer,Degraded,Retain
A0364,SiteB,2012,2012,101.16,2,0.7109733422726631,1153.49,Transformer,Degraded,Recycle
A0365,SiteB,2006,2010,134.87,1,0.4615980533078505,912.69,Transformer,Obsolete,Recycle
A0366,SiteB,2010,2010,64.29,4,0.7013599839369778,498.89,Meter,Obsolete,Recycle
A0367,SiteA,2002,2004,140.21,4,0.3603029196595765,1366.82,Sensor,Obsolete,Discard
A0368,ZoneY,2002,2007,31.75,2,0.2239418575121508,1762.7,Meter,Obsolete,Sell
A0369,ZoneY,2015,2015,48.72,1,0.7297313593357572,1194.26,Sensor,Degraded,Recycle
A0370,ZoneX,2001,2002,106.38,3,0.7043678280396278,458.25,Sensor,Obsolete,Recycle
A0371,ZoneX,2007,2010,124.12,3,0.1985705994460292,1848.42,Sensor,Obsolete,Recycle
A0372,ZoneY,2014,2017,78.8,4,0.6694200134495539,1245.16,Sensor,Degraded,Retain
A0373,ZoneY,2001,2005,85.22,0,0.3837406148929197,223.23,Meter,Obsolete,Sell
A0374,ZoneX,2008,2008,42.06,1,0.6865250383318319,1553.83,Sensor,Obsolete,Sell
A0375,SiteB,2000,2009,92.06,1,0.5013337378901187,1639.61,Meter,Obsolete,Discard
A0376,ZoneX,2023,2025,26.97,0,0.1985564113445655,225.8,Meter,Obsolete,Recycle
A0377,ZoneX,2003,2003,103.64,2,0.628248206370891,1399.74,Transformer,Obsolete,Recycle
A0378,ZoneX,2015,2021,63.51,1,0.4832984629234599,1069.93,Sensor,Degraded,Recycle
A0379,ZoneX,2001,2008,83.18,2,0.8847244471317033,1600.06,Sensor,Obsolete,Discard
A0380,SiteB,2023,2024,90.33,3,0.4501191553253917,421.91,Transformer,Degraded,Recycle
A0381,SiteA,2009,2017,133.17,0,0.7007839452363739,505.77,Transformer,Obsolete,Sell
A0382,ZoneY,2023,2025,84.96,4,0.5842648331587935,505.11,Meter,Degraded,Retain
A0383,SiteB,2018,2021,114.89,4,0.5209503618398167,1773.75,Meter,Degraded,Retain
A0384,ZoneX,2022,2025,97.68,3,0.8364770080909975,869.82,Transformer,Degraded,Recycle
A0385,SiteB,2011,2014,124.77,2,0.6834435047009869,1135.3,Sensor,Degraded,Recycle
A0386,SiteB,2008,2013,104.97,2,0.7885020133274585,936.35,Transformer,Obsolete,Sell
A0387,SiteA,2010,2015,156.5,3,0.9278870031489967,1049.13,Transformer,Obsolete,Sell
A0388,ZoneX,2018,2024,68.1,2,0.3435372803238833,1540.53,Transformer,Obsolete,Sell
A0389,ZoneY,2007,2015,96.79,4,0.7528521212556897,718.73,Transformer,Obsolete,Recycle
A0390,ZoneY,2002,2003,125.09,1,0.6068466215683073,1485.95,Transformer,Obsolete,Recycle
A0391,SiteA,2013,2016,103.39,3,0.6247289505189683,973.41,Transformer,Degraded,Recycle
A0392,ZoneY,2016,2021,104.33,1,0.784070948495094,1258.38,Sensor,Active,Retain
A0393,ZoneY,2019,2025,68.01,2,0.5265340538093072,226.3,Meter,Degraded,Recycle
A0394,SiteB,2012,2020,52.33,3,0.4603449829215348,1653.89,Transformer,Degraded,Recycle
A0395,SiteA,2011,2012,114.74,1,0.2299204821448037,775.54,Meter,Obsolete,Recycle
A0396,SiteB,2005,2013,88.22,2,0.1613267337182175,1646.76,Transformer,Obsolete,Recycle
A0397,SiteB,2022,2025,105.96,6,0.7305343821222635,572.27,Sensor,Obsolete,Sell
A0398,SiteB,2022,2025,70.17,2,0.4222077733151382,1661.74,Transformer,Degraded,Recycle
A0399,SiteA,2020,2025,93.27,4,0.3935101325781474,1075.11,Transformer,Obsolete,Recycle
A0400,ZoneY,2014,2021,89.22,6,0.8603321612208341,616.3,Transformer,Obsolete,Sell
A0401,SiteB,2004,2006,95.44,1,0.3453396373485348,1898.43,Transformer,Obsolete,Discard
A0402,SiteA,2003,2005,95.74,4,0.5749395866200394,1491.44,Transformer,Obsolete,Recycle
A0403,SiteA,2005,2010,102.19,1,0.4293013708528103,1240.09,Meter,Obsolete,Sell
A0404,ZoneX,2005,2005,138.26,4,0.3253715861777653,402.66,Sensor,Obsolete,Discard
A0405,ZoneX,2014,2015,90.55,2,0.7191066805964412,1333.33,Transformer,Degraded,Retain
A0406,SiteA,2011,2019,97.34,1,0.5988522027839983,259.88,Sensor,Degraded,Retain
A0407,SiteB,2011,2019,89.05,2,0.6529644038629578,959.95,Transformer,Degraded,Recycle
A0408,SiteA,2015,2019,112.94,1,0.6130942854969459,760.83,Meter,Degraded,Retain
A0409,SiteB,2007,2015,116.26,3,0.7274450894687855,1847.0,Meter,Obsolete,Discard
A0410,SiteB,2017,2022,78.56,1,0.6161407454779436,1122.31,Meter,Degraded,Recycle
A0411,ZoneX,2015,2016,122.21,2,0.7787809064721806,618.75,Sensor,Degraded,Retain
A0412,ZoneX,2000,2001,137.59,4,0.3597431759845911,1976.41,Transformer,Obsolete,Sell
A0413,SiteA,2009,2016,99.33,5,0.6658161371964669,419.38,Sensor,Obsolete,Sell
A0414,ZoneY,2003,2008,130.05,0,0.5656409920769734,536.82,Sensor,Obsolete,Recycle
A0415,SiteA,2018,2025,77.21,2,0.0965954956816937,308.41,Sensor,Obsolete,Recycle
A0416,SiteB,2022,2025,127.27,4,0.3184876420970646,992.13,Meter,Obsolete,Discard
A0417,SiteA,2006,2011,94.94,0,0.7247471335185436,1675.32,Sensor,Obsolete,Discard
A0418,ZoneY,2018,2024,101.61,7,0.4584512133386072,1394.05,Sensor,Obsolete,Sell
A0419,ZoneX,2012,2016,130.56,3,0.475511570349596,1470.72,Transformer,Degraded,Retain
A0420,ZoneX,2005,2006,88.0,5,0.4982463146695186,324.27,Transformer,Obsolete,Discard
A0421,ZoneX,2009,2009,125.85,7,0.5972363855726907,1879.32,Sensor,Obsolete,Sell
A0422,ZoneX,2018,2025,148.19,3,0.9681604470289544,942.26,Meter,Degraded,Retain
A0423,SiteB,2005,2014,115.41,1,0.1459183471921037,464.89,Transformer,Obsolete,Sell
A0424,ZoneY,2010,2017,53.8,4,0.2698412187306144,632.39,Sensor,Obsolete,Discard
A0425,SiteB,2012,2013,148.57,4,0.3483546473299298,809.88,Sensor,Obsolete,Discard
A0426,ZoneX,2002,2003,180.34,1,0.8217181401405523,356.8,Sensor,Obsolete,Discard
A0427,SiteB,2009,2018,99.87,4,0.6681760905082486,1661.25,Meter,Obsolete,Sell
A0428,ZoneX,2017,2019,134.53,7,0.2227577223303088,1548.13,Meter,Obsolete,Sell
A0429,SiteA,2018,2023,71.72,3,0.5669033431320981,588.86,Sensor,Degraded,Retain
A0430,ZoneX,2021,2024,29.05,5,0.5990059875540207,296.81,Meter,Degraded,Retain
A0431,SiteB,2013,2022,162.68,5,0.3733205299742509,1955.74,Transformer,Obsolete,Recycle
A0432,ZoneY,2016,2018,137.49,2,0.1757329313161887,1052.18,Sensor,Obsolete,Recycle
A0433,ZoneX,2017,2019,136.91,2,0.5188361473150077,497.9,Transformer,Degraded,Recycle
A0434,SiteB,2007,2013,89.89,1,0.426951994576629,1871.47,Transformer,Obsolete,Discard
A0435,ZoneX,2004,2006,115.06,3,0.6992630033510269,1625.4,Meter,Obsolete,Discard
A0436,ZoneX,2022,2024,79.15,4,0.4274459456978262,791.09,Transformer,Degraded,Retain
A0437,SiteB,2017,2025,81.22,4,0.7023189983859391,985.24,Sensor,Degraded,Retain
A0438,SiteB,2002,2007,122.6,1,0.8734917404668913,1705.55,Sensor,Obsolete,Discard
A0439,ZoneX,2007,2012,75.97,2,0.6886842588738786,1950.43,Transformer,Obsolete,Discard
A0440,SiteA,2018,2025,82.96,5,0.2251398414205707,1966.13,Transformer,Obsolete,Recycle
A0441,ZoneY,2023,2025,83.94,1,0.724273022263169,271.86,Sensor,Degraded,Recycle
A0442,SiteA,2003,2005,88.41,4,0.5319370827714033,1130.98,Sensor,Obsolete,Recycle
A0443,ZoneY,2008,2017,182.46,4,0.634727055052233,1843.04,Meter,Obsolete,Discard
A0444,ZoneX,2002,2006,68.09,2,0.3181038857846775,1450.85,Transformer,Obsolete,Discard
A0445,SiteB,2012,2016,150.13,3,0.5234518070299523,545.52,Transformer,Degraded,Retain
A0446,SiteB,2001,2004,71.47,3,0.7397995734831957,1053.48,Meter,Obsolete,Sell
A0447,SiteA,2007,2016,82.72,4,0.3391579448750491,1974.45,Transformer,Obsolete,Sell
A0448,SiteA,2020,2025,89.09,0,0.4943177153108382,1169.05,Transformer,Degraded,Recycle
A0449,SiteB,2013,2018,101.96,2,0.973104088180224,971.56,Sensor,Degraded,Recycle
A0450,SiteA,2019,2023,137.04,5,0.4865171913218626,1357.0,Sensor,Degraded,Retain
A0451,SiteB,2014,2021,67.32,2,0.5169055864655593,1176.63,Sensor,Degraded,Recycle
A0452,SiteA,2021,2025,134.38,4,0.3827300824804801,838.64,Sensor,Obsolete,Sell
A0453,ZoneY,2022,2025,43.3,3,0.128038410580273,1108.35,Sensor,Obsolete,Recycle
A0454,ZoneY,2003,2004,101.16,4,0.4529214816149691,1889.98,Sensor,Obsolete,Recycle
A0455,ZoneY,2016,2019,108.91,5,0.3629900177840516,1680.87,Meter,Obsolete,Recycle
A0456,ZoneY,2010,2014,102.14,4,0.7574340896228945,792.62,Meter,Obsolete,Discard
A0457,ZoneY,2004,2010,97.03,2,0.8236269716575509,270.85,Transformer,Obsolete,Discard
A0458,SiteA,2017,2025,129.47,0,0.6426287176160064,1211.48,Transformer,Degraded,Recycle
A0459,SiteB,2020,2025,95.2,5,0.5589734955219665,457.07,Meter,Degraded,Retain
A0460,ZoneY,2015,2016,109.74,5,0.5908791460205662,407.65,Transformer,Degraded,Retain
A0461,SiteB,2018,2019,94.54,5,0.4308893163919424,1447.24,Meter,Degraded,Recycle
A0462,ZoneY,2009,2009,112.56,3,0.5413365380291879,363.01,Transformer,Obsolete,Sell
A0463,SiteB,2017,2019,91.05,3,0.3867784182632958,1071.51,Transformer,Obsolete,Sell
A0464,ZoneX,2020,2022,44.74,2,0.6218040340967416,1940.54,Transformer,Degraded,Recycle
A0465,ZoneY,2015,2016,165.89,5,0.3461495499936694,1492.7,Transformer,Obsolete,Sell
A0466,ZoneY,2014,2021,77.49,5,0.2571701706225595,768.14,Transformer,Obsolete,Recycle
A0467,ZoneY,2005,2014,84.29,2,0.4200187798583426,1970.01,Transformer,Obsolete,Sell
A0468,ZoneX,2013,2016,89.38,1,0.4189453981752306,951.3,Transformer,Degraded,Recycle
A0469,SiteA,2022,2024,73.07,3,0.1941730058342072,361.22,Sensor,Obsolete,Discard
A0470,SiteB,2016,2023,77.64,3,0.4884170137776929,770.43,Meter,Degraded,Retain
A0471,ZoneY,2018,2025,121.96,6,0.596298710599207,792.88,Transformer,Obsolete,Sell
A0472,SiteB,2021,2025,67.05,5,0.2874157570664274,914.22,Transformer,Obsolete,Recycle
A0473,SiteB,2000,2005,174.97,3,0.624228328098822,1133.75,Meter,Obsolete,Discard
A0474,ZoneY,2001,2008,98.57,2,0.4242489294289129,736.32,Meter,Obsolete,Discard
A0475,ZoneY,2011,2016,80.77,3,0.3662286927797821,1239.24,Meter,Obsolete,Recycle
A0476,ZoneY,2006,2009,124.24,2,0.8171246962054916,977.62,Transformer,Obsolete,Recycle
A0477,ZoneX,2007,2008,99.77,1,0.1366489562612206,680.86,Sensor,Obsolete,Discard
A0478,ZoneX,2008,2012,126.66,2,0.6456394798483379,1897.37,Meter,Obsolete,Recycle
A0479,SiteA,2000,2001,81.5,6,0.8338128412283864,1377.6,Transformer,Obsolete,Discard
A0480,ZoneY,2005,2010,132.4,4,0.8063020130147356,1968.47,Sensor,Obsolete,Sell
A0481,SiteA,2012,2020,110.46,3,0.6620001292504966,1034.52,Meter,Degraded,Recycle
A0482,SiteB,2012,2017,106.01,2,0.6732524535634614,1428.52,Meter,Degraded,Retain
A0483,SiteB,2009,2018,33.45,3,0.4149582540667068,1803.5,Transformer,Obsolete,Recycle
A0484,SiteA,2012,2019,99.86,4,0.7120213848572426,801.02,Meter,Degraded,Retain
A0485,SiteB,2010,2017,39.41,3,0.2755731661607841,364.44,Transformer,Obsolete,Recycle
A0486,ZoneY,2011,2020,124.88,4,0.8212110973548669,1996.97,Sensor,Degraded,Retain
A0487,ZoneX,2016,2024,101.93,3,0.4023298913520053,1415.42,Transformer,Degraded,Recycle
A0488,SiteA,2004,2010,66.42,4,0.8693704772640898,780.18,Transformer,Obsolete,Recycle
A0489,ZoneX,2017,2021,64.55,3,0.5318545286253598,765.49,Sensor,Degraded,Recycle
A0490,SiteA,2005,2005,118.93,3,0.2667535650567761,1811.14,Sensor,Obsolete,Sell
A0491,ZoneY,2020,2025,77.05,5,0.2756749000158341,554.0,Meter,Obsolete,Sell
A0492,SiteB,2014,2015,98.52,3,0.6219523928360063,454.49,Meter,Degraded,Retain
A0493,ZoneY,2018,2023,72.62,4,0.4694426494729083,612.91,Transformer,Degraded,Retain
A0494,ZoneX,2004,2007,131.02,1,0.6976710943268314,1984.92,Transformer,Obsolete,Discard
A0495,SiteB,2017,2021,128.36,1,0.8177043492280877,1796.68,Sensor,Active,Retain
A0496,ZoneX,2020,2021,106.5,4,0.3731887501444984,321.11,Meter,Obsolete,Discard
A0497,ZoneX,2021,2025,117.53,1,0.6299764989126201,1425.01,Transformer,Degraded,Recycle
A0498,SiteB,2000,2003,69.83,4,0.6780753415136751,677.31,Transformer,Obsolete,Recycle
A0499,SiteA,2008,2008,143.56,3,0.5597241438540111,880.97,Transformer,Obsolete,Recycle
A0500,SiteA,2012,2020,85.04,4,0.4655213660108894,1245.38,Sensor,Degraded,Recycle
A0501,SiteB,2003,2004,75.93,1,0.2770819301349215,1248.03,Transformer,Obsolete,Sell
A0502,ZoneX,2014,2016,149.54,7,0.5452531566956946,368.41,Transformer,Obsolete,Sell
A0503,ZoneX,2004,2009,88.3,2,0.0814890512100904,234.38,Meter,Obsolete,Recycle
A0504,ZoneY,2002,2004,137.29,0,0.5727178583939544,213.43,Meter,Obsolete,Discard
A0505,ZoneY,2018,2024,81.12,4,0.7226121925700519,1275.74,Meter,Degraded,Retain
A0506,SiteA,2019,2019,96.92,1,0.4180395928937792,1113.3,Sensor,Degraded,Retain
A0507,SiteB,2014,2014,88.03,2,0.238238862740915,591.9,Transformer,Obsolete,Sell
A0508,ZoneY,2008,2017,144.0,6,0.3786039565564043,1600.37,Transformer,Obsolete,Sell
A0509,ZoneY,2001,2009,90.3,4,0.5214072048440762,397.07,Sensor,Obsolete,Discard
A0510,SiteB,2006,2012,128.73,4,0.3504464779520578,932.42,Meter,Obsolete,Recycle
A0511,SiteA,2008,2015,144.13,2,0.6903138327531461,1782.91,Transformer,Obsolete,Sell
A0512,ZoneY,2018,2020,85.51,1,0.5686285352902957,1622.15,Meter,Degraded,Recycle
A0513,ZoneX,2021,2025,123.66,2,0.5369578431511017,345.21,Sensor,Degraded,Retain
A0514,SiteA,2017,2017,65.85,4,0.7054764873381018,1914.07,Meter,Degraded,Retain
A0515,ZoneX,2005,2007,40.69,5,0.6563734281849182,1915.97,Sensor,Obsolete,Discard
A0516,ZoneX,2002,2006,83.37,2,0.2278455492221556,468.89,Meter,Obsolete,Recycle
A0517,ZoneX,2003,2003,133.95,2,0.4355757400213331,256.42,Sensor,Obsolete,Sell
A0518,SiteB,2011,2016,144.01,5,0.4963218556674976,1735.91,Meter,Degraded,Retain
A0519,SiteB,2003,2009,96.17,1,0.4355670539987953,1454.16,Sensor,Obsolete,Discard
A0520,ZoneY,2021,2021,103.3,4,0.3757760201063724,489.55,Transformer,Obsolete,Sell
A0521,ZoneX,2000,2001,134.63,1,0.9185691376192168,1152.68,Sensor,Obsolete,Discard
A0522,ZoneY,2004,2006,87.79,4,0.6042833158541491,1961.0,Meter,Obsolete,Discard
A0523,ZoneX,2006,2013,171.75,2,0.1549286139451675,1179.4,Sensor,Obsolete,Sell
A0524,SiteB,2008,2015,92.88,3,0.2558216323498252,1395.26,Sensor,Obsolete,Discard
A0525,ZoneY,2016,2021,72.27,4,0.355771036701186,1500.83,Transformer,Obsolete,Sell
A0526,ZoneX,2022,2025,81.94,2,0.2854886775337331,778.76,Transformer,Obsolete,Sell
A0527,ZoneY,2019,2022,70.11,5,0.3967814223457544,1999.03,Meter,Obsolete,Recycle
A0528,ZoneX,2010,2010,101.52,1,0.5196785868891858,339.47,Meter,Obsolete,Discard
A0529,ZoneX,2010,2011,80.39,3,0.3283925078730879,1532.68,Meter,Obsolete,Recycle
A0530,ZoneY,2021,2025,89.55,0,0.7376792745715065,1109.64,Transformer,Degraded,Recycle
A0531,ZoneY,2008,2014,115.43,4,0.5389597865360325,568.5,Transformer,Obsolete,Discard
A0532,ZoneY,2004,2006,104.41,1,0.122106743000517,555.84,Transformer,Obsolete,Recycle
A0533,ZoneX,2014,2015,134.13,3,0.3018578561868693,361.68,Transformer,Obsolete,Recycle
A0534,SiteB,2006,2007,101.61,4,0.5418371787096735,638.35,Transformer,Obsolete,Discard
A0535,SiteA,2018,2021,109.93,3,0.3496122199268077,542.69,Sensor,Obsolete,Discard
A0536,SiteA,2003,2009,108.04,3,0.3093387873532663,881.67,Meter,Obsolete,Recycle
A0537,ZoneY,2023,2025,125.7,2,0.8804447380668544,1512.58,Meter,Active,Retain
A0538,SiteB,2001,2009,117.62,3,0.7941851531197921,920.59,Transformer,Obsolete,Recycle
A0539,ZoneX,2006,2008,69.78,0,0.4401888292058295,1051.38,Transformer,Obsolete,Recycle
A0540,ZoneX,2011,2016,100.09,2,0.5996144123382021,1188.94,Transformer,Degraded,Retain
A0541,SiteA,2006,2007,93.83,8,0.8091506568936524,1163.84,Meter,Obsolete,Sell
A0542,SiteB,2017,2025,65.97,5,0.6711893555001451,996.78,Sensor,Degraded,Recycle
A0543,SiteB,2000,2002,133.58,3,0.948921867891512,1143.66,Transformer,Obsolete,Discard
A0544,SiteA,2011,2014,72.53,2,0.6424921985437214,847.99,Meter,Degraded,Recycle
A0545,ZoneX,2012,2015,83.16,1,0.8946149788869457,1490.93,Transformer,Degraded,Recycle
A0546,ZoneX,2015,2020,83.83,1,0.135300704343219,389.4,Sensor,Obsolete,Sell
A0547,ZoneY,2012,2015,106.87,3,0.6262415038330621,267.55,Transformer,Degraded,Recycle
A0548,SiteA,2010,2016,91.37,4,0.7123253401767443,662.45,Transformer,Obsolete,Recycle
A0549,ZoneY,2006,2013,126.89,6,0.3886728030770872,643.98,Sensor,Obsolete,Recycle
A0550,SiteA,2001,2007,101.88,5,0.7784427429193541,1728.28,Transformer,Obsolete,Discard
A0551,SiteB,2012,2019,66.61,4,0.3124997286539191,1893.24,Transformer,Obsolete,Recycle
A0552,ZoneX,2002,2011,81.56,1,0.3286949234292624,1635.21,Sensor,Obsolete,Discard
A0553,ZoneX,2003,2008,111.33,2,0.5763901812366439,1498.61,Transformer,Obsolete,Recycle
A0554,ZoneX,2000,2009,126.69,5,0.7376807642592685,1501.11,Sensor,Obsolete,Recycle
A0555,ZoneX,2004,2006,87.99,4,0.1437408396777185,1498.2,Sensor,Obsolete,Sell
A0556,SiteB,2018,2023,99.37,8,0.2149644574647465,1184.71,Meter,Obsolete,Sell
A0557,ZoneY,2007,2008,119.7,5,0.7633977364047965,1706.11,Meter,Obsolete,Sell
A0558,SiteB,2021,2021,83.54,1,0.1894697213037364,1804.37,Transformer,Obsolete,Recycle
A0559,ZoneY,2003,2009,80.49,1,0.5806262860836469,1429.72,Transformer,Obsolete,Recycle
A0560,ZoneX,2018,2024,102.93,2,0.5962584145192625,1526.99,Sensor,Degraded,Retain
A0561,ZoneX,2015,2018,118.96,1,0.2251813823567811,1822.94,Sensor,Obsolete,Discard
A0562,ZoneY,2012,2019,87.78,4,0.5805035201520706,1206.12,Transformer,Degraded,Retain
A0563,SiteB,2007,2013,65.56,4,0.5217417008658234,1294.15,Transformer,Obsolete,Recycle
A0564,ZoneX,2019,2020,89.28,2,0.3213285112285578,1211.8,Meter,Obsolete,Sell
A0565,ZoneY,2013,2016,62.28,3,0.4630130484509742,1842.68,Transformer,Degraded,Recycle
A0566,ZoneX,2005,2010,124.08,2,0.3762616861115407,1017.13,Transformer,Obsolete,Discard
A0567,SiteA,2002,2009,127.28,3,0.7487704783554976,1900.03,Transformer,Obsolete,Sell
A0568,SiteB,2021,2025,127.22,2,0.6147576376661151,1575.37,Meter,Degraded,Retain
A0569,SiteA,2010,2014,74.67,3,0.8075180667530731,1654.1,Transformer,Obsolete,Discard
A0570,ZoneX,2006,2015,87.72,4,0.9198055015755706,1419.83,Meter,Obsolete,Recycle
A0571,ZoneX,2009,2011,119.44,2,0.1469033524170825,1806.03,Meter,Obsolete,Sell
A0572,SiteA,2023,2024,71.03,2,0.4721897174514846,995.34,Sensor,Degraded,Retain
A0573,ZoneY,2008,2009,77.84,3,0.3542274459176595,1363.46,Sensor,Obsolete,Recycle
A0574,ZoneX,2013,2016,59.92,3,0.439372477695873,870.78,Meter,Degraded,Retain
A0575,SiteA,2023,2025,67.21,2,0.5680126658141939,1391.35,Meter,Degraded,Recycle
A0576,ZoneY,2000,2007,53.38,1,0.794983064722073,1637.27,Meter,Obsolete,Sell
A0577,SiteA,2013,2016,57.9,3,0.8047299929412353,947.19,Transformer,Degraded,Retain
A0578,ZoneY,2015,2017,69.65,5,0.4507177174464482,207.39,Sensor,Degraded,Recycle
A0579,SiteA,2019,2025,104.71,2,0.2385386327509634,457.12,Sensor,Obsolete,Recycle
A0580,ZoneX,2001,2010,105.26,4,0.6794852917838224,747.75,Sensor,Obsolete,Discard
A0581,ZoneX,2000,2006,79.08,2,0.3598547514802184,316.1,Transformer,Obsolete,Discard
A0582,SiteA,2014,2015,89.58,3,0.4639740897672811,1980.7,Meter,Degraded,Recycle
A0583,ZoneX,2016,2025,73.05,2,0.1187105512436794,1894.19,Transformer,Obsolete,Recycle
A0584,ZoneX,2007,2007,138.25,2,0.6638697595268734,302.78,Transformer,Obsolete,Discard
A0585,ZoneY,2011,2020,91.22,7,0.5766664138644172,1163.85,Transformer,Obsolete,Discard
A0586,SiteA,2019,2025,112.95,5,0.5131147735561756,1876.78,Transformer,Degraded,Retain
A0587,ZoneX,2012,2016,67.8,3,0.6996478761168539,1264.43,Sensor,Degraded,Recycle
A0588,ZoneY,2006,2007,60.08,1,0.0382645260473229,1837.26,Meter,Obsolete,Recycle
A0589,ZoneY,2019,2025,55.71,3,0.0958234196218843,1240.53,Meter,Obsolete,Discard
A0590,SiteB,2000,2002,148.54,2,0.408272264887509,253.62,Transformer,Obsolete,Sell
A0591,ZoneY,2007,2007,59.91,2,0.6482260877687132,1029.05,Meter,Obsolete,Sell
A0592,ZoneX,2021,2023,137.78,2,0.4570694182942437,1425.02,Sensor,Degraded,Retain
A0593,ZoneX,2015,2022,142.27,0,0.1415481744129637,1643.45,Transformer,Obsolete,Recycle
A0594,ZoneX,2019,2021,123.7,1,0.7231366048239232,1410.19,Sensor,Degraded,Recycle
A0595,SiteB,2018,2025,145.7,3,0.6897927515304578,1499.57,Meter,Degraded,Retain
A0596,SiteB,2010,2019,81.14,3,0.4468107747591796,1661.54,Transformer,Obsolete,Sell
A0597,SiteB,2005,2005,147.62,1,0.5422617882963175,1479.61,Meter,Obsolete,Sell
A0598,SiteA,2011,2012,109.57,1,0.698226879701713,875.18,Meter,Degraded,Recycle
A0599,SiteA,2015,2015,153.82,4,0.8861466181963463,1283.04,Transformer,Degraded,Recycle
A0600,SiteA,2003,2008,129.41,1,0.7478283365984059,1115.65,Sensor,Obsolete,Recycle
A0601,ZoneY,2019,2019,89.25,5,0.482652133091458,1400.67,Meter,Degraded,Recycle
A0602,ZoneY,2021,2023,126.31,3,0.8790462219755235,382.3,Sensor,Degraded,Retain
A0603,SiteA,2010,2013,65.18,1,0.788095183356042,265.57,Sensor,Obsolete,Discard
A0604,ZoneY,2011,2013,92.91,5,0.4299312832908359,1754.17,Sensor,Degraded,Retain
A0605,ZoneY,2011,2012,59.8,3,0.4881567012590487,1631.52,Meter,Degraded,Recycle
A0606,ZoneX,2017,2017,84.55,5,0.5914404111089681,1839.48,Transformer,Degraded,Recycle
A0607,ZoneY,2006,2015,84.93,3,0.1438259196748552,235.0,Sensor,Obsolete,Discard
A0608,ZoneX,2015,2019,124.15,3,0.6840707405869729,978.98,Meter,Degraded,Retain
A0609,ZoneY,2013,2014,135.58,1,0.6975213531214255,842.1,Meter,Degraded,Retain
A0610,ZoneY,2004,2008,115.05,1,0.6280428770864909,1926.24,Sensor,Obsolete,Discard
A0611,SiteA,2001,2010,82.25,5,0.4738694211705713,759.87,Sensor,Obsolete,Sell
A0612,SiteB,2001,2009,114.44,0,0.3074792527777434,1611.7,Transformer,Obsolete,Recycle
A0613,SiteA,2011,2013,84.67,1,0.0405429764504771,1408.35,Sensor,Obsolete,Discard
A0614,SiteA,2017,2023,105.21,1,0.4212735842131226,283.53,Transformer,Degraded,Retain
A0615,ZoneY,2006,2014,128.6,3,0.5063828996075777,1031.25,Sensor,Obsolete,Sell
A0616,ZoneY,2007,2010,83.21,2,0.3174327512714932,1323.55,Sensor,Obsolete,Sell
A0617,SiteA,2013,2018,75.51,5,0.7587227798087515,784.47,Sensor,Degraded,Recycle
A0618,SiteB,2010,2013,161.75,5,0.9481485881092055,1075.53,Sensor,Obsolete,Recycle
A0619,ZoneX,2009,2014,121.44,3,0.468572224248077,348.93,Meter,Obsolete,Recycle
A0620,SiteB,2004,2004,140.63,2,0.3905458460087304,507.38,Sensor,Obsolete,Recycle
A0621,SiteB,2022,2025,111.79,1,0.5841431615538238,989.63,Meter,Degraded,Retain
A0622,SiteA,2012,2021,91.99,5,0.5382494671789514,809.4,Transformer,Degraded,Retain
A0623,ZoneY,2013,2021,129.21,4,0.4069546108932438,1662.34,Sensor,Degraded,Recycle
A0624,ZoneX,2006,2014,111.94,4,0.188458728496017,1405.92,Transformer,Obsolete,Sell
A0625,SiteA,2021,2025,86.56,4,0.1379732584539676,370.2,Sensor,Obsolete,Discard
A0626,ZoneX,2014,2014,94.29,2,0.6869605936763585,1909.69,Transformer,Degraded,Recycle
A0627,SiteB,2007,2014,114.71,1,0.6386439183890421,1350.9,Meter,Obsolete,Recycle
A0628,SiteB,2007,2014,63.01,3,0.5188626815681572,924.31,Sensor,Obsolete,Recycle
A0629,SiteA,2002,2006,100.88,2,0.572912394288529,1908.05,Transformer,Obsolete,Sell
A0630,SiteA,2019,2024,90.43,3,0.4717529098097686,376.14,Sensor,Degraded,Retain
A0631,ZoneY,2016,2024,100.88,3,0.1126003622466364,1202.03,Transformer,Obsolete,Sell
A0632,ZoneY,2000,2000,131.26,0,0.6481764963240274,1470.78,Transformer,Obsolete,Recycle
A0633,ZoneX,2010,2017,125.67,3,0.418511996455398,1134.49,Transformer,Obsolete,Recycle
A0634,ZoneY,2009,2016,101.09,2,0.6803759698605654,360.6,Meter,Obsolete,Sell
A0635,ZoneX,2013,2018,155.03,1,0.717712206784674,244.46,Meter,Degraded,Retain
A0636,SiteB,2002,2006,49.77,1,0.4396831248144608,1443.11,Meter,Obsolete,Recycle
A0637,SiteB,2012,2018,114.13,3,0.0036647026776742,1129.04,Meter,Obsolete,Discard
A0638,SiteA,2003,2005,74.56,3,0.6389830963943994,902.68,Meter,Obsolete,Recycle
A0639,ZoneY,2001,2005,105.35,2,0.4526130434401474,976.99,Sensor,Obsolete,Recycle
A0640,SiteA,2021,2021,120.93,2,0.4405456888995107,441.56,Meter,Degraded,Retain
A0641,ZoneY,2009,2009,138.13,3,0.6883513092404658,1768.4,Sensor,Obsolete,Sell
A0642,SiteB,2009,2015,86.58,3,0.7426653648691555,1371.42,Meter,Obsolete,Discard
A0643,ZoneY,2011,2016,54.39,3,0.5746668691955582,452.3,Sensor,Degraded,Recycle
A0644,ZoneY,2012,2020,95.44,1,0.6905331059960227,1930.55,Sensor,Degraded,Recycle
A0645,ZoneX,2002,2004,112.87,1,0.6209692051584226,1914.81,Meter,Obsolete,Recycle
A0646,SiteB,2002,2005,175.22,4,0.1656918433041811,534.68,Sensor,Obsolete,Recycle
A0647,SiteA,2017,2021,116.95,5,0.3458767349856108,1875.96,Sensor,Obsolete,Recycle
A0648,SiteB,2007,2009,138.15,4,0.743384832914058,1086.24,Meter,Obsolete,Discard
A0649,SiteB,2003,2007,81.97,2,0.6649658647706674,284.03,Sensor,Obsolete,Discard
A0650,ZoneX,2016,2024,100.76,5,0.864528835137125,1114.22,Transformer,Degraded,Retain
A0651,SiteA,2001,2006,137.72,0,0.8130670349123256,815.64,Sensor,Obsolete,Discard
A0652,SiteA,2020,2025,71.18,1,0.5555037733614451,1543.36,Sensor,Degraded,Recycle
A0653,SiteB,2021,2024,149.6,4,0.3106536156440671,1515.22,Transformer,Obsolete,Recycle
A0654,ZoneY,2016,2016,111.79,1,0.4575611509176295,1982.4,Sensor,Degraded,Retain
A0655,SiteB,2018,2025,128.16,3,0.1853118192893573,580.17,Transformer,Obsolete,Sell
A0656,ZoneX,2019,2023,64.89,3,0.1712222039307989,988.46,Transformer,Obsolete,Discard
A0657,SiteA,2018,2025,81.07,4,0.5153211236862155,1149.18,Sensor,Degraded,Retain
A0658,ZoneY,2021,2023,71.41,4,0.6343531937692896,840.39,Sensor,Degraded,Recycle
A0659,ZoneY,2019,2023,115.07,2,0.2041857827315565,1404.89,Meter,Obsolete,Discard
A0660,ZoneX,2009,2017,124.52,1,0.6121513455471933,699.37,Transformer,Obsolete,Recycle
A0661,ZoneX,2015,2019,122.52,5,0.562169749382677,1068.36,Transformer,Degraded,Recycle
A0662,ZoneY,2020,2025,121.67,1,0.5968339546163989,454.74,Transformer,Degraded,Recycle
A0663,ZoneY,2018,2020,119.88,4,0.3974075713241907,288.49,Meter,Obsolete,Recycle
A0664,ZoneX,2012,2015,138.41,1,0.4315164568246754,986.91,Sensor,Degraded,Retain
A0665,ZoneY,2000,2005,81.28,2,0.5464544365358728,397.35,Sensor,Obsolete,Sell
A0666,ZoneY,2001,2002,81.93,1,0.6449409467590044,454.03,Meter,Obsolete,Discard
A0667,SiteA,2008,2015,52.95,5,0.2229101485950964,879.3,Meter,Obsolete,Sell
A0668,ZoneX,2008,2009,90.09,2,0.2350027948418473,965.64,Sensor,Obsolete,Discard
A0669,SiteA,2006,2006,156.37,3,0.5057359973701347,1968.64,Transformer,Obsolete,Discard
A0670,ZoneX,2011,2012,103.64,2,0.2443533666899022,783.99,Transformer,Obsolete,Sell
A0671,ZoneX,2001,2010,122.56,5,0.5481122667221315,1734.37,Meter,Obsolete,Discard
A0672,ZoneY,2001,2005,68.86,3,0.5641269738109496,496.15,Sensor,Obsolete,Discard
A0673,SiteB,2008,2014,78.48,3,0.461536759950556,1128.7,Sensor,Obsolete,Sell
A0674,SiteA,2020,2021,72.46,5,0.1988567353772765,804.7,Sensor,Obsolete,Recycle
A0675,SiteA,2008,2016,55.68,2,0.3341977113731265,1709.39,Sensor,Obsolete,Discard
A0676,SiteA,2009,2017,118.43,2,0.7294176900307259,1089.22,Sensor,Obsolete,Recycle
A0677,ZoneY,2008,2014,61.66,3,0.4916320337917917,721.79,Transformer,Obsolete,Discard
A0678,ZoneY,2012,2021,110.11,0,0.8685044265077951,1710.57,Transformer,Degraded,Recycle
A0679,SiteA,2014,2020,58.88,6,0.964255323435996,1680.77,Transformer,Obsolete,Recycle
A0680,SiteB,2023,2024,73.19,3,0.1196992229947247,663.85,Meter,Obsolete,Discard
A0681,ZoneX,2022,2025,123.7,4,0.524597239152215,357.64,Sensor,Degraded,Recycle
A0682,SiteA,2001,2008,130.59,0,0.032450112912357,404.77,Sensor,Obsolete,Recycle
A0683,SiteB,2006,2009,66.44,1,0.4968011008305139,1331.38,Sensor,Obsolete,Discard
A0684,ZoneX,2000,2007,111.79,3,0.1313229074901267,1055.65,Sensor,Obsolete,Recycle
A0685,ZoneY,2012,2018,109.06,3,0.1179669912688829,1447.94,Transformer,Obsolete,Recycle
A0686,ZoneX,2010,2015,102.2,3,0.79233454344082,1276.95,Sensor,Obsolete,Sell
A0687,SiteB,2003,2007,88.41,0,0.3961297524317076,351.9,Transformer,Obsolete,Recycle
A0688,SiteA,2021,2025,63.72,5,0.5747302963382651,1611.11,Meter,Degraded,Retain
A0689,SiteA,2000,2002,56.32,2,0.554344066143714,1930.01,Meter,Obsolete,Sell
A0690,SiteB,2002,2004,93.35,3,0.1836182428749389,1561.77,Meter,Obsolete,Discard
A0691,ZoneX,2020,2021,123.34,1,0.2761197052912325,1418.73,Meter,Obsolete,Recycle
A0692,ZoneY,2010,2016,128.36,2,0.2343151338689245,1541.26,Sensor,Obsolete,Recycle
A0693,SiteA,2023,2024,47.65,4,0.1523487089307293,378.14,Transformer,Obsolete,Sell
A0694,ZoneX,2005,2006,124.27,1,0.3296544414781733,688.5,Meter,Obsolete,Recycle
A0695,SiteA,2016,2016,86.57,2,0.5558969003140422,622.07,Sensor,Degraded,Recycle
A0696,ZoneX,2015,2023,125.69,2,0.3065059697300166,633.58,Sensor,Obsolete,Sell
A0697,SiteA,2015,2016,83.47,1,0.4269675312991595,1159.18,Transformer,Degraded,Recycle
A0698,SiteA,2005,2014,40.62,1,0.2935083539831855,1513.42,Transformer,Obsolete,Sell
A0699,SiteB,2013,2022,138.23,2,0.8486168835429381,1844.2,Meter,Degraded,Recycle
A0700,ZoneX,2021,2025,92.31,4,0.4795380322864689,1536.16,Transformer,Degraded,Retain
A0701,ZoneX,2009,2013,113.16,3,0.1070745009748551,1688.25,Meter,Obsolete,Sell
A0702,ZoneX,2022,2025,44.99,2,0.4187908337778093,1947.63,Transformer,Degraded,Recycle
A0703,SiteB,2003,2007,78.82,2,0.5880391257342915,947.89,Meter,Obsolete,Sell
A0704,ZoneX,2001,2003,101.73,2,0.6896551215009791,554.17,Meter,Obsolete,Discard
A0705,SiteA,2001,2008,79.68,3,0.3472162766584455,1499.56,Meter,Obsolete,Discard
A0706,ZoneX,2023,2023,55.55,1,0.1611920207199228,1075.5,Sensor,Obsolete,Discard
A0707,ZoneX,2016,2022,85.01,4,0.6221236979728247,568.49,Transformer,Degraded,Retain
A0708,ZoneY,2014,2023,112.32,1,0.2667829474106125,1220.62,Sensor,Obsolete,Sell
A0709,SiteA,2014,2019,144.78,0,0.7915761982016047,1041.66,Transformer,Degraded,Retain
A0710,SiteA,2015,2021,90.2,1,0.4068941572639088,764.06,Sensor,Degraded,Retain
A0711,SiteB,2015,2019,28.58,3,0.3182198576904667,426.44,Sensor,Obsolete,Recycle
A0712,ZoneY,2014,2019,108.4,1,0.0849003695993645,288.47,Sensor,Obsolete,Sell
A0713,SiteA,2020,2022,93.41,2,0.2727667004162524,1263.57,Transformer,Obsolete,Sell
A0714,SiteA,2019,2021,61.94,5,0.9069236810860608,1452.86,Sensor,Degraded,Recycle
A0715,SiteB,2019,2024,142.74,3,0.2248832661684851,1295.84,Meter,Obsolete,Recycle
A0716,SiteB,2023,2024,88.94,3,0.5505204141018458,327.65,Meter,Degraded,Retain
A0717,SiteB,2020,2024,100.33,6,0.9950940674928156,1255.17,Meter,Obsolete,Discard
A0718,SiteA,2008,2013,84.5,3,0.6497971874940716,1760.49,Meter,Obsolete,Recycle
A0719,SiteA,2014,2023,147.0,3,0.7546804210119159,426.69,Transformer,Degraded,Retain
A0720,SiteA,2009,2013,96.76,7,0.5834681524700382,523.64,Sensor,Obsolete,Recycle
A0721,ZoneX,2004,2010,115.49,0,0.5400276003537856,1932.15,Transformer,Obsolete,Discard
A0722,ZoneY,2007,2010,104.76,2,0.7340594892751142,1016.07,Sensor,Obsolete,Discard
A0723,ZoneX,2019,2023,107.35,5,0.8052484439951167,1043.87,Meter,Degraded,Recycle
A0724,SiteA,2012,2013,84.87,3,0.4641325047019696,1955.95,Transformer,Degraded,Recycle
A0725,ZoneX,2013,2021,119.56,5,0.6641039170696865,1652.98,Transformer,Degraded,Retain
A0726,SiteB,2014,2018,123.02,3,0.4879443302036512,1007.27,Sensor,Degraded,Recycle
A0727,ZoneX,2017,2019,51.33,6,0.1816330387220361,1834.17,Sensor,Obsolete,Recycle
A0728,ZoneY,2012,2017,88.2,2,0.280867112786022,1752.38,Transformer,Obsolete,Discard
A0729,ZoneY,2018,2025,60.64,2,0.4529058829756377,295.48,Meter,Degraded,Recycle
A0730,SiteB,2002,2010,116.88,3,0.1513538548589859,1852.42,Sensor,Obsolete,Discard
A0731,ZoneX,2014,2021,123.82,2,0.4229556863703935,686.69,Transformer,Degraded,Recycle
A0732,SiteB,2022,2025,113.24,1,0.3658400160488832,1607.51,Transformer,Obsolete,Discard
A0733,SiteA,2018,2024,135.29,1,0.5438091718364808,1578.37,Sensor,Degraded,Retain
A0734,ZoneX,2008,2014,102.69,4,0.3375226726697489,1443.54,Sensor,Obsolete,Discard
A0735,ZoneX,2013,2018,92.87,4,0.3862043256045711,963.9,Meter,Obsolete,Recycle
A0736,ZoneY,2003,2007,95.59,2,0.2728771933406498,1943.55,Sensor,Obsolete,Recycle
A0737,ZoneX,2010,2014,56.7,2,0.0797200048022494,1746.8,Meter,Obsolete,Recycle
A0738,ZoneX,2022,2025,115.9,4,0.6879404514619103,1423.19,Sensor,Degraded,Retain
A0739,SiteB,2004,2013,142.17,5,0.8910841590803585,897.98,Meter,Obsolete,Sell
A0740,ZoneY,2001,2004,88.21,3,0.8809766233167401,485.55,Transformer,Obsolete,Sell
A0741,SiteB,2023,2025,92.06,6,0.42427737840601,1177.11,Transformer,Obsolete,Sell
A0742,SiteA,2007,2011,94.14,1,0.7465371241093733,1077.89,Sensor,Obsolete,Sell
A0743,SiteB,2019,2024,67.09,5,0.6385838882384318,236.72,Sensor,Degraded,Retain
A0744,ZoneX,2001,2002,59.92,3,0.192678977728961,1961.2,Sensor,Obsolete,Recycle
A0745,ZoneY,2005,2007,116.13,5,0.960885545897212,364.05,Meter,Obsolete,Sell
A0746,ZoneY,2007,2016,150.19,1,0.2691279839896676,1008.04,Transformer,Obsolete,Discard
A0747,SiteA,2018,2021,85.93,3,0.1714418540425554,519.47,Meter,Obsolete,Discard
A0748,ZoneY,2004,2010,155.02,0,0.7574460195047952,1099.47,Sensor,Obsolete,Sell
A0749,ZoneX,2013,2015,108.8,1,0.7055340283264543,1253.87,Transformer,Degraded,Retain
A0750,SiteA,2002,2005,64.7,4,0.4088896603096536,1027.09,Sensor,Obsolete,Discard
A0751,SiteB,2008,2016,84.59,2,0.7889118717429815,1650.75,Sensor,Obsolete,Recycle
A0752,ZoneY,2017,2018,100.17,7,0.8095099100476262,1758.31,Meter,Obsolete,Discard
A0753,SiteA,2015,2017,59.5,2,0.4669155067997307,1967.74,Meter,Degraded,Retain
A0754,SiteB,2009,2010,51.18,1,0.5200118808798968,297.08,Sensor,Obsolete,Discard
A0755,ZoneX,2010,2012,102.65,5,0.5191707939863468,893.09,Sensor,Obsolete,Discard
A0756,SiteB,2009,2017,131.74,2,0.2574759980513229,326.21,Transformer,Obsolete,Recycle
A0757,SiteB,2003,2007,92.0,1,0.1460323180591869,1952.65,Sensor,Obsolete,Sell
A0758,SiteB,2022,2025,127.73,3,0.4061725253228685,532.87,Sensor,Degraded,Retain
A0759,ZoneX,2007,2009,99.02,2,0.7174480533671723,446.54,Transformer,Obsolete,Recycle
A0760,SiteA,2022,2023,97.98,6,0.3492646929978343,823.28,Transformer,Obsolete,Recycle
A0761,ZoneY,2022,2022,60.97,1,0.1948825069003407,1329.17,Sensor,Obsolete,Discard
A0762,ZoneY,2004,2009,88.97,3,0.3690802393972316,1898.42,Meter,Obsolete,Recycle
A0763,ZoneY,2020,2025,80.58,4,0.9039258557492532,427.11,Meter,Degraded,Retain
A0764,ZoneX,2003,2007,105.85,1,0.6870901457227901,1067.31,Sensor,Obsolete,Discard
A0765,ZoneY,2012,2019,99.09,1,0.602367945915768,1749.82,Meter,Degraded,Recycle
A0766,ZoneY,2015,2020,116.65,4,0.6856487885452397,1208.31,Sensor,Degraded,Recycle
A0767,SiteA,2022,2025,94.51,7,0.316814491964356,514.37,Transformer,Obsolete,Discard
A0768,ZoneY,2017,2024,91.62,1,0.3750067459870277,1559.79,Meter,Obsolete,Sell
A0769,SiteB,2007,2009,92.99,3,0.6998568526792462,1649.03,Sensor,Obsolete,Sell
A0770,SiteB,2004,2011,92.54,3,0.4615998719472903,1498.68,Transformer,Obsolete,Discard
A0771,SiteA,2007,2016,129.73,2,0.4418765561560974,1401.68,Meter,Obsolete,Discard
A0772,ZoneY,2021,2022,79.08,4,0.5844660751957068,1606.74,Transformer,Degraded,Retain
A0773,ZoneY,2020,2025,113.07,3,0.0703744066121332,1732.67,Meter,Obsolete,Recycle
A0774,ZoneX,2003,2004,134.21,5,0.4276785905084944,1421.15,Transformer,Obsolete,Recycle
A0775,ZoneX,2004,2004,61.27,2,0.4497530308859119,672.33,Meter,Obsolete,Recycle
A0776,SiteB,2003,2011,138.72,1,0.6269970501365683,1257.85,Sensor,Obsolete,Recycle
A0777,SiteB,2022,2022,95.31,4,0.9475916050097286,651.44,Sensor,Degraded,Retain
A0778,SiteA,2008,2008,159.92,3,0.4733188000814968,294.1,Transformer,Obsolete,Recycle
A0779,SiteA,2008,2013,57.79,2,0.1428248506934509,750.04,Meter,Obsolete,Sell
A0780,ZoneY,2016,2025,100.67,2,0.830930046544743,239.13,Meter,Active,Retain
A0781,SiteB,2022,2025,75.46,3,0.481088217498843,662.3,Transformer,Degraded,Retain
A0782,ZoneY,2012,2020,97.48,5,0.3230226834077002,611.04,Sensor,Obsolete,Sell
A0783,ZoneX,2002,2008,102.98,5,0.2636950221262078,1743.79,Meter,Obsolete,Recycle
A0784,ZoneX,2004,2004,85.92,6,0.9621390676980004,792.84,Sensor,Obsolete,Sell
A0785,ZoneX,2001,2005,89.12,3,0.4417095530301397,1772.88,Meter,Obsolete,Discard
A0786,ZoneY,2014,2018,88.31,2,0.7369692273392038,443.75,Sensor,Degraded,Recycle
A0787,SiteB,2010,2011,131.83,4,0.5485511582516864,1323.0,Sensor,Obsolete,Sell
A0788,SiteB,2003,2010,104.74,8,0.4798920708698166,1543.04,Sensor,Obsolete,Recycle
A0789,SiteB,2008,2014,101.95,4,0.2185514516073894,1272.71,Meter,Obsolete,Discard
A0790,ZoneY,2015,2024,152.19,3,0.5567004346241918,1092.94,Sensor,Degraded,Recycle
A0791,ZoneY,2020,2025,193.53,2,0.2775724133633652,594.15,Meter,Obsolete,Recycle
A0792,ZoneY,2005,2007,109.55,1,0.4316029553268964,336.98,Meter,Obsolete,Sell
A0793,SiteB,2018,2022,86.69,4,0.5037258059555648,1985.2,Meter,Degraded,Recycle
A0794,SiteB,2004,2008,96.53,3,0.8758893428831654,943.77,Transformer,Obsolete,Recycle
A0795,ZoneX,2007,2013,103.89,3,0.7504723190718013,634.85,Transformer,Obsolete,Recycle
A0796,SiteB,2017,2025,90.25,4,0.3403388062570672,1819.02,Sensor,Obsolete,Recycle
A0797,ZoneX,2018,2020,172.79,3,0.2346499549264585,477.31,Sensor,Obsolete,Discard
A0798,ZoneX,2023,2025,99.73,5,0.969960043820252,753.78,Sensor,Degraded,Recycle
A0799,ZoneY,2021,2025,80.75,4,0.1889961593289369,658.65,Sensor,Obsolete,Discard
A0800,ZoneX,2022,2024,69.98,5,0.5570520797545792,1658.93,Sensor,Degraded,Recycle
A0801,SiteA,2006,2009,121.78,2,0.6338607891337118,358.63,Sensor,Obsolete,Sell
A0802,ZoneX,2000,2009,112.79,6,0.4821932770900466,1174.09,Sensor,Obsolete,Recycle
A0803,SiteB,2009,2012,143.92,0,0.2412416630049078,523.1,Transformer,Obsolete,Sell
A0804,ZoneY,2017,2025,131.32,2,0.3459502904014984,1087.43,Meter,Obsolete,Sell
A0805,ZoneY,2020,2020,103.65,4,0.444815535257439,1718.46,Sensor,Degraded,Recycle
A0806,ZoneX,2003,2004,131.79,5,0.1539672961866637,1718.17,Meter,Obsolete,Recycle
A0807,SiteA,2022,2025,86.67,4,0.555165606905871,1679.98,Transformer,Degraded,Retain
A0808,ZoneY,2020,2025,90.52,5,0.4607098882914417,1246.46,Transformer,Degraded,Recycle
A0809,SiteB,2001,2007,124.49,3,0.7365006862622896,1777.88,Transformer,Obsolete,Discard
A0810,SiteA,2000,2007,135.4,3,0.6521102993321988,715.46,Meter,Obsolete,Sell
A0811,SiteA,2016,2021,73.1,0,0.9003174508484535,932.91,Sensor,Active,Retain
A0812,SiteB,2013,2013,57.84,3,0.6879726203112811,675.93,Sensor,Degraded,Recycle
A0813,ZoneY,2001,2006,98.26,1,0.4262892332793735,691.99,Sensor,Obsolete,Recycle
A0814,ZoneY,2016,2022,161.69,4,0.244408899917742,894.46,Sensor,Obsolete,Sell
A0815,ZoneY,2016,2022,137.79,1,0.8235441517618475,838.99,Meter,Active,Retain
A0816,SiteB,2015,2024,118.01,5,0.2345545669641261,1866.42,Sensor,Obsolete,Recycle
A0817,ZoneY,2023,2025,123.81,2,0.2639496400456878,913.44,Transformer,Obsolete,Discard
A0818,ZoneX,2016,2016,49.76,1,0.5637551956204229,1818.65,Meter,Degraded,Retain
A0819,SiteB,2017,2023,104.11,3,0.5357934320019341,1036.5,Meter,Degraded,Recycle
A0820,SiteB,2020,2025,151.77,4,0.6872689830059512,1158.16,Meter,Degraded,Retain
A0821,ZoneX,2010,2011,85.03,3,0.2773160730436357,1298.71,Meter,Obsolete,Discard
A0822,ZoneX,2021,2025,84.23,3,0.7187213195851158,237.68,Meter,Degraded,Recycle
A0823,SiteB,2000,2008,83.06,2,0.7762721552841474,909.18,Transformer,Obsolete,Recycle
A0824,SiteA,2022,2025,99.01,4,0.1621103967922622,1699.0,Meter,Obsolete,Recycle
A0825,SiteB,2016,2023,101.4,4,0.7243749885548648,1769.24,Transformer,Degraded,Retain
A0826,SiteB,2000,2006,54.02,2,0.2138000163568607,441.09,Meter,Obsolete,Discard
A0827,ZoneX,2009,2010,48.37,1,0.8774350939730091,1474.15,Sensor,Obsolete,Sell
A0828,SiteA,2012,2018,91.22,3,0.4591075613508668,279.03,Transformer,Degraded,Retain
A0829,SiteB,2006,2014,119.31,4,0.5241470838820064,1500.16,Meter,Obsolete,Recycle
A0830,ZoneY,2023,2025,124.23,4,0.6662646290257412,1990.15,Meter,Degraded,Retain
A0831,ZoneX,2008,2015,114.56,2,0.3925539097910344,1101.89,Meter,Obsolete,Recycle
A0832,ZoneX,2020,2025,98.54,1,0.3801244542537883,1917.92,Sensor,Obsolete,Discard
A0833,SiteA,2017,2025,41.05,7,0.2878741516365166,301.29,Sensor,Obsolete,Sell
A0834,ZoneX,2020,2020,128.96,3,0.5166664740953145,1113.31,Sensor,Degraded,Recycle
A0835,SiteB,2002,2003,103.23,2,0.3940841634558195,218.13,Transformer,Obsolete,Recycle
A0836,SiteB,2013,2020,98.1,4,0.364134262603474,587.01,Meter,Obsolete,Discard
A0837,ZoneY,2003,2006,104.26,7,0.824794574242876,1062.19,Sensor,Obsolete,Recycle
A0838,SiteA,2009,2014,78.96,3,0.4437027788471686,1677.86,Sensor,Obsolete,Discard
A0839,ZoneX,2005,2013,112.55,2,0.7149542448109699,971.42,Meter,Obsolete,Sell
A0840,SiteB,2000,2006,170.94,4,0.7881443227536317,1356.37,Sensor,Obsolete,Discard
A0841,SiteB,2015,2023,139.55,2,0.7429578024404426,636.89,Transformer,Degraded,Retain
A0842,SiteA,2022,2022,105.88,1,0.2055821873871886,1676.89,Transformer,Obsolete,Recycle
A0843,ZoneX,2007,2012,125.56,4,0.7829092257376037,662.19,Meter,Obsolete,Discard
A0844,SiteA,2000,2004,72.92,1,0.2691390077509994,202.04,Meter,Obsolete,Discard
A0845,SiteB,2004,2012,140.27,2,0.7375464415662107,1612.79,Transformer,Obsolete,Recycle
A0846,SiteA,2002,2009,153.97,2,0.4764984216690791,1160.46,Meter,Obsolete,Discard
A0847,ZoneX,2013,2016,94.3,1,0.8704064704480576,1498.8,Sensor,Degraded,Recycle
A0848,SiteA,2005,2009,100.41,4,0.6999228575532321,1811.74,Meter,Obsolete,Sell
A0849,ZoneX,2007,2007,122.76,1,0.7082035447070057,1617.05,Transformer,Obsolete,Sell
A0850,SiteB,2004,2007,90.54,4,0.7207044363930329,1764.84,Meter,Obsolete,Sell
A0851,ZoneY,2012,2013,42.72,5,0.8538665453511309,514.25,Meter,Degraded,Retain
A0852,ZoneX,2020,2025,90.41,2,0.3025320198156302,1497.2,Meter,Obsolete,Recycle
A0853,ZoneX,2019,2020,137.57,4,0.5138491415782932,560.63,Meter,Degraded,Retain
A0854,ZoneY,2002,2009,60.99,3,0.4691823742034969,241.6,Transformer,Obsolete,Sell
A0855,ZoneY,2005,2007,121.19,5,0.4052503040562468,469.71,Sensor,Obsolete,Recycle
A0856,ZoneY,2013,2018,84.07,5,0.750778611534433,1364.9,Meter,Degraded,Retain
A0857,ZoneY,2010,2010,80.48,5,0.7151899679017513,795.6,Sensor,Obsolete,Recycle
A0858,SiteB,2003,2008,129.04,5,0.2430734295714099,1642.89,Meter,Obsolete,Discard
A0859,SiteB,2019,2025,114.36,4,0.16484733230945,319.93,Sensor,Obsolete,Sell
A0860,SiteA,2000,2001,86.06,5,0.2599299871591998,990.04,Transformer,Obsolete,Sell
A0861,ZoneY,2006,2006,105.0,2,0.9428659266780042,1673.73,Transformer,Obsolete,Discard
A0862,SiteB,2020,2020,83.53,5,0.3853462992475832,1758.26,Meter,Obsolete,Recycle
A0863,SiteA,2023,2025,94.94,1,0.649624046353129,1324.28,Meter,Degraded,Retain
A0864,SiteB,2013,2020,176.09,0,0.4729459956376993,251.34,Transformer,Degraded,Retain
A0865,SiteB,2009,2016,95.03,0,0.401289514383669,686.45,Transformer,Obsolete,Discard
A0866,SiteA,2016,2016,50.9,5,0.5226354489583351,220.83,Meter,Degraded,Retain
A0867,ZoneY,2001,2010,83.0,1,0.6950954427204541,1459.18,Sensor,Obsolete,Discard
A0868,ZoneX,2007,2013,108.68,3,0.2917913125186425,267.95,Transformer,Obsolete,Recycle
A0869,ZoneX,2021,2025,146.61,7,0.7885866522812517,1339.45,Transformer,Obsolete,Sell
A0870,ZoneX,2004,2010,88.94,2,0.6732440233153614,1302.16,Meter,Obsolete,Recycle
A0871,SiteA,2015,2015,144.75,2,0.3498541039319032,1260.41,Transformer,Obsolete,Recycle
A0872,ZoneX,2012,2012,109.37,2,0.1563129095817967,1068.51,Meter,Obsolete,Sell
A0873,ZoneX,2018,2021,159.0,3,0.8391854826556839,1544.62,Sensor,Degraded,Retain
A0874,SiteA,2001,2005,120.78,1,0.6395586598283632,1678.03,Sensor,Obsolete,Sell
A0875,SiteB,2002,2009,73.87,1,0.7778387958570476,1689.29,Transformer,Obsolete,Sell
A0876,SiteA,2018,2025,68.13,1,0.631376081828455,328.08,Meter,Degraded,Retain
A0877,SiteA,2004,2005,134.56,3,0.5878893125094398,617.22,Sensor,Obsolete,Recycle
A0878,SiteB,2014,2014,140.35,2,0.2550997373770861,1413.98,Sensor,Obsolete,Recycle
A0879,SiteB,2019,2019,131.46,1,0.6468311145986777,1441.34,Sensor,Degraded,Retain
A0880,SiteB,2004,2011,46.14,3,0.1018283129622119,238.97,Transformer,Obsolete,Recycle
A0881,SiteB,2017,2017,92.79,0,0.3815510843449639,1572.78,Meter,Obsolete,Sell
A0882,SiteA,2022,2024,124.6,3,0.1875645196953252,1060.57,Sensor,Obsolete,Discard
A0883,ZoneX,2011,2014,140.03,2,0.6202978144396132,767.1,Transformer,Degraded,Recycle
A0884,ZoneY,2020,2020,68.72,4,0.5035034224562457,883.34,Transformer,Degraded,Recycle
A0885,SiteB,2009,2013,148.38,5,0.7465859360412384,585.21,Transformer,Obsolete,Sell
A0886,SiteB,2016,2019,102.34,2,0.7846612313359935,1627.41,Transformer,Active,Retain
A0887,SiteB,2020,2021,114.6,1,0.1786523469238729,1426.75,Sensor,Obsolete,Recycle
A0888,ZoneX,2007,2013,155.15,4,0.4452228726491804,1494.26,Transformer,Obsolete,Recycle
A0889,ZoneX,2003,2011,136.11,5,0.399206777718501,458.64,Sensor,Obsolete,Recycle
A0890,SiteA,2012,2017,95.21,6,0.7965487621923936,862.37,Meter,Obsolete,Recycle
A0891,ZoneY,2005,2014,126.37,5,0.2854967818429348,1060.18,Meter,Obsolete,Discard
A0892,SiteA,2014,2018,93.58,3,0.5244539888514885,1084.43,Transformer,Degraded,Recycle
A0893,ZoneY,2018,2022,124.54,2,0.2945478462836739,1531.11,Transformer,Obsolete,Discard
A0894,SiteB,2006,2014,128.26,3,0.6397991832027485,1240.99,Meter,Obsolete,Sell
A0895,ZoneX,2006,2012,128.75,4,0.2470961524280459,1599.4,Sensor,Obsolete,Sell
A0896,ZoneX,2003,2003,144.71,0,0.7586825564682668,1291.37,Meter,Obsolete,Discard
A0897,SiteA,2002,2002,60.75,2,0.411484376785133,1739.16,Sensor,Obsolete,Recycle
A0898,SiteB,2005,2014,80.53,3,0.3530495085253489,292.17,Meter,Obsolete,Sell
A0899,SiteB,2002,2011,70.05,4,0.3565378483498529,1222.11,Sensor,Obsolete,Sell
A0900,SiteA,2021,2022,149.35,4,0.4268809811851966,483.09,Meter,Degraded,Retain
A0901,SiteA,2007,2010,60.37,5,0.6326203361649356,853.74,Meter,Obsolete,Sell
A0902,ZoneY,2005,2012,165.57,2,0.092776877741922,659.74,Meter,Obsolete,Sell
A0903,SiteA,2021,2025,91.82,7,0.7753559347672593,1145.45,Meter,Obsolete,Sell
A0904,ZoneX,2002,2010,88.01,0,0.7423358772546236,385.87,Transformer,Obsolete,Recycle
A0905,ZoneX,2018,2020,178.12,4,0.6504561321921039,652.72,Transformer,Degraded,Recycle
A0906,ZoneY,2004,2006,80.57,2,0.2838236111751135,1160.49,Transformer,Obsolete,Recycle
A0907,SiteA,2019,2020,84.04,3,0.2644779025658198,1015.4,Sensor,Obsolete,Sell
A0908,SiteA,2016,2022,81.08,1,0.7407037579833043,1604.47,Transformer,Degraded,Recycle
A0909,SiteA,2000,2000,171.5,6,0.3947849696500353,1805.8,Meter,Obsolete,Recycle
A0910,ZoneY,2018,2022,144.03,0,0.6420558850829718,1632.27,Meter,Degraded,Retain
A0911,ZoneY,2012,2016,80.77,2,0.3064518134431128,937.05,Meter,Obsolete,Discard
A0912,ZoneY,2006,2010,123.07,2,0.2807079230976231,1549.98,Sensor,Obsolete,Recycle
A0913,SiteB,2021,2025,95.2,0,0.4941927835945006,1262.54,Transformer,Degraded,Retain
A0914,ZoneX,2019,2020,134.3,2,0.5370029190062804,1741.06,Transformer,Degraded,Retain
A0915,ZoneY,2007,2012,89.85,4,0.6816786115831319,1598.18,Sensor,Obsolete,Discard
A0916,ZoneY,2016,2018,102.9,3,0.3826495839022821,1214.85,Sensor,Obsolete,Recycle
A0917,ZoneX,2014,2023,118.5,3,0.1932135954678712,1553.38,Sensor,Obsolete,Discard
A0918,ZoneY,2012,2020,111.49,5,0.6416474784529065,1825.0,Transformer,Degraded,Recycle
A0919,ZoneY,2000,2006,129.79,3,0.6954216005386441,1926.99,Meter,Obsolete,Sell
A0920,ZoneY,2013,2021,62.4,4,0.1626398825267389,1437.5,Transformer,Obsolete,Sell
A0921,SiteB,2003,2005,110.29,2,0.1774883011705981,1173.7,Transformer,Obsolete,Discard
A0922,ZoneX,2001,2008,97.51,3,0.3081776473451076,206.1,Transformer,Obsolete,Discard
A0923,SiteA,2005,2012,95.73,3,0.4309421976945128,1221.47,Meter,Obsolete,Sell
A0924,SiteA,2000,2007,147.54,3,0.1935800720469417,328.17,Sensor,Obsolete,Sell
A0925,SiteA,2014,2015,119.34,2,0.4160524897526982,1699.0,Transformer,Degraded,Retain
A0926,SiteB,2013,2014,97.14,2,0.8133418764232058,636.64,Meter,Degraded,Recycle
A0927,SiteA,2000,2008,123.36,4,0.5487732990990906,855.48,Transformer,Obsolete,Recycle
A0928,ZoneX,2003,2007,94.67,4,0.3345556782128181,1300.37,Meter,Obsolete,Sell
A0929,ZoneY,2012,2012,104.58,5,0.0904004109286099,477.34,Transformer,Obsolete,Sell
A0930,ZoneX,2016,2025,162.8,2,0.4714411006080558,608.37,Meter,Degraded,Retain
A0931,SiteB,2008,2010,123.73,2,0.7380879678254241,686.0,Meter,Obsolete,Sell
A0932,ZoneY,2007,2010,81.99,5,0.4129796944032174,1674.8,Sensor,Obsolete,Sell
A0933,ZoneY,2011,2011,81.29,2,0.805948307901083,1707.03,Transformer,Degraded,Retain
A0934,SiteB,2003,2012,151.32,1,0.4305563830328254,841.49,Sensor,Obsolete,Recycle
A0935,ZoneX,2013,2015,106.45,5,0.3829471663934903,246.14,Transformer,Obsolete,Recycle
A0936,ZoneX,2010,2018,77.98,2,0.6803041841326323,916.78,Transformer,Obsolete,Recycle
A0937,ZoneX,2003,2006,97.0,3,0.2345365564219675,1481.52,Meter,Obsolete,Sell
A0938,SiteA,2021,2025,135.63,2,0.4419471348298906,1202.18,Meter,Degraded,Recycle
A0939,SiteA,2017,2022,95.65,2,0.948775245540636,1319.9,Meter,Active,Retain
A0940,ZoneX,2012,2012,112.93,5,0.9647443541810518,1267.38,Transformer,Degraded,Recycle
A0941,SiteA,2011,2013,97.12,3,0.2669972563724557,319.1,Meter,Obsolete,Recycle
A0942,ZoneY,2007,2008,52.63,1,0.7731391058858574,1295.76,Sensor,Obsolete,Sell
A0943,ZoneX,2021,2025,113.1,2,0.4049784426483362,1315.94,Sensor,Degraded,Recycle
A0944,ZoneX,2023,2024,127.37,1,0.1467806388969888,218.13,Sensor,Obsolete,Recycle
A0945,SiteA,2001,2004,116.38,5,0.7058128061086323,556.59,Transformer,Obsolete,Recycle
A0946,SiteB,2005,2014,91.34,1,0.5908503765815911,1908.51,Transformer,Obsolete,Sell
A0947,ZoneY,2008,2009,121.52,3,0.2673653113033247,910.62,Sensor,Obsolete,Sell
A0948,ZoneY,2016,2020,90.14,3,0.7711988556173233,903.29,Transformer,Degraded,Recycle
A0949,ZoneX,2013,2018,65.66,1,0.5105146799643848,655.06,Transformer,Degraded,Recycle
A0950,ZoneX,2008,2016,121.8,3,0.1309640468317407,1440.12,Sensor,Obsolete,Discard
A0951,SiteA,2005,2008,134.54,7,0.7819959908353518,1416.61,Meter,Obsolete,Discard
A0952,SiteB,2019,2020,104.21,4,0.5545687127141009,1465.01,Transformer,Degraded,Recycle
A0953,ZoneX,2019,2022,98.96,2,0.4006900636133161,1901.34,Transformer,Degraded,Retain
A0954,SiteB,2016,2021,82.37,2,0.4555642360789549,760.1,Transformer,Degraded,Retain
A0955,SiteA,2004,2008,57.79,1,0.0760832928762275,823.45,Meter,Obsolete,Discard
A0956,ZoneY,2001,2004,117.0,2,0.5362392011454449,287.39,Meter,Obsolete,Recycle
A0957,ZoneY,2013,2014,69.8,6,0.5223433442043772,480.65,Transformer,Obsolete,Recycle
A0958,SiteA,2016,2023,121.15,5,0.5514035365950937,798.16,Transformer,Degraded,Recycle
A0959,SiteB,2009,2011,117.4,1,0.5351221556696899,773.62,Meter,Obsolete,Sell
A0960,SiteB,2014,2016,87.66,1,0.3488599879360798,1915.54,Transformer,Obsolete,Discard
A0961,SiteB,2008,2016,112.8,3,0.212570163255869,1799.99,Sensor,Obsolete,Recycle
A0962,SiteA,2015,2019,61.23,5,0.8668116407561604,757.87,Sensor,Degraded,Retain
A0963,ZoneX,2012,2021,120.38,0,0.435386545850874,240.14,Transformer,Degraded,Retain
A0964,ZoneY,2017,2020,86.59,2,0.7191353875837554,221.43,Meter,Degraded,Retain
A0965,SiteB,2010,2019,78.06,2,0.797743071721592,1492.41,Meter,Obsolete,Recycle
A0966,SiteA,2001,2007,122.1,3,0.2455314843152681,1224.32,Sensor,Obsolete,Recycle
A0967,SiteA,2005,2014,81.83,3,0.8723156323442244,572.14,Meter,Obsolete,Discard
A0968,ZoneX,2022,2025,64.61,5,0.5884429659014873,415.81,Meter,Degraded,Retain
A0969,SiteB,2016,2021,94.58,3,0.2906422866852531,972.95,Sensor,Obsolete,Sell
A0970,SiteA,2003,2005,95.49,6,0.2874088587050304,1329.92,Sensor,Obsolete,Sell
A0971,ZoneY,2016,2018,138.16,0,0.5322141774553668,234.77,Sensor,Degraded,Retain
A0972,ZoneX,2016,2020,47.14,2,0.8715239233440081,1947.76,Transformer,Active,Retain
A0973,ZoneY,2017,2025,61.33,4,0.6871379243074088,744.72,Sensor,Degraded,Retain
A0974,ZoneY,2004,2010,116.79,2,0.0766388599159963,1395.84,Meter,Obsolete,Recycle
A0975,SiteA,2018,2024,106.09,1,0.8847701836311956,672.47,Transformer,Active,Retain
A0976,SiteA,2020,2022,119.56,2,0.5356713609964353,1828.38,Sensor,Degraded,Recycle
A0977,ZoneY,2012,2013,84.65,2,0.5504035394997916,585.29,Meter,Degraded,Retain
A0978,SiteA,2000,2003,125.77,4,0.8419610690588514,456.6,Sensor,Obsolete,Sell
A0979,SiteB,2022,2025,131.34,5,0.1493206241312542,764.72,Sensor,Obsolete,Recycle
A0980,ZoneY,2012,2018,112.83,2,0.4265795064371203,1033.61,Meter,Degraded,Recycle
A0981,ZoneY,2001,2002,117.64,3,0.6690044543029409,1912.89,Meter,Obsolete,Discard
A0982,SiteA,2007,2009,135.53,4,0.4878006169621206,231.44,Transformer,Obsolete,Recycle
A0983,ZoneX,2018,2023,98.2,3,0.4570178941211846,317.24,Meter,Degraded,Recycle
A0984,ZoneX,2009,2013,124.25,3,0.2501479675578986,1439.53,Sensor,Obsolete,Sell
A0985,ZoneX,2004,2008,86.65,3,0.8099119102830298,684.58,Sensor,Obsolete,Discard
A0986,SiteA,2021,2025,109.76,3,0.3655541880398833,1110.77,Transformer,Obsolete,Sell
A0987,SiteA,2013,2016,128.78,3,0.1529327870657631,679.69,Meter,Obsolete,Recycle
A0988,SiteB,2006,2010,145.91,4,0.6897755481047619,547.04,Transformer,Obsolete,Sell
A0989,ZoneY,2004,2007,90.95,6,0.4009630840977726,951.45,Transformer,Obsolete,Discard
A0990,ZoneY,2001,2008,162.05,0,0.4116451472875518,919.11,Transformer,Obsolete,Recycle
A0991,ZoneX,2005,2012,61.29,3,0.8552466761226454,1876.54,Meter,Obsolete,Sell
A0992,ZoneX,2002,2006,52.02,2,0.8324993668456676,1506.99,Transformer,Obsolete,Recycle
A0993,ZoneX,2016,2021,70.96,2,0.4749614621505427,1232.45,Sensor,Degraded,Retain
A0994,SiteB,2023,2025,121.73,4,0.5055338426789542,687.32,Meter,Degraded,Recycle
A0995,SiteB,2018,2022,120.92,5,0.491855396766975,1738.68,Meter,Degraded,Retain
A0996,SiteB,2010,2012,96.66,2,0.4987570234776655,1475.7,Meter,Obsolete,Sell
A0997,ZoneX,2006,2007,73.65,2,0.6744058070002652,603.86,Meter,Obsolete,Sell
A0998,SiteA,2002,2011,88.95,5,0.2733052423306611,1116.58,Meter,Obsolete,Recycle
A0999,ZoneY,2022,2024,151.57,4,0.9289024910748812,807.31,Sensor,Degraded,Retain
A1000,SiteB,2013,2022,96.84,1,0.603676190807345,1798.42,Meter,Degraded,Retain
A1001,SiteB,2014,2023,153.37,1,0.8745327406132778,1102.93,Meter,Degraded,Recycle
A1002,SiteA,2016,2025,119.52,5,0.4375114369031931,805.09,Meter,Degraded,Retain
A1003,SiteA,2021,2021,117.58,1,0.572760255261726,772.97,Meter,Degraded,Recycle
A1004,SiteB,2009,2010,95.2,4,0.4968786325050448,591.43,Sensor,Obsolete,Sell
A1005,SiteB,2023,2025,94.86,3,0.9136579631305032,1872.1,Sensor,Degraded,Recycle
A1006,ZoneY,2000,2009,94.1,1,0.4394483537485427,420.88,Meter,Obsolete,Recycle
A1007,SiteB,2009,2016,92.26,2,0.7384610826113306,846.55,Transformer,Obsolete,Sell
A1008,SiteA,2015,2016,98.61,2,0.7398663762264927,1169.29,Meter,Degraded,Retain
A1009,ZoneX,2009,2018,118.68,4,0.6908007404763794,266.41,Meter,Obsolete,Discard
A1010,SiteA,2023,2025,83.57,3,0.5306350612258731,1905.68,Sensor,Degraded,Retain
A1011,ZoneX,2011,2019,109.71,1,0.5138796621765437,1793.21,Transformer,Degraded,Recycle
A1012,ZoneY,2019,2025,75.1,4,0.7308853737348261,467.09,Transformer,Degraded,Recycle
A1013,SiteB,2013,2014,141.04,1,0.1461640582542132,891.09,Sensor,Obsolete,Sell
A1014,SiteB,2012,2012,89.74,2,0.2957143951010411,307.87,Transformer,Obsolete,Discard
A1015,ZoneY,2016,2019,42.23,2,0.8588226454995138,1055.41,Transformer,Active,Retain
A1016,ZoneY,2021,2025,120.2,7,0.4534432127421406,1558.05,Transformer,Obsolete,Discard
A1017,ZoneY,2009,2009,105.93,5,0.0567187277101803,662.57,Transformer,Obsolete,Recycle
A1018,SiteA,2003,2003,53.24,4,0.3882988742240007,891.41,Sensor,Obsolete,Recycle
A1019,ZoneY,2009,2015,116.03,7,0.1504655214325409,605.07,Transformer,Obsolete,Sell
A1020,ZoneY,2004,2013,59.88,4,0.570446811464608,488.69,Transformer,Obsolete,Sell
A1021,ZoneY,2003,2010,86.53,3,0.3318488901548134,985.43,Transformer,Obsolete,Discard
A1022,SiteB,2008,2014,93.17,2,0.5008381704766932,1616.53,Meter,Obsolete,Recycle
A1023,SiteB,2022,2025,117.78,3,0.9102886411174872,850.49,Transformer,Degraded,Retain
A1024,ZoneX,2018,2020,49.21,7,0.2628699525991615,1625.99,Transformer,Obsolete,Discard
A1025,ZoneY,2002,2009,133.24,7,0.8531786953297488,259.86,Meter,Obsolete,Recycle
A1026,ZoneY,2021,2025,21.6,6,0.3226127941733364,1208.68,Transformer,Obsolete,Recycle
A1027,ZoneY,2000,2001,49.51,1,0.7221056010905688,1209.28,Sensor,Obsolete,Discard
A1028,ZoneY,2004,2010,52.34,1,0.8420117371710661,1060.18,Transformer,Obsolete,Recycle
A1029,ZoneY,2021,2025,94.31,4,0.3000098619972382,1521.89,Transformer,Obsolete,Discard
A1030,SiteA,2019,2024,82.19,1,0.5758535383714583,1218.02,Sensor,Degraded,Retain
A1031,SiteB,2021,2025,82.16,6,0.6354682853968456,512.1,Meter,Obsolete,Sell
A1032,ZoneY,2009,2016,74.99,3,0.5598437991622195,1917.23,Meter,Obsolete,Discard
A1033,SiteB,2010,2011,107.73,5,0.1824676118951814,1714.77,Sensor,Obsolete,Sell
A1034,ZoneY,2010,2010,111.28,4,0.2833080940130881,696.23,Sensor,Obsolete,Recycle
A1035,SiteB,2011,2015,91.17,0,0.3990253320483543,256.04,Sensor,Obsolete,Recycle
A1036,ZoneX,2010,2015,124.61,5,0.7645490975102378,971.75,Sensor,Obsolete,Sell
A1037,SiteA,2000,2001,143.73,3,0.6936954028872537,1837.92,Transformer,Obsolete,Discard
A1038,SiteB,2002,2003,80.12,1,0.6394867762873031,308.8,Transformer,Obsolete,Sell
A1039,SiteB,2012,2013,49.86,3,0.7690070408528323,1731.97,Sensor,Degraded,Retain
A1040,SiteA,2018,2024,131.32,2,0.281892503876006,912.84,Sensor,Obsolete,Discard
A1041,SiteA,2004,2006,87.02,3,0.3490194774894742,422.99,Sensor,Obsolete,Discard
A1042,SiteB,2008,2013,101.31,2,0.5089947885542959,922.51,Meter,Obsolete,Recycle
A1043,ZoneY,2018,2025,87.89,2,0.4764487004119642,1186.17,Sensor,Degraded,Recycle
A1044,SiteB,2002,2010,92.51,1,0.3936980305394744,1653.6,Transformer,Obsolete,Discard
A1045,ZoneY,2008,2010,96.92,4,0.4191994013903917,1819.91,Meter,Obsolete,Sell
A1046,ZoneX,2002,2011,126.94,5,0.4736780500403282,534.72,Transformer,Obsolete,Recycle
A1047,SiteB,2018,2021,117.88,3,0.6305368699055676,477.68,Transformer,Degraded,Retain
A1048,SiteB,2009,2015,120.99,5,0.1239554357243964,405.29,Meter,Obsolete,Discard
A1049,SiteB,2001,2010,113.93,2,0.7327636890989656,1923.55,Meter,Obsolete,Recycle
A1050,SiteA,2007,2014,56.92,1,0.7697836740217902,339.77,Transformer,Obsolete,Recycle
A1051,ZoneX,2020,2021,122.6,4,0.3781322597289229,1003.88,Sensor,Obsolete,Discard
A1052,SiteB,2021,2025,59.01,1,0.5171464783494417,1072.6,Transformer,Degraded,Recycle
A1053,ZoneY,2001,2008,135.3,7,0.6550548311194843,1937.72,Meter,Obsolete,Discard
A1054,ZoneY,2012,2015,77.06,3,0.1360338112183689,1572.84,Meter,Obsolete,Recycle
A1055,SiteA,2015,2022,122.03,4,0.9404319768437168,1040.09,Transformer,Degraded,Recycle
A1056,SiteB,2002,2002,117.35,4,0.1179547297207673,400.37,Transformer,Obsolete,Recycle
A1057,SiteB,2016,2021,148.17,2,0.6738240103304327,1783.83,Meter,Degraded,Recycle
A1058,ZoneY,2019,2025,80.42,0,0.5118879588861142,1601.4,Transformer,Degraded,Recycle
A1059,ZoneY,2005,2011,67.49,5,0.749801710337878,503.49,Sensor,Obsolete,Sell
A1060,ZoneY,2007,2008,149.28,5,0.3838022248095907,588.77,Meter,Obsolete,Sell
A1061,SiteA,2017,2019,88.07,4,0.5430275866399272,661.55,Sensor,Degraded,Recycle
A1062,ZoneY,2015,2024,98.9,3,0.8050369376242154,1799.82,Sensor,Degraded,Retain
A1063,SiteB,2004,2012,45.23,2,0.5036567458125598,1031.6,Meter,Obsolete,Sell
A1064,ZoneY,2006,2010,61.46,0,0.3541011581069825,1257.26,Transformer,Obsolete,Sell
A1065,ZoneX,2000,2007,98.02,4,0.5150660487855777,816.68,Meter,Obsolete,Sell
A1066,SiteB,2003,2003,100.07,3,0.2746545642321285,480.65,Sensor,Obsolete,Sell
A1067,SiteB,2001,2005,161.86,1,0.5847131945289707,1166.82,Meter,Obsolete,Discard
A1068,ZoneX,2015,2018,88.44,4,0.0476489730253479,1660.78,Transformer,Obsolete,Discard
A1069,ZoneX,2016,2024,75.32,2,0.3961748592726815,1551.67,Meter,Obsolete,Discard
A1070,ZoneX,2011,2014,106.93,4,0.6648957539275747,1925.33,Meter,Degraded,Retain
A1071,SiteA,2020,2025,77.41,3,0.645847775592918,206.69,Meter,Degraded,Recycle
A1072,SiteB,2020,2021,159.29,3,0.5669541428891726,421.02,Transformer,Degraded,Retain
A1073,ZoneX,2005,2007,121.88,3,0.6606799291789598,981.96,Sensor,Obsolete,Recycle
A1074,SiteB,2002,2010,63.52,5,0.6666369447243717,772.94,Sensor,Obsolete,Recycle
A1075,ZoneX,2022,2025,79.52,3,0.2397583332597647,1238.01,Sensor,Obsolete,Discard
A1076,SiteB,2007,2011,67.32,2,0.81085340561178,1043.44,Meter,Obsolete,Discard
A1077,SiteB,2003,2004,86.22,8,0.8096343206749422,563.49,Transformer,Obsolete,Discard
A1078,SiteB,2020,2021,115.06,2,0.8340029409579572,228.29,Transformer,Active,Retain
A1079,SiteB,2021,2024,138.01,3,0.7375518498009195,804.64,Sensor,Degraded,Recycle
A1080,SiteB,2005,2010,121.7,5,0.3381796773170877,604.71,Meter,Obsolete,Sell
A1081,SiteB,2021,2025,130.21,4,0.7102080705727983,1975.44,Transformer,Degraded,Recycle
A1082,SiteA,2001,2007,124.87,3,0.7753269095250124,1918.37,Sensor,Obsolete,Discard
A1083,SiteA,2018,2025,77.6,3,0.6688639575786899,1397.85,Sensor,Degraded,Recycle
A1084,ZoneX,2022,2025,86.7,5,0.2754460794851841,1429.34,Sensor,Obsolete,Sell
A1085,ZoneX,2015,2023,147.4,4,0.5672554615464723,713.29,Meter,Degraded,Retain
A1086,SiteB,2019,2019,69.11,3,0.5948790930657589,898.12,Sensor,Degraded,Recycle
A1087,SiteA,2008,2012,97.34,1,0.7384190662173671,1342.19,Sensor,Obsolete,Recycle
A1088,ZoneX,2012,2019,161.02,2,0.5921764525770985,1052.63,Sensor,Degraded,Retain
A1089,SiteB,2006,2012,170.46,5,0.7083643055366131,380.89,Meter,Obsolete,Recycle
A1090,SiteA,2011,2016,112.77,3,0.5922291605115897,563.07,Transformer,Degraded,Retain
A1091,ZoneY,2010,2019,174.13,1,0.784442926070609,496.74,Meter,Obsolete,Discard
A1092,ZoneY,2000,2009,114.41,5,0.7126759730125464,1448.11,Sensor,Obsolete,Discard
A1093,ZoneY,2012,2019,78.64,0,0.8547485817884377,1493.96,Sensor,Degraded,Recycle
A1094,ZoneY,2017,2023,101.03,5,0.4179241993772879,1249.16,Meter,Degraded,Retain
A1095,ZoneX,2010,2014,111.61,3,0.6786382760454844,654.41,Meter,Obsolete,Recycle
A1096,SiteB,2015,2015,68.47,4,0.6392636393773576,1499.88,Transformer,Degraded,Retain
A1097,ZoneX,2014,2022,82.07,3,0.3061734229756179,289.97,Sensor,Obsolete,Sell
A1098,SiteA,2018,2023,124.2,3,0.649029009669682,1303.43,Sensor,Degraded,Recycle
A1099,ZoneY,2005,2009,113.52,4,0.762294780453672,1042.51,Meter,Obsolete,Sell
A1100,ZoneX,2015,2016,113.01,3,0.6037261335454428,1181.43,Sensor,Degraded,Retain
A1101,SiteB,2007,2014,91.57,0,0.2948049723092187,1508.27,Meter,Obsolete,Discard
A1102,SiteB,2005,2008,112.87,4,0.7691901272870122,1571.01,Sensor,Obsolete,Recycle
A1103,SiteB,2003,2010,73.74,5,0.2856755280239305,461.12,Transformer,Obsolete,Recycle
A1104,ZoneY,2022,2025,143.68,2,0.6851042034505808,1018.83,Meter,Degraded,Recycle
A1105,ZoneY,2020,2021,74.25,7,0.3614929292874013,1670.75,Meter,Obsolete,Sell
A1106,ZoneX,2006,2012,89.98,3,0.3816735884168155,1113.03,Meter,Obsolete,Sell
A1107,ZoneY,2003,2005,103.74,3,0.4070535689288873,552.26,Sensor,Obsolete,Sell
A1108,SiteB,2018,2025,68.91,3,0.0953361933626829,1438.6,Meter,Obsolete,Sell
A1109,SiteA,2022,2024,144.5,6,0.0485405906049248,1406.73,Sensor,Obsolete,Recycle
A1110,ZoneY,2008,2008,193.95,2,0.389159617522452,801.64,Meter,Obsolete,Sell
A1111,SiteB,2006,2013,145.71,3,0.1919893592844204,744.91,Sensor,Obsolete,Recycle
A1112,SiteB,2022,2025,133.42,3,0.6234802239883448,1211.01,Sensor,Degraded,Retain
A1113,SiteB,2007,2008,112.48,3,0.6792055614629454,1795.33,Meter,Obsolete,Sell
A1114,SiteB,2023,2025,92.15,6,0.7357723709721475,876.59,Sensor,Obsolete,Sell
A1115,SiteA,2015,2020,123.85,6,0.4815482245145123,1217.0,Meter,Obsolete,Sell
A1116,SiteB,2022,2025,38.16,3,0.7704257871447541,233.03,Meter,Degraded,Retain
A1117,ZoneX,2001,2006,70.41,1,0.4411446989635151,1286.02,Meter,Obsolete,Sell
A1118,SiteB,2019,2024,110.45,5,0.3163376228542229,966.98,Meter,Obsolete,Recycle
A1119,ZoneY,2000,2002,141.88,2,0.6601746112121685,338.01,Sensor,Obsolete,Discard
A1120,ZoneX,2013,2019,78.42,1,0.4176404131057928,334.9,Meter,Degraded,Retain
A1121,SiteB,2001,2003,99.69,4,0.5257473523755872,1990.46,Transformer,Obsolete,Sell
A1122,ZoneY,2012,2020,105.0,3,0.4505068521501499,945.7,Sensor,Degraded,Retain
A1123,SiteA,2017,2021,131.27,3,0.6528403328815928,748.88,Meter,Degraded,Recycle
A1124,SiteA,2014,2014,84.39,2,0.7909319269147608,1020.93,Sensor,Degraded,Recycle
A1125,ZoneY,2013,2016,157.22,4,0.2923829152848475,933.2,Transformer,Obsolete,Sell
A1126,ZoneY,2019,2021,111.58,1,0.1161916952613948,696.31,Meter,Obsolete,Recycle
A1127,ZoneY,2015,2024,73.16,6,0.4194823798009056,1910.99,Transformer,Obsolete,Recycle
A1128,ZoneY,2016,2017,108.44,2,0.3559003113210053,734.44,Meter,Obsolete,Discard
A1129,ZoneY,2000,2002,107.07,2,0.3753204657479096,1559.34,Transformer,Obsolete,Sell
A1130,SiteB,2004,2011,109.93,2,0.7427341914132981,1218.01,Meter,Obsolete,Discard
A1131,SiteA,2010,2010,123.44,2,0.4834558634883333,1139.73,Sensor,Obsolete,Recycle
A1132,SiteA,2004,2012,74.19,4,0.5521907996439611,507.35,Sensor,Obsolete,Recycle
A1133,SiteA,2002,2003,121.21,3,0.304273077979837,1655.49,Meter,Obsolete,Discard
A1134,ZoneX,2002,2009,135.37,3,0.6724137874149739,1488.53,Meter,Obsolete,Sell
A1135,ZoneY,2018,2018,82.46,1,0.4797777155076138,1466.09,Transformer,Degraded,Retain
A1136,SiteB,2020,2025,106.57,2,0.4588877262373011,1210.94,Sensor,Degraded,Retain
A1137,SiteA,2018,2019,25.27,4,0.7384281741147893,282.67,Transformer,Degraded,Retain
A1138,ZoneY,2001,2001,43.91,3,0.3925872783801922,1678.77,Transformer,Obsolete,Recycle
A1139,ZoneX,2022,2022,57.31,4,0.5392890843035499,1108.24,Meter,Degraded,Retain
A1140,ZoneX,2015,2021,55.28,3,0.6773495078897899,577.57,Meter,Degraded,Retain
A1141,ZoneY,2020,2025,106.32,7,0.7320059474609985,686.84,Meter,Obsolete,Discard
A1142,ZoneX,2000,2005,68.25,3,0.3271718001699417,1152.64,Transformer,Obsolete,Sell
A1143,ZoneY,2009,2009,78.56,3,0.553152198445757,1983.95,Sensor,Obsolete,Discard
A1144,ZoneY,2001,2002,79.4,1,0.238178441345402,1402.83,Sensor,Obsolete,Discard
A1145,ZoneX,2009,2017,77.61,2,0.8045793311356303,1355.37,Transformer,Obsolete,Discard
A1146,SiteA,2010,2018,92.83,5,0.4554638522395753,1643.86,Transformer,Obsolete,Sell
A1147,ZoneY,2010,2017,36.81,3,0.2749587743013038,782.93,Sensor,Obsolete,Recycle
A1148,SiteA,2020,2025,78.83,3,0.3357730458839048,1877.42,Transformer,Obsolete,Discard
A1149,ZoneY,2004,2007,164.73,3,0.4807041976350295,987.13,Transformer,Obsolete,Recycle
A1150,ZoneX,2019,2020,154.93,4,0.8021714186209155,528.85,Sensor,Degraded,Recycle
A1151,ZoneY,2021,2025,63.93,1,0.3666466182134235,299.62,Transformer,Obsolete,Discard
A1152,SiteA,2011,2019,120.17,2,0.6264443594408187,1762.09,Sensor,Degraded,Recycle
A1153,ZoneY,2003,2006,100.12,1,0.1779468575865733,613.69,Transformer,Obsolete,Recycle
A1154,SiteA,2008,2017,54.01,3,0.2489558667865768,644.86,Transformer,Obsolete,Recycle
A1155,SiteB,2023,2025,140.91,7,0.7285125670201249,755.49,Sensor,Obsolete,Sell
A1156,SiteA,2007,2010,111.22,4,0.5525130299275924,867.6,Sensor,Obsolete,Recycle
A1157,SiteA,2018,2025,151.59,0,0.8953603377591686,1368.28,Meter,Active,Retain
A1158,ZoneX,2011,2017,91.44,5,0.3432369256156344,762.02,Meter,Obsolete,Discard
A1159,SiteB,2000,2004,103.11,6,0.4098706776401079,1137.12,Sensor,Obsolete,Sell
A1160,ZoneX,2000,2005,85.79,3,0.3217499181604911,1565.55,Transformer,Obsolete,Discard
A1161,ZoneX,2005,2011,62.74,3,0.3626354404918361,957.23,Sensor,Obsolete,Discard
A1162,ZoneY,2019,2025,111.62,3,0.8737008044967106,575.09,Meter,Degraded,Retain
A1163,SiteA,2017,2020,134.79,2,0.1356599561425936,248.19,Meter,Obsolete,Discard
A1164,SiteB,2016,2024,105.84,2,0.6281139683053001,587.49,Transformer,Degraded,Recycle
A1165,ZoneX,2000,2002,131.63,3,0.7973857205328283,1869.92,Meter,Obsolete,Recycle
A1166,SiteA,2001,2002,69.26,1,0.3433802396331414,1437.1,Meter,Obsolete,Sell
A1167,ZoneY,2008,2014,119.0,5,0.0440217333967788,685.7,Transformer,Obsolete,Recycle
A1168,ZoneX,2008,2010,136.54,2,0.6744368876755306,1944.73,Transformer,Obsolete,Sell
A1169,SiteB,2018,2022,104.4,2,0.508658758921372,1772.88,Sensor,Degraded,Retain
A1170,SiteB,2013,2014,106.63,5,0.4261868018477068,294.78,Meter,Degraded,Recycle
A1171,ZoneX,2012,2016,127.99,2,0.3423269791365025,1201.01,Meter,Obsolete,Discard
A1172,SiteB,2023,2025,56.09,4,0.1403009246028006,766.44,Sensor,Obsolete,Sell
A1173,ZoneY,2023,2025,153.42,7,0.6767083598409166,1836.0,Sensor,Obsolete,Recycle
A1174,ZoneX,2006,2008,123.34,4,0.4968774948637248,233.18,Transformer,Obsolete,Sell
A1175,SiteA,2010,2014,57.69,3,0.3133571449572314,1544.1,Transformer,Obsolete,Recycle
A1176,ZoneY,2009,2012,85.11,4,0.5449963710907365,952.12,Sensor,Obsolete,Recycle
A1177,ZoneX,2019,2025,103.82,1,0.5004705265124625,1009.44,Transformer,Degraded,Recycle
A1178,SiteA,2004,2013,120.66,1,0.5212942211081356,807.6,Sensor,Obsolete,Recycle
A1179,ZoneX,2013,2015,86.67,3,0.5573317692170986,563.24,Sensor,Degraded,Recycle
A1180,ZoneX,2016,2022,118.62,4,0.2216959437596732,361.97,Meter,Obsolete,Discard
A1181,SiteB,2019,2019,105.01,3,0.7933379492864534,742.27,Transformer,Degraded,Recycle
A1182,ZoneY,2021,2022,108.64,4,0.1827544302532108,1904.36,Transformer,Obsolete,Discard
A1183,SiteA,2014,2014,67.57,3,0.2902708259706643,678.89,Sensor,Obsolete,Recycle
A1184,SiteA,2005,2011,99.85,1,0.7901923691659367,770.63,Transformer,Obsolete,Discard
A1185,SiteA,2009,2012,66.35,1,0.7773133295227757,1905.01,Sensor,Obsolete,Sell
A1186,SiteA,2002,2006,84.47,2,0.4708043656367912,1837.15,Sensor,Obsolete,Sell
A1187,ZoneX,2011,2018,126.52,2,0.4963749509659542,1987.07,Sensor,Degraded,Recycle
A1188,ZoneY,2005,2012,88.48,4,0.1681634362826787,1887.86,Transformer,Obsolete,Discard
A1189,ZoneY,2017,2018,99.36,3,0.6410055616015438,1665.58,Sensor,Degraded,Recycle
A1190,SiteB,2009,2018,74.46,2,0.4765624005445835,1583.37,Meter,Obsolete,Discard
A1191,ZoneY,2005,2011,75.58,2,0.4666730052720196,1331.95,Transformer,Obsolete,Sell
A1192,ZoneY,2012,2013,108.59,2,0.1699399953121047,265.94,Meter,Obsolete,Sell
A1193,SiteB,2017,2025,108.86,2,0.4325612273045636,762.51,Meter,Degraded,Retain
A1194,SiteA,2019,2025,54.57,3,0.3511606526389498,1082.83,Transformer,Obsolete,Discard
A1195,ZoneX,2006,2008,51.6,0,0.0971969285418797,1987.23,Meter,Obsolete,Recycle
A1196,SiteA,2001,2001,70.63,2,0.5210564695333871,1695.82,Transformer,Obsolete,Recycle
A1197,ZoneY,2001,2008,97.87,2,0.760687724608053,714.32,Meter,Obsolete,Recycle
A1198,ZoneY,2013,2013,79.52,6,0.3710854926514079,279.82,Sensor,Obsolete,Discard
A1199,ZoneY,2000,2005,100.01,4,0.5179005867668296,1113.09,Transformer,Obsolete,Recycle
A1200,SiteB,2014,2020,120.82,2,0.904485239770298,1503.63,Transformer,Degraded,Retain
A1201,ZoneX,2004,2007,88.38,3,0.7362846062214375,1128.33,Meter,Obsolete,Sell
A1202,SiteA,2006,2013,160.36,1,0.9457883877169002,395.35,Meter,Obsolete,Sell
A1203,SiteA,2018,2025,110.79,5,0.7626099637433795,264.78,Sensor,Degraded,Retain
A1204,SiteB,2017,2022,100.75,2,0.3041701989106827,1851.0,Meter,Obsolete,Recycle
A1205,SiteA,2012,2016,53.99,1,0.5168906614814635,969.35,Meter,Degraded,Retain
A1206,ZoneX,2006,2012,111.52,2,0.6090708388531341,1111.69,Sensor,Obsolete,Discard
A1207,ZoneY,2014,2014,136.34,4,0.5336713169488169,1818.42,Transformer,Degraded,Recycle
A1208,ZoneX,2020,2025,110.96,3,0.5912636917405636,665.31,Transformer,Degraded,Recycle
A1209,ZoneY,2010,2011,94.61,4,0.3959496580811558,330.6,Meter,Obsolete,Sell
A1210,ZoneY,2004,2006,124.22,3,0.5080162830358489,1849.29,Meter,Obsolete,Sell
A1211,ZoneY,2018,2023,165.14,8,0.5079102126513793,1443.45,Meter,Obsolete,Recycle
A1212,ZoneY,2018,2023,73.83,2,0.2504090742906621,1798.72,Meter,Obsolete,Discard
A1213,ZoneX,2011,2020,73.55,4,0.5570951584311883,1699.8,Transformer,Degraded,Recycle
A1214,ZoneX,2007,2015,83.41,1,0.1222481664962553,602.3,Meter,Obsolete,Discard
A1215,ZoneY,2008,2012,68.72,3,0.4278874181575299,1189.65,Meter,Obsolete,Recycle
A1216,ZoneX,2020,2021,98.15,3,0.3322631901006417,786.76,Sensor,Obsolete,Sell
A1217,SiteA,2011,2014,152.16,2,0.8060868289057467,520.75,Sensor,Degraded,Retain
A1218,ZoneY,2014,2018,96.51,8,0.7810840696119924,734.07,Sensor,Obsolete,Discard
A1219,ZoneY,2016,2020,67.42,2,0.8753159358331694,1888.82,Transformer,Active,Retain
A1220,ZoneX,2011,2016,66.03,2,0.0962873109396934,1412.75,Transformer,Obsolete,Discard
A1221,SiteA,2011,2018,61.46,2,0.7478186193613788,647.11,Meter,Degraded,Recycle
A1222,SiteA,2022,2023,68.84,1,0.9432464644032948,1167.24,Sensor,Active,Retain
A1223,SiteB,2013,2021,125.94,4,0.7710032698793983,505.14,Sensor,Degraded,Recycle
A1224,ZoneY,2013,2016,127.11,6,0.3308961753851407,828.35,Sensor,Obsolete,Recycle
A1225,ZoneY,2005,2012,95.25,2,0.5729236608206558,774.89,Meter,Obsolete,Discard
A1226,ZoneX,2008,2012,95.19,1,0.313762157439461,1026.05,Transformer,Obsolete,Recycle
A1227,ZoneX,2006,2012,41.43,2,0.7276781522913083,361.48,Transformer,Obsolete,Recycle
A1228,SiteB,2006,2006,59.51,2,0.8385979231853815,927.55,Transformer,Obsolete,Sell
A1229,SiteB,2008,2016,76.89,0,0.2520224821891491,1743.97,Meter,Obsolete,Sell
A1230,ZoneY,2019,2025,125.81,3,0.0510740757959492,1871.49,Meter,Obsolete,Discard
A1231,SiteB,2010,2012,119.68,4,0.3517770809130159,1417.51,Sensor,Obsolete,Sell
A1232,ZoneY,2013,2019,18.84,5,0.4489666601321902,400.27,Transformer,Degraded,Recycle
A1233,SiteA,2023,2025,84.18,4,0.3336762863684238,509.3,Sensor,Obsolete,Recycle
A1234,ZoneY,2005,2011,132.1,4,0.4288389934140085,839.12,Sensor,Obsolete,Recycle
A1235,SiteB,2001,2007,114.25,2,0.6726236924578628,605.16,Transformer,Obsolete,Discard
A1236,SiteB,2004,2004,100.01,3,0.1872392611626004,533.4,Sensor,Obsolete,Discard
A1237,ZoneX,2008,2017,89.9,6,0.5423038250995441,880.19,Transformer,Obsolete,Recycle
A1238,ZoneX,2012,2015,101.59,5,0.5213194019722246,1930.84,Sensor,Degraded,Retain
A1239,SiteB,2001,2007,86.59,1,0.6623897750538488,1653.84,Transformer,Obsolete,Recycle
A1240,ZoneX,2005,2012,92.59,2,0.4274366387643912,970.63,Meter,Obsolete,Discard
A1241,ZoneX,2012,2016,60.74,2,0.2570850971737515,664.35,Sensor,Obsolete,Recycle
A1242,SiteA,2008,2010,85.59,2,0.7951484478055384,1613.0,Transformer,Obsolete,Recycle
A1243,SiteB,2002,2005,130.56,3,0.6242866090246948,1856.68,Sensor,Obsolete,Recycle
A1244,ZoneY,2005,2013,125.86,2,0.5923021859935326,1362.46,Transformer,Obsolete,Sell
A1245,ZoneY,2018,2018,101.29,1,0.2996761444787901,1302.8,Sensor,Obsolete,Discard
