customer_id,customer_name,contact,address,customer_type,registration_date,credit_limit,customer_status
5001,Arun Sharma 1,"{""email"": ""customer5001@example.com"", ""phone"": ""7905684901""}","{""city"": ""Coimbatore"", ""country"": ""India"", ""state"": ""Tamil Nadu""}",Retail,2022-02-08,506284.29,Active
5002,Manoj Menon 2,"{""email"": ""customer5002@example.com"", ""phone"": ""6020985220""}","{""city"": ""Kochi"", ""country"": ""India"", ""state"": ""Kerala""}",Wholesale,2025-06-11,585664.36,Active
5003,Pooja Nair 3,"{""email"": ""customer5003@example.com"", ""phone"": ""9870869039""}","{""city"": ""Mumbai"", ""country"": ""India"", ""state"": ""Maharashtra""}",Corporate,2018-05-20,406055.88,Active
5004,Vikram Bose 4,"{""email"": ""customer5004@example.com"", ""phone"": ""7843608479""}","{""city"": ""Jaipur"", ""country"": ""India"", ""state"": ""Rajasthan""}",Wholesale,2024-03-15,126774.39,Active
5005,Suresh Naidu 5,"{""email"": ""customer5005@example.com"", ""phone"": ""7161317156""}","{""city"": ""Hyderabad"", ""country"": ""India"", ""state"": ""Telangana""}",Wholesale,2020-01-10,915471.92,Active
5006,Kavya Shah 6,"{""email"": ""customer5006@example.com"", ""phone"": ""9765577163""}","{""city"": ""Kochi"", ""country"": ""India"", ""state"": ""Kerala""}",Retail,2022-07-05,279270.57,Active
5007,Kavya Pillai 7,"{""email"": ""customer5007@example.com"", ""phone"": ""9367733704""}","{""city"": ""Hyderabad"", ""country"": ""India"", ""state"": ""Telangana""}",Retail,2021-10-10,462904.17,Inactive
5008,Amit Kapoor 8,"{""email"": ""customer5008@example.com"", ""phone"": ""8193624637""}","{""city"": ""Delhi"", ""country"": ""India"", ""state"": ""Delhi""}",Wholesale,2026-11-18,544575.97,Active
5009,Neha Pillai 9,"{""email"": ""customer5009@example.com"", ""phone"": ""7965936420""}","{""city"": ""Ahmedabad"", ""country"": ""India"", ""state"": ""Gujarat""}",Corporate,2019-02-02,978878.66,Active
5010,Suresh Kapoor 10,"{""email"": ""customer5010@example.com"", ""phone"": ""7932806744""}","{""city"": ""Vellore"", ""country"": ""India"", ""state"": ""Tamil Nadu""}",Wholesale,2026-08-20,236210.68,Active
5011,Meena Reddy 11,"{""email"": ""customer5011@example.com"", ""phone"": ""7851818532""}","{""city"": ""Vellore"", ""country"": ""India"", ""state"": ""Tamil Nadu""}",Wholesale,2020-05-19,372464.76,Active
5012,Pooja Naidu 12,"{""email"": ""customer5012@example.com"", ""phone"": ""6062663393""}","{""city"": ""Kolkata"", ""country"": ""India"", ""state"": ""West Bengal""}",Wholesale,2020-05-08,454385.97,Active
5013,Rahul Bose 13,"{""email"": ""customer5013@example.com"", ""phone"": ""9599194641""}","{""city"": ""Delhi"", ""country"": ""India"", ""state"": ""Delhi""}",Retail,2021-07-12,388938.16,Active
5014,Ananya Sharma 14,"{""email"": ""customer5014@example.com"", ""phone"": ""9580625543""}","{""city"": ""Coimbatore"", ""country"": ""India"", ""state"": ""Tamil Nadu""}",Corporate,2024-12-19,676524.56,Inactive
5015,Nikhil Reddy 15,"{""email"": ""customer5015@example.com"", ""phone"": ""6605518866""}","{""city"": ""Coimbatore"", ""country"": ""India"", ""state"": ""Tamil Nadu""}",Wholesale,2025-04-11,404657.37,Active
5016,Suresh Kumar 16,"{""email"": ""customer5016@example.com"", ""phone"": ""6115379701""}","{""city"": ""Coimbatore"", ""country"": ""India"", ""state"": ""Tamil Nadu""}",Wholesale,2019-03-28,471388.94,Active
5017,Ravi Das 17,"{""email"": ""customer5017@example.com"", ""phone"": ""6609290514""}","{""city"": ""Ahmedabad"", ""country"": ""India"", ""state"": ""Gujarat""}",Wholesale,2023-10-04,202087.97,Active
5018,Manoj Kumar 18,"{""email"": ""customer5018@example.com"", ""phone"": ""9760079414""}","{""city"": ""Pune"", ""country"": ""India"", ""state"": ""Maharashtra""}",Wholesale,2018-01-19,918951.54,Active
5019,Priya Singh 19,"{""email"": ""customer5019@example.com"", ""phone"": ""6132397329""}","{""city"": ""Bengaluru"", ""country"": ""India"", ""state"": ""Karnataka""}",Corporate,2024-11-20,904327.3,Active
5020,Meena Iyer 20,"{""email"": ""customer5020@example.com"", ""phone"": ""8526758482""}","{""city"": ""Bengaluru"", ""country"": ""India"", ""state"": ""Karnataka""}",Wholesale,2024-06-21,447840.9,Inactive
5021,Pooja Kumar 21,"{""email"": ""customer5021@example.com"", ""phone"": ""9162672326""}","{""city"": ""Hyderabad"", ""country"": ""India"", ""state"": ""Telangana""}",Retail,2025-12-26,806236.43,Active
5022,Kavya Gupta 22,"{""email"": ""customer5022@example.com"", ""phone"": ""9380910069""}","{""city"": ""Chennai"", ""country"": ""India"", ""state"": ""Tamil Nadu""}",Corporate,2025-05-13,266332.54,Active
5023,Rahul Shah 23,"{""email"": ""customer5023@example.com"", ""phone"": ""7326595805""}","{""city"": ""Chennai"", ""country"": ""India"", ""state"": ""Tamil Nadu""}",Wholesale,2022-12-19,217050.87,Active
5024,Pooja Pillai 24,"{""email"": ""customer5024@example.com"", ""phone"": ""6800833361""}","{""city"": ""Vellore"", ""country"": ""India"", ""state"": ""Tamil Nadu""}",Individual,2024-04-17,908881.71,Active
5025,Arun Menon 25,"{""email"": ""customer5025@example.com"", ""phone"": ""7095073609""}","{""city"": ""Kochi"", ""country"": ""India"", ""state"": ""Kerala""}",Wholesale,2025-05-27,837506.55,Active
5026,Manoj Shah 26,"{""email"": ""customer5026@example.com"", ""phone"": ""7321158476""}","{""city"": ""Vellore"", ""country"": ""India"", ""state"": ""Tamil Nadu""}",Individual,2026-03-10,292202.44,Active
5027,Divya Reddy 27,"{""email"": ""customer5027@example.com"", ""phone"": ""9117257171""}","{""city"": ""Mumbai"", ""country"": ""India"", ""state"": ""Maharashtra""}",Retail,2021-11-03,193792.93,Active
5028,Vikram Iyer 28,"{""email"": ""customer5028@example.com"", ""phone"": ""6880272219""}","{""city"": ""Hyderabad"", ""country"": ""India"", ""state"": ""Telangana""}",Corporate,2020-02-21,586835.77,Active
5029,Keerthi Kumar 29,"{""email"": ""customer5029@example.com"", ""phone"": ""6061411661""}","{""city"": ""Kolkata"", ""country"": ""India"", ""state"": ""West Bengal""}",Retail,2020-02-11,706209.67,Active
5030,Divya Bose 30,"{""email"": ""customer5030@example.com"", ""phone"": ""7110538896""}","{""city"": ""Coimbatore"", ""country"": ""India"", ""state"": ""Tamil Nadu""}",Wholesale,2018-05-23,434411.77,Active
5031,Divya Reddy 31,"{""email"": ""customer5031@example.com"", ""phone"": ""9152884753""}","{""city"": ""Delhi"", ""country"": ""India"", ""state"": ""Delhi""}",Retail,2019-06-27,658655.92,Active
5032,Manoj Kapoor 32,"{""email"": ""customer5032@example.com"", ""phone"": ""9598430797""}","{""city"": ""Chennai"", ""country"": ""India"", ""state"": ""Tamil Nadu""}",Corporate,2022-06-14,587312.0,Active
5033,Neha Shah 33,"{""email"": ""customer5033@example.com"", ""phone"": ""9954054913""}","{""city"": ""Pune"", ""country"": ""India"", ""state"": ""Maharashtra""}",Retail,2022-06-15,758039.58,Active
5034,Neha Joshi 34,"{""email"": ""customer5034@example.com"", ""phone"": ""9699374428""}","{""city"": ""Mumbai"", ""country"": ""India"", ""state"": ""Maharashtra""}",Wholesale,2025-12-14,493641.49,Active
5035,Swathi Menon 35,"{""email"": ""customer5035@example.com"", ""phone"": ""9650156132""}","{""city"": ""Kolkata"", ""country"": ""India"", ""state"": ""West Bengal""}",Corporate,2023-03-01,596462.63,Active
5036,Ravi Sharma 36,"{""email"": ""customer5036@example.com"", ""phone"": ""7234880939""}","{""city"": ""Mumbai"", ""country"": ""India"", ""state"": ""Maharashtra""}",Retail,2020-02-16,540989.25,Active
5037,Ravi Rao 37,"{""email"": ""customer5037@example.com"", ""phone"": ""9179996476""}","{""city"": ""Kolkata"", ""country"": ""India"", ""state"": ""West Bengal""}",Wholesale,2025-03-15,163199.61,Active
5038,Priya Pillai 38,"{""email"": ""customer5038@example.com"", ""phone"": ""9824286893""}","{""city"": ""Vellore"", ""country"": ""India"", ""state"": ""Tamil Nadu""}",Corporate,2026-06-23,605039.0,Active
5039,Amit Gupta 39,"{""email"": ""customer5039@example.com"", ""phone"": ""6149039892""}","{""city"": ""Jaipur"", ""country"": ""India"", ""state"": ""Rajasthan""}",Individual,2021-11-17,395405.96,Active
5040,Keerthi Sharma 40,"{""email"": ""customer5040@example.com"", ""phone"": ""7055505208""}","{""city"": ""Hyderabad"", ""country"": ""India"", ""state"": ""Telangana""}",Corporate,2024-07-07,805097.89,Active
5041,Manoj Singh 41,"{""email"": ""customer5041@example.com"", ""phone"": ""8433831668""}","{""city"": ""Bengaluru"", ""country"": ""India"", ""state"": ""Karnataka""}",Corporate,2018-04-03,260769.08,Active
5042,Swathi Gupta 42,"{""email"": ""customer5042@example.com"", ""phone"": ""8871546032""}","{""city"": ""Vellore"", ""country"": ""India"", ""state"": ""Tamil Nadu""}",Individual,2019-02-26,415471.59,Active
5043,Nikhil Menon 43,"{""email"": ""customer5043@example.com"", ""phone"": ""7595712127""}","{""city"": ""Kolkata"", ""country"": ""India"", ""state"": ""West Bengal""}",Corporate,2023-06-17,704116.32,Active
5044,Rahul Gupta 44,"{""email"": ""customer5044@example.com"", ""phone"": ""6828315917""}","{""city"": ""Ahmedabad"", ""country"": ""India"", ""state"": ""Gujarat""}",Retail,2024-02-11,618397.47,Inactive
5045,Meena Menon 45,"{""email"": ""customer5045@example.com"", ""phone"": ""6312922555""}","{""city"": ""Mumbai"", ""country"": ""India"", ""state"": ""Maharashtra""}",Retail,2025-12-17,958704.74,Active
5046,Rahul Das 46,"{""email"": ""customer5046@example.com"", ""phone"": ""7409515937""}","{""city"": ""Bengaluru"", ""country"": ""India"", ""state"": ""Karnataka""}",Wholesale,2026-08-23,969657.36,Inactive
5047,Meena Naidu 47,"{""email"": ""customer5047@example.com"", ""phone"": ""9058223705""}","{""city"": ""Ahmedabad"", ""country"": ""India"", ""state"": ""Gujarat""}",Wholesale,2024-04-22,717826.07,Active
5048,Manoj Iyer 48,"{""email"": ""customer5048@example.com"", ""phone"": ""7404543445""}","{""city"": ""Pune"", ""country"": ""India"", ""state"": ""Maharashtra""}",Retail,2022-02-15,906358.93,Active
5049,Ananya Gupta 49,"{""email"": ""customer5049@example.com"", ""phone"": ""9696728009""}","{""city"": ""Ahmedabad"", ""country"": ""India"", ""state"": ""Gujarat""}",Retail,2019-12-14,935914.73,Active
5050,Keerthi Singh 50,"{""email"": ""customer5050@example.com"", ""phone"": ""7689358219""}","{""city"": ""Delhi"", ""country"": ""India"", ""state"": ""Delhi""}",Wholesale,2024-12-06,158953.47,Active
5051,Pooja Singh 51,"{""email"": ""customer5051@example.com"", ""phone"": ""7864475847""}","{""city"": ""Mumbai"", ""country"": ""India"", ""state"": ""Maharashtra""}",Retail,2019-08-19,575474.67,Active
5052,Nikhil Patel 52,"{""email"": ""customer5052@example.com"", ""phone"": ""8605831917""}","{""city"": ""Chennai"", ""country"": ""India"", ""state"": ""Tamil Nadu""}",Individual,2019-01-05,687683.43,Inactive
5053,Manoj Mishra 53,"{""email"": ""customer5053@example.com"", ""phone"": ""6682235980""}","{""city"": ""Mumbai"", ""country"": ""India"", ""state"": ""Maharashtra""}",Individual,2020-01-07,917229.29,Active
5054,Divya Verma 54,"{""email"": ""customer5054@example.com"", ""phone"": ""9139662681""}","{""city"": ""Mumbai"", ""country"": ""India"", ""state"": ""Maharashtra""}",Retail,2019-10-02,192233.82,Active
5055,Vikram Iyer 55,"{""email"": ""customer5055@example.com"", ""phone"": ""6153121203""}","{""city"": ""Kochi"", ""country"": ""India"", ""state"": ""Kerala""}",Individual,2022-07-23,405918.92,Active
5056,Ravi Sharma 56,"{""email"": ""customer5056@example.com"", ""phone"": ""8241645514""}","{""city"": ""Bengaluru"", ""country"": ""India"", ""state"": ""Karnataka""}",Corporate,2021-10-07,305750.13,Active
5057,Manoj Patel 57,"{""email"": ""customer5057@example.com"", ""phone"": ""7187623976""}","{""city"": ""Pune"", ""country"": ""India"", ""state"": ""Maharashtra""}",Individual,2020-06-08,254142.13,Active
5058,Swathi Rao 58,"{""email"": ""customer5058@example.com"", ""phone"": ""6281516924""}","{""city"": ""Mumbai"", ""country"": ""India"", ""state"": ""Maharashtra""}",Wholesale,2023-10-25,896619.22,Active
5059,Ravi Sharma 59,"{""email"": ""customer5059@example.com"", ""phone"": ""8095339195""}","{""city"": ""Hyderabad"", ""country"": ""India"", ""state"": ""Telangana""}",Wholesale,2026-05-07,384845.76,Active
5060,Suresh Nair 60,"{""email"": ""customer5060@example.com"", ""phone"": ""8214018627""}","{""city"": ""Kochi"", ""country"": ""India"", ""state"": ""Kerala""}",Individual,2021-12-28,858594.45,Active
5061,Divya Gupta 61,"{""email"": ""customer5061@example.com"", ""phone"": ""6016791115""}","{""city"": ""Ahmedabad"", ""country"": ""India"", ""state"": ""Gujarat""}",Wholesale,2025-01-05,929675.91,Active
5062,Kavya Naidu 62,"{""email"": ""customer5062@example.com"", ""phone"": ""6746852938""}","{""city"": ""Chennai"", ""country"": ""India"", ""state"": ""Tamil Nadu""}",Corporate,2018-08-16,685736.41,Active
5063,Suresh Shah 63,"{""email"": ""customer5063@example.com"", ""phone"": ""7873315138""}","{""city"": ""Bengaluru"", ""country"": ""India"", ""state"": ""Karnataka""}",Wholesale,2020-08-16,359568.85,Active
5064,Ravi Shah 64,"{""email"": ""customer5064@example.com"", ""phone"": ""6967406615""}","{""city"": ""Vellore"", ""country"": ""India"", ""state"": ""Tamil Nadu""}",Wholesale,2025-03-15,337478.38,Active
5065,Vikram Joshi 65,"{""email"": ""customer5065@example.com"", ""phone"": ""7744987718""}","{""city"": ""Vellore"", ""country"": ""India"", ""state"": ""Tamil Nadu""}",Retail,2022-08-04,128108.96,Active
5066,Ananya Mehta 66,"{""email"": ""customer5066@example.com"", ""phone"": ""7143560689""}","{""city"": ""Bengaluru"", ""country"": ""India"", ""state"": ""Karnataka""}",Corporate,2021-10-24,476104.55,Active
5067,Kavya Singh 67,"{""email"": ""customer5067@example.com"", ""phone"": ""9799767239""}","{""city"": ""Coimbatore"", ""country"": ""India"", ""state"": ""Tamil Nadu""}",Wholesale,2019-06-02,834743.85,Active
5068,Nikhil Mehta 68,"{""email"": ""customer5068@example.com"", ""phone"": ""9670813978""}","{""city"": ""Bengaluru"", ""country"": ""India"", ""state"": ""Karnataka""}",Wholesale,2018-07-06,516640.36,Active
5069,Keerthi Patel 69,"{""email"": ""customer5069@example.com"", ""phone"": ""9570605732""}","{""city"": ""Delhi"", ""country"": ""India"", ""state"": ""Delhi""}",Corporate,2025-04-07,612945.63,Active
5070,Aditya Reddy 70,"{""email"": ""customer5070@example.com"", ""phone"": ""6635819302""}","{""city"": ""Chennai"", ""country"": ""India"", ""state"": ""Tamil Nadu""}",Retail,2021-08-04,362971.47,Active
5071,Rahul Rao 71,"{""email"": ""customer5071@example.com"", ""phone"": ""9444740693""}","{""city"": ""Kochi"", ""country"": ""India"", ""state"": ""Kerala""}",Corporate,2023-06-15,107168.89,Active
5072,Neha Menon 72,"{""email"": ""customer5072@example.com"", ""phone"": ""8568562234""}","{""city"": ""Pune"", ""country"": ""India"", ""state"": ""Maharashtra""}",Individual,2020-03-02,69711.7,Active
5073,Meena Joshi 73,"{""email"": ""customer5073@example.com"", ""phone"": ""7146952419""}","{""city"": ""Hyderabad"", ""country"": ""India"", ""state"": ""Telangana""}",Wholesale,2021-07-09,269705.57,Active
5074,Divya Iyer 74,"{""email"": ""customer5074@example.com"", ""phone"": ""6671346874""}","{""city"": ""Kochi"", ""country"": ""India"", ""state"": ""Kerala""}",Individual,2024-10-03,640752.08,Active
5075,Swathi Das 75,"{""email"": ""customer5075@example.com"", ""phone"": ""7370696357""}","{""city"": ""Coimbatore"", ""country"": ""India"", ""state"": ""Tamil Nadu""}",Corporate,2020-08-13,475270.19,Active
5076,Sneha Shah 76,"{""email"": ""customer5076@example.com"", ""phone"": ""6457085776""}","{""city"": ""Jaipur"", ""country"": ""India"", ""state"": ""Rajasthan""}",Individual,2026-08-18,611545.19,Active
5077,Arun Sharma 77,"{""email"": ""customer5077@example.com"", ""phone"": ""8525447553""}","{""city"": ""Kolkata"", ""country"": ""India"", ""state"": ""West Bengal""}",Individual,2023-04-02,902024.58,Active
5078,Amit Shah 78,"{""email"": ""customer5078@example.com"", ""phone"": ""7915316650""}","{""city"": ""Bengaluru"", ""country"": ""India"", ""state"": ""Karnataka""}",Wholesale,2020-06-17,301594.13,Active
5079,Manoj Rao 79,"{""email"": ""customer5079@example.com"", ""phone"": ""7986513121""}","{""city"": ""Pune"", ""country"": ""India"", ""state"": ""Maharashtra""}",Individual,2019-08-06,260295.99,Active
5080,Karthik Joshi 80,"{""email"": ""customer5080@example.com"", ""phone"": ""7519160234""}","{""city"": ""Pune"", ""country"": ""India"", ""state"": ""Maharashtra""}",Retail,2021-04-06,859278.92,Active
5081,Amit Singh 81,"{""email"": ""customer5081@example.com"", ""phone"": ""7429781393""}","{""city"": ""Vellore"", ""country"": ""India"", ""state"": ""Tamil Nadu""}",Individual,2023-05-24,478900.91,Active
5082,Kavya Shah 82,"{""email"": ""customer5082@example.com"", ""phone"": ""7700305849""}","{""city"": ""Mumbai"", ""country"": ""India"", ""state"": ""Maharashtra""}",Retail,2019-09-12,375001.02,Active
5083,Amit Kumar 83,"{""email"": ""customer5083@example.com"", ""phone"": ""6179422356""}","{""city"": ""Mumbai"", ""country"": ""India"", ""state"": ""Maharashtra""}",Corporate,2024-06-26,712705.63,Active
5084,Neha Gupta 84,"{""email"": ""customer5084@example.com"", ""phone"": ""8215503421""}","{""city"": ""Mumbai"", ""country"": ""India"", ""state"": ""Maharashtra""}",Wholesale,2020-03-19,646491.93,Active
5085,Sneha Patel 85,"{""email"": ""customer5085@example.com"", ""phone"": ""9145430863""}","{""city"": ""Ahmedabad"", ""country"": ""India"", ""state"": ""Gujarat""}",Wholesale,2020-03-05,355048.68,Active
5086,Pooja Iyer 86,"{""email"": ""customer5086@example.com"", ""phone"": ""6987207667""}","{""city"": ""Ahmedabad"", ""country"": ""India"", ""state"": ""Gujarat""}",Retail,2023-12-07,411586.37,Active
5087,Karthik Singh 87,"{""email"": ""customer5087@example.com"", ""phone"": ""6246606922""}","{""city"": ""Vellore"", ""country"": ""India"", ""state"": ""Tamil Nadu""}",Corporate,2022-03-14,628356.9,Active
5088,Nikhil Iyer 88,"{""email"": ""customer5088@example.com"", ""phone"": ""6768532208""}","{""city"": ""Kolkata"", ""country"": ""India"", ""state"": ""West Bengal""}",Corporate,2019-04-26,143813.26,Active
5089,Ananya Rao 89,"{""email"": ""customer5089@example.com"", ""phone"": ""9833223813""}","{""city"": ""Bengaluru"", ""country"": ""India"", ""state"": ""Karnataka""}",Corporate,2023-11-25,615958.05,Active
5090,Karthik Kapoor 90,"{""email"": ""customer5090@example.com"", ""phone"": ""7692745635""}","{""city"": ""Jaipur"", ""country"": ""India"", ""state"": ""Rajasthan""}",Corporate,2023-01-03,568067.12,Active
5091,Priya Naidu 91,"{""email"": ""customer5091@example.com"", ""phone"": ""8009347684""}","{""city"": ""Pune"", ""country"": ""India"", ""state"": ""Maharashtra""}",Corporate,2023-04-20,667750.08,Active
5092,Aditya Kumar 92,"{""email"": ""customer5092@example.com"", ""phone"": ""6216025835""}","{""city"": ""Delhi"", ""country"": ""India"", ""state"": ""Delhi""}",Retail,2024-08-22,518135.37,Active
5093,Aditya Rao 93,"{""email"": ""customer5093@example.com"", ""phone"": ""8954220235""}","{""city"": ""Pune"", ""country"": ""India"", ""state"": ""Maharashtra""}",Corporate,2024-07-13,445643.86,Active
5094,Amit Bose 94,"{""email"": ""customer5094@example.com"", ""phone"": ""6681908159""}","{""city"": ""Chennai"", ""country"": ""India"", ""state"": ""Tamil Nadu""}",Wholesale,2022-04-17,907786.32,Active
5095,Sneha Pillai 95,"{""email"": ""customer5095@example.com"", ""phone"": ""6709388412""}","{""city"": ""Mumbai"", ""country"": ""India"", ""state"": ""Maharashtra""}",Retail,2023-10-06,797937.99,Active
5096,Ananya Menon 96,"{""email"": ""customer5096@example.com"", ""phone"": ""7923827097""}","{""city"": ""Ahmedabad"", ""country"": ""India"", ""state"": ""Gujarat""}",Corporate,2020-04-26,500645.58,Active
5097,Aditya Nair 97,"{""email"": ""customer5097@example.com"", ""phone"": ""8033996113""}","{""city"": ""Hyderabad"", ""country"": ""India"", ""state"": ""Telangana""}",Individual,2024-09-27,734464.2,Active
5098,Suresh Gupta 98,"{""email"": ""customer5098@example.com"", ""phone"": ""8740333287""}","{""city"": ""Coimbatore"", ""country"": ""India"", ""state"": ""Tamil Nadu""}",Wholesale,2021-11-22,878357.61,Inactive
5099,Ravi Reddy 99,"{""email"": ""customer5099@example.com"", ""phone"": ""7281026290""}","{""city"": ""Pune"", ""country"": ""India"", ""state"": ""Maharashtra""}",Retail,2024-02-02,109760.78,Active
5100,Swathi Naidu 100,"{""email"": ""customer5100@example.com"", ""phone"": ""7658344312""}","{""city"": ""Pune"", ""country"": ""India"", ""state"": ""Maharashtra""}",Retail,2026-07-06,944080.41,Active
5101,Divya Kumar 101,"{""email"": ""customer5101@example.com"", ""phone"": ""9238025418""}","{""city"": ""Coimbatore"", ""country"": ""India"", ""state"": ""Tamil Nadu""}",Corporate,2022-05-20,688176.33,Active
5102,Amit Mehta 102,"{""email"": ""customer5102@example.com"", ""phone"": ""9037728898""}","{""city"": ""Jaipur"", ""country"": ""India"", ""state"": ""Rajasthan""}",Wholesale,2023-02-17,431660.72,Active
5103,Manoj Naidu 103,"{""email"": ""customer5103@example.com"", ""phone"": ""6978643181""}","{""city"": ""Jaipur"", ""country"": ""India"", ""state"": ""Rajasthan""}",Corporate,2022-05-02,872106.33,Active
5104,Keerthi Singh 104,"{""email"": ""customer5104@example.com"", ""phone"": ""7150429205""}","{""city"": ""Kolkata"", ""country"": ""India"", ""state"": ""West Bengal""}",Retail,2018-02-13,435307.33,Active
5105,Aditya Das 105,"{""email"": ""customer5105@example.com"", ""phone"": ""8712863596""}","{""city"": ""Coimbatore"", ""country"": ""India"", ""state"": ""Tamil Nadu""}",Individual,2021-08-16,113782.47,Active
5106,Neha Singh 106,"{""email"": ""customer5106@example.com"", ""phone"": ""6411458768""}","{""city"": ""Coimbatore"", ""country"": ""India"", ""state"": ""Tamil Nadu""}",Wholesale,2020-01-03,200871.04,Active
5107,Ravi Iyer 107,"{""email"": ""customer5107@example.com"", ""phone"": ""6928782802""}","{""city"": ""Coimbatore"", ""country"": ""India"", ""state"": ""Tamil Nadu""}",Individual,2021-10-04,929976.14,Active
5108,Karthik Kumar 108,"{""email"": ""customer5108@example.com"", ""phone"": ""8549694760""}","{""city"": ""Pune"", ""country"": ""India"", ""state"": ""Maharashtra""}",Corporate,2021-11-03,102560.75,Active
5109,Aditya Pillai 109,"{""email"": ""customer5109@example.com"", ""phone"": ""8078362734""}","{""city"": ""Coimbatore"", ""country"": ""India"", ""state"": ""Tamil Nadu""}",Corporate,2021-02-18,59090.21,Active
5110,Suresh Reddy 110,"{""email"": ""customer5110@example.com"", ""phone"": ""8847935396""}","{""city"": ""Ahmedabad"", ""country"": ""India"", ""state"": ""Gujarat""}",Retail,2023-10-01,498808.9,Active
5111,Arun Reddy 111,"{""email"": ""customer5111@example.com"", ""phone"": ""8818178537""}","{""city"": ""Ahmedabad"", ""country"": ""India"", ""state"": ""Gujarat""}",Individual,2018-01-23,952437.05,Active
5112,Karthik Bose 112,"{""email"": ""customer5112@example.com"", ""phone"": ""7024169227""}","{""city"": ""Mumbai"", ""country"": ""India"", ""state"": ""Maharashtra""}",Wholesale,2021-03-10,991408.07,Active
5113,Rahul Menon 113,"{""email"": ""customer5113@example.com"", ""phone"": ""7222683572""}","{""city"": ""Kolkata"", ""country"": ""India"", ""state"": ""West Bengal""}",Retail,2025-02-12,321833.83,Active
5114,Manoj Mishra 114,"{""email"": ""customer5114@example.com"", ""phone"": ""6046363383""}","{""city"": ""Vellore"", ""country"": ""India"", ""state"": ""Tamil Nadu""}",Corporate,2025-11-02,495566.88,Active
5115,Priya Mehta 115,"{""email"": ""customer5115@example.com"", ""phone"": ""7019691609""}","{""city"": ""Coimbatore"", ""country"": ""India"", ""state"": ""Tamil Nadu""}",Individual,2018-05-02,864521.38,Active
5116,Keerthi Reddy 116,"{""email"": ""customer5116@example.com"", ""phone"": ""6767601749""}","{""city"": ""Kochi"", ""country"": ""India"", ""state"": ""Kerala""}",Corporate,2021-05-21,188537.96,Active
5117,Aditya Singh 117,"{""email"": ""customer5117@example.com"", ""phone"": ""6764282757""}","{""city"": ""Jaipur"", ""country"": ""India"", ""state"": ""Rajasthan""}",Wholesale,2018-01-12,705446.65,Active
5118,Pooja Joshi 118,"{""email"": ""customer5118@example.com"", ""phone"": ""6687956353""}","{""city"": ""Coimbatore"", ""country"": ""India"", ""state"": ""Tamil Nadu""}",Wholesale,2023-03-23,168866.55,Active
5119,Kavya Pillai 119,"{""email"": ""customer5119@example.com"", ""phone"": ""8007134638""}","{""city"": ""Coimbatore"", ""country"": ""India"", ""state"": ""Tamil Nadu""}",Wholesale,2019-04-04,732407.98,Active
5120,Nikhil Kumar 120,"{""email"": ""customer5120@example.com"", ""phone"": ""6435999088""}","{""city"": ""Kochi"", ""country"": ""India"", ""state"": ""Kerala""}",Individual,2021-03-13,415869.06,Active
5121,Manoj Pillai 121,"{""email"": ""customer5121@example.com"", ""phone"": ""9164767604""}","{""city"": ""Vellore"", ""country"": ""India"", ""state"": ""Tamil Nadu""}",Corporate,2024-08-26,954257.83,Active
5122,Swathi Joshi 122,"{""email"": ""customer5122@example.com"", ""phone"": ""9756691367""}","{""city"": ""Mumbai"", ""country"": ""India"", ""state"": ""Maharashtra""}",Wholesale,2019-06-07,760162.1,Active
5123,Priya Mehta 123,"{""email"": ""customer5123@example.com"", ""phone"": ""8462615267""}","{""city"": ""Bengaluru"", ""country"": ""India"", ""state"": ""Karnataka""}",Wholesale,2018-03-06,106577.63,Active
5124,Arun Rao 124,"{""email"": ""customer5124@example.com"", ""phone"": ""8893558291""}","{""city"": ""Mumbai"", ""country"": ""India"", ""state"": ""Maharashtra""}",Individual,2021-11-28,376988.66,Active
5125,Rahul Sharma 125,"{""email"": ""customer5125@example.com"", ""phone"": ""8855051118""}","{""city"": ""Ahmedabad"", ""country"": ""India"", ""state"": ""Gujarat""}",Wholesale,2026-05-25,51781.94,Active
5126,Swathi Menon 126,"{""email"": ""customer5126@example.com"", ""phone"": ""6703587131""}","{""city"": ""Mumbai"", ""country"": ""India"", ""state"": ""Maharashtra""}",Wholesale,2018-09-09,427538.93,Active
5127,Divya Pillai 127,"{""email"": ""customer5127@example.com"", ""phone"": ""7941687043""}","{""city"": ""Chennai"", ""country"": ""India"", ""state"": ""Tamil Nadu""}",Retail,2021-08-17,73273.27,Active
5128,Pooja Joshi 128,"{""email"": ""customer5128@example.com"", ""phone"": ""7170815304""}","{""city"": ""Jaipur"", ""country"": ""India"", ""state"": ""Rajasthan""}",Wholesale,2021-01-21,835008.41,Active
5129,Arun Patel 129,"{""email"": ""customer5129@example.com"", ""phone"": ""8136963606""}","{""city"": ""Kolkata"", ""country"": ""India"", ""state"": ""West Bengal""}",Corporate,2021-06-11,455819.32,Active
5130,Ananya Naidu 130,"{""email"": ""customer5130@example.com"", ""phone"": ""6804869293""}","{""city"": ""Ahmedabad"", ""country"": ""India"", ""state"": ""Gujarat""}",Individual,2025-04-24,139859.73,Active
5131,Kavya Patel 131,"{""email"": ""customer5131@example.com"", ""phone"": ""9227266296""}","{""city"": ""Bengaluru"", ""country"": ""India"", ""state"": ""Karnataka""}",Corporate,2020-01-12,86630.66,Active
5132,Neha Naidu 132,"{""email"": ""customer5132@example.com"", ""phone"": ""6133290431""}","{""city"": ""Chennai"", ""country"": ""India"", ""state"": ""Tamil Nadu""}",Individual,2024-04-28,888650.08,Active
5133,Priya Joshi 133,"{""email"": ""customer5133@example.com"", ""phone"": ""7352047556""}","{""city"": ""Mumbai"", ""country"": ""India"", ""state"": ""Maharashtra""}",Individual,2018-03-10,89489.68,Active
5134,Rahul Patel 134,"{""email"": ""customer5134@example.com"", ""phone"": ""7979500120""}","{""city"": ""Kochi"", ""country"": ""India"", ""state"": ""Kerala""}",Individual,2022-08-26,676586.03,Active
5135,Swathi Naidu 135,"{""email"": ""customer5135@example.com"", ""phone"": ""7741776620""}","{""city"": ""Mumbai"", ""country"": ""India"", ""state"": ""Maharashtra""}",Corporate,2025-10-14,639986.4,Active
5136,Aditya Kumar 136,"{""email"": ""customer5136@example.com"", ""phone"": ""7322444409""}","{""city"": ""Hyderabad"", ""country"": ""India"", ""state"": ""Telangana""}",Wholesale,2018-08-24,554449.13,Active
5137,Kavya Kapoor 137,"{""email"": ""customer5137@example.com"", ""phone"": ""6268181221""}","{""city"": ""Bengaluru"", ""country"": ""India"", ""state"": ""Karnataka""}",Individual,2026-11-17,122303.48,Active
5138,Nikhil Joshi 138,"{""email"": ""customer5138@example.com"", ""phone"": ""7995966225""}","{""city"": ""Hyderabad"", ""country"": ""India"", ""state"": ""Telangana""}",Retail,2023-12-14,430690.57,Active
5139,Neha Kumar 139,"{""email"": ""customer5139@example.com"", ""phone"": ""6414177800""}","{""city"": ""Mumbai"", ""country"": ""India"", ""state"": ""Maharashtra""}",Retail,2020-05-19,63035.27,Active
5140,Sneha Patel 140,"{""email"": ""customer5140@example.com"", ""phone"": ""9863308794""}","{""city"": ""Vellore"", ""country"": ""India"", ""state"": ""Tamil Nadu""}",Retail,2025-07-10,873251.64,Active
5141,Meena Naidu 141,"{""email"": ""customer5141@example.com"", ""phone"": ""6018023548""}","{""city"": ""Chennai"", ""country"": ""India"", ""state"": ""Tamil Nadu""}",Wholesale,2020-03-22,711369.38,Active
5142,Vikram Mishra 142,"{""email"": ""customer5142@example.com"", ""phone"": ""7977612634""}","{""city"": ""Bengaluru"", ""country"": ""India"", ""state"": ""Karnataka""}",Corporate,2022-08-17,339530.43,Active
5143,Keerthi Nair 143,"{""email"": ""customer5143@example.com"", ""phone"": ""8285418041""}","{""city"": ""Coimbatore"", ""country"": ""India"", ""state"": ""Tamil Nadu""}",Wholesale,2018-10-12,536031.04,Active
5144,Nikhil Nair 144,"{""email"": ""customer5144@example.com"", ""phone"": ""7969584453""}","{""city"": ""Bengaluru"", ""country"": ""India"", ""state"": ""Karnataka""}",Corporate,2023-12-17,628914.18,Active
5145,Sneha Shah 145,"{""email"": ""customer5145@example.com"", ""phone"": ""9830033511""}","{""city"": ""Bengaluru"", ""country"": ""India"", ""state"": ""Karnataka""}",Individual,2021-11-24,184323.85,Active
5146,Neha Pillai 146,"{""email"": ""customer5146@example.com"", ""phone"": ""6839443600""}","{""city"": ""Chennai"", ""country"": ""India"", ""state"": ""Tamil Nadu""}",Wholesale,2021-10-17,771645.99,Active
5147,Pooja Das 147,"{""email"": ""customer5147@example.com"", ""phone"": ""8514858653""}","{""city"": ""Hyderabad"", ""country"": ""India"", ""state"": ""Telangana""}",Corporate,2022-03-22,336117.75,Active
5148,Suresh Mehta 148,"{""email"": ""customer5148@example.com"", ""phone"": ""6332605694""}","{""city"": ""Jaipur"", ""country"": ""India"", ""state"": ""Rajasthan""}",Retail,2023-03-23,669975.61,Active
5149,Suresh Das 149,"{""email"": ""customer5149@example.com"", ""phone"": ""9680304195""}","{""city"": ""Coimbatore"", ""country"": ""India"", ""state"": ""Tamil Nadu""}",Wholesale,2025-04-11,897580.28,Inactive
5150,Kavya Pillai 150,"{""email"": ""customer5150@example.com"", ""phone"": ""7821610653""}","{""city"": ""Jaipur"", ""country"": ""India"", ""state"": ""Rajasthan""}",Corporate,2020-01-28,264697.14,Active
5151,Rahul Verma 151,"{""email"": ""customer5151@example.com"", ""phone"": ""7710932776""}","{""city"": ""Vellore"", ""country"": ""India"", ""state"": ""Tamil Nadu""}",Corporate,2022-12-05,274040.32,Active
5152,Neha Nair 152,"{""email"": ""customer5152@example.com"", ""phone"": ""9434732515""}","{""city"": ""Mumbai"", ""country"": ""India"", ""state"": ""Maharashtra""}",Retail,2020-07-07,202398.7,Active
5153,Divya Gupta 153,"{""email"": ""customer5153@example.com"", ""phone"": ""7562536100""}","{""city"": ""Mumbai"", ""country"": ""India"", ""state"": ""Maharashtra""}",Wholesale,2025-01-10,804232.3,Active
5154,Karthik Iyer 154,"{""email"": ""customer5154@example.com"", ""phone"": ""6361003701""}","{""city"": ""Jaipur"", ""country"": ""India"", ""state"": ""Rajasthan""}",Individual,2022-04-09,127621.58,Active
5155,Sneha Shah 155,"{""email"": ""customer5155@example.com"", ""phone"": ""8755414852""}","{""city"": ""Ahmedabad"", ""country"": ""India"", ""state"": ""Gujarat""}",Wholesale,2022-05-19,187533.06,Active
5156,Karthik Nair 156,"{""email"": ""customer5156@example.com"", ""phone"": ""9677752415""}","{""city"": ""Jaipur"", ""country"": ""India"", ""state"": ""Rajasthan""}",Wholesale,2026-09-23,394101.27,Active
5157,Kavya Reddy 157,"{""email"": ""customer5157@example.com"", ""phone"": ""9907776037""}","{""city"": ""Mumbai"", ""country"": ""India"", ""state"": ""Maharashtra""}",Retail,2019-03-20,291282.97,Active
5158,Neha Rao 158,"{""email"": ""customer5158@example.com"", ""phone"": ""6764647689""}","{""city"": ""Ahmedabad"", ""country"": ""India"", ""state"": ""Gujarat""}",Retail,2020-05-22,194191.2,Active
5159,Aditya Mehta 159,"{""email"": ""customer5159@example.com"", ""phone"": ""8269083465""}","{""city"": ""Bengaluru"", ""country"": ""India"", ""state"": ""Karnataka""}",Retail,2023-04-21,390290.76,Active
5160,Arun Sharma 160,"{""email"": ""customer5160@example.com"", ""phone"": ""7995947413""}","{""city"": ""Vellore"", ""country"": ""India"", ""state"": ""Tamil Nadu""}",Wholesale,2023-04-28,814283.02,Active
5161,Divya Shah 161,"{""email"": ""customer5161@example.com"", ""phone"": ""9794360114""}","{""city"": ""Jaipur"", ""country"": ""India"", ""state"": ""Rajasthan""}",Corporate,2019-09-08,919466.31,Active
5162,Manoj Nair 162,"{""email"": ""customer5162@example.com"", ""phone"": ""7117015325""}","{""city"": ""Chennai"", ""country"": ""India"", ""state"": ""Tamil Nadu""}",Wholesale,2023-08-27,746646.48,Inactive
5163,Divya Joshi 163,"{""email"": ""customer5163@example.com"", ""phone"": ""7287889153""}","{""city"": ""Chennai"", ""country"": ""India"", ""state"": ""Tamil Nadu""}",Corporate,2026-02-05,749216.78,Active
5164,Meena Sharma 164,"{""email"": ""customer5164@example.com"", ""phone"": ""9513154661""}","{""city"": ""Jaipur"", ""country"": ""India"", ""state"": ""Rajasthan""}",Individual,2024-03-10,922893.27,Active
5165,Keerthi Joshi 165,"{""email"": ""customer5165@example.com"", ""phone"": ""6490622180""}","{""city"": ""Chennai"", ""country"": ""India"", ""state"": ""Tamil Nadu""}",Individual,2024-07-24,393179.39,Active
5166,Pooja Rao 166,"{""email"": ""customer5166@example.com"", ""phone"": ""8607628934""}","{""city"": ""Jaipur"", ""country"": ""India"", ""state"": ""Rajasthan""}",Individual,2024-04-24,883928.21,Active
5167,Priya Joshi 167,"{""email"": ""customer5167@example.com"", ""phone"": ""7452409209""}","{""city"": ""Vellore"", ""country"": ""India"", ""state"": ""Tamil Nadu""}",Individual,2026-08-20,439122.12,Active
5168,Keerthi Kumar 168,"{""email"": ""customer5168@example.com"", ""phone"": ""6439698357""}","{""city"": ""Hyderabad"", ""country"": ""India"", ""state"": ""Telangana""}",Individual,2025-02-12,902882.11,Active
5169,Priya Kumar 169,"{""email"": ""customer5169@example.com"", ""phone"": ""9907450152""}","{""city"": ""Coimbatore"", ""country"": ""India"", ""state"": ""Tamil Nadu""}",Wholesale,2021-02-14,767501.37,Active
5170,Aditya Naidu 170,"{""email"": ""customer5170@example.com"", ""phone"": ""7785091235""}","{""city"": ""Delhi"", ""country"": ""India"", ""state"": ""Delhi""}",Corporate,2020-09-26,647899.91,Active
5171,Rahul Gupta 171,"{""email"": ""customer5171@example.com"", ""phone"": ""9210629108""}","{""city"": ""Coimbatore"", ""country"": ""India"", ""state"": ""Tamil Nadu""}",Wholesale,2018-09-13,162484.67,Active
5172,Aditya Mishra 172,"{""email"": ""customer5172@example.com"", ""phone"": ""8170053505""}","{""city"": ""Delhi"", ""country"": ""India"", ""state"": ""Delhi""}",Wholesale,2024-07-20,184828.5,Inactive
5173,Divya Gupta 173,"{""email"": ""customer5173@example.com"", ""phone"": ""6585897732""}","{""city"": ""Jaipur"", ""country"": ""India"", ""state"": ""Rajasthan""}",Wholesale,2019-05-03,407450.17,Active
5174,Manoj Pillai 174,"{""email"": ""customer5174@example.com"", ""phone"": ""6290896877""}","{""city"": ""Bengaluru"", ""country"": ""India"", ""state"": ""Karnataka""}",Wholesale,2025-03-08,589344.86,Active
5175,Aditya Gupta 175,"{""email"": ""customer5175@example.com"", ""phone"": ""7962616644""}","{""city"": ""Kochi"", ""country"": ""India"", ""state"": ""Kerala""}",Wholesale,2023-12-20,668205.65,Active
5176,Aditya Bose 176,"{""email"": ""customer5176@example.com"", ""phone"": ""6732019222""}","{""city"": ""Bengaluru"", ""country"": ""India"", ""state"": ""Karnataka""}",Corporate,2025-12-25,52996.89,Active
5177,Aditya Naidu 177,"{""email"": ""customer5177@example.com"", ""phone"": ""9644785021""}","{""city"": ""Delhi"", ""country"": ""India"", ""state"": ""Delhi""}",Corporate,2025-11-27,405203.87,Active
5178,Kavya Sharma 178,"{""email"": ""customer5178@example.com"", ""phone"": ""7584721872""}","{""city"": ""Delhi"", ""country"": ""India"", ""state"": ""Delhi""}",Corporate,2022-12-21,615113.09,Active
5179,Divya Das 179,"{""email"": ""customer5179@example.com"", ""phone"": ""8447274647""}","{""city"": ""Kolkata"", ""country"": ""India"", ""state"": ""West Bengal""}",Individual,2019-06-01,975859.73,Active
5180,Ravi Naidu 180,"{""email"": ""customer5180@example.com"", ""phone"": ""8717311480""}","{""city"": ""Pune"", ""country"": ""India"", ""state"": ""Maharashtra""}",Retail,2018-03-17,628497.92,Inactive
5181,Meena Verma 181,"{""email"": ""customer5181@example.com"", ""phone"": ""7319646572""}","{""city"": ""Pune"", ""country"": ""India"", ""state"": ""Maharashtra""}",Retail,2018-10-14,909521.69,Active
5182,Vikram Patel 182,"{""email"": ""customer5182@example.com"", ""phone"": ""6244557412""}","{""city"": ""Delhi"", ""country"": ""India"", ""state"": ""Delhi""}",Individual,2023-02-26,512898.49,Active
5183,Karthik Reddy 183,"{""email"": ""customer5183@example.com"", ""phone"": ""8260857765""}","{""city"": ""Coimbatore"", ""country"": ""India"", ""state"": ""Tamil Nadu""}",Individual,2020-07-10,879537.9,Active
5184,Priya Bose 184,"{""email"": ""customer5184@example.com"", ""phone"": ""7499114825""}","{""city"": ""Hyderabad"", ""country"": ""India"", ""state"": ""Telangana""}",Corporate,2023-10-10,338609.06,Active
5185,Suresh Shah 185,"{""email"": ""customer5185@example.com"", ""phone"": ""9319504946""}","{""city"": ""Mumbai"", ""country"": ""India"", ""state"": ""Maharashtra""}",Retail,2020-05-21,769690.3,Inactive
5186,Amit Verma 186,"{""email"": ""customer5186@example.com"", ""phone"": ""9321904168""}","{""city"": ""Mumbai"", ""country"": ""India"", ""state"": ""Maharashtra""}",Wholesale,2018-08-24,472278.72,Active
5187,Ravi Iyer 187,"{""email"": ""customer5187@example.com"", ""phone"": ""7418447372""}","{""city"": ""Hyderabad"", ""country"": ""India"", ""state"": ""Telangana""}",Individual,2026-12-26,191201.79,Inactive
5188,Pooja Kapoor 188,"{""email"": ""customer5188@example.com"", ""phone"": ""9632262471""}","{""city"": ""Kochi"", ""country"": ""India"", ""state"": ""Kerala""}",Individual,2026-05-14,105233.73,Active
5189,Nikhil Kapoor 189,"{""email"": ""customer5189@example.com"", ""phone"": ""9227726797""}","{""city"": ""Mumbai"", ""country"": ""India"", ""state"": ""Maharashtra""}",Corporate,2020-03-28,630636.43,Active
5190,Aditya Joshi 190,"{""email"": ""customer5190@example.com"", ""phone"": ""8131811406""}","{""city"": ""Pune"", ""country"": ""India"", ""state"": ""Maharashtra""}",Wholesale,2023-03-07,686677.49,Active
5191,Suresh Bose 191,"{""email"": ""customer5191@example.com"", ""phone"": ""7457793874""}","{""city"": ""Ahmedabad"", ""country"": ""India"", ""state"": ""Gujarat""}",Wholesale,2018-03-02,62096.25,Active
5192,Keerthi Patel 192,"{""email"": ""customer5192@example.com"", ""phone"": ""6553633429""}","{""city"": ""Kolkata"", ""country"": ""India"", ""state"": ""West Bengal""}",Wholesale,2022-02-11,164914.61,Active
5193,Manoj Menon 193,"{""email"": ""customer5193@example.com"", ""phone"": ""6297171531""}","{""city"": ""Mumbai"", ""country"": ""India"", ""state"": ""Maharashtra""}",Corporate,2025-06-08,683822.06,Active
5194,Sneha Nair 194,"{""email"": ""customer5194@example.com"", ""phone"": ""8641520912""}","{""city"": ""Delhi"", ""country"": ""India"", ""state"": ""Delhi""}",Wholesale,2024-12-08,431799.83,Active
5195,Arun Gupta 195,"{""email"": ""customer5195@example.com"", ""phone"": ""6255768681""}","{""city"": ""Kochi"", ""country"": ""India"", ""state"": ""Kerala""}",Wholesale,2024-12-06,162218.88,Active
5196,Rahul Patel 196,"{""email"": ""customer5196@example.com"", ""phone"": ""8264349993""}","{""city"": ""Bengaluru"", ""country"": ""India"", ""state"": ""Karnataka""}",Retail,2021-05-14,537437.61,Active
5197,Neha Verma 197,"{""email"": ""customer5197@example.com"", ""phone"": ""8590863008""}","{""city"": ""Coimbatore"", ""country"": ""India"", ""state"": ""Tamil Nadu""}",Corporate,2026-03-21,667536.39,Active
5198,Aditya Patel 198,"{""email"": ""customer5198@example.com"", ""phone"": ""8065720902""}","{""city"": ""Chennai"", ""country"": ""India"", ""state"": ""Tamil Nadu""}",Individual,2022-02-23,809337.11,Active
5199,Suresh Sharma 199,"{""email"": ""customer5199@example.com"", ""phone"": ""8167255071""}","{""city"": ""Chennai"", ""country"": ""India"", ""state"": ""Tamil Nadu""}",Wholesale,2021-04-27,309578.58,Active
5200,Amit Sharma 200,"{""email"": ""customer5200@example.com"", ""phone"": ""8856025663""}","{""city"": ""Jaipur"", ""country"": ""India"", ""state"": ""Rajasthan""}",Corporate,2022-04-14,685058.96,Active
5201,Manoj Naidu 201,"{""email"": ""customer5201@example.com"", ""phone"": ""6207358106""}","{""city"": ""Bengaluru"", ""country"": ""India"", ""state"": ""Karnataka""}",Corporate,2019-04-16,692049.64,Active
5202,Amit Shah 202,"{""email"": ""customer5202@example.com"", ""phone"": ""7965743101""}","{""city"": ""Ahmedabad"", ""country"": ""India"", ""state"": ""Gujarat""}",Retail,2021-07-16,468546.41,Active
5203,Ravi Verma 203,"{""email"": ""customer5203@example.com"", ""phone"": ""7283315584""}","{""city"": ""Mumbai"", ""country"": ""India"", ""state"": ""Maharashtra""}",Wholesale,2025-07-10,627043.0,Active
5204,Sneha Gupta 204,"{""email"": ""customer5204@example.com"", ""phone"": ""6867765319""}","{""city"": ""Hyderabad"", ""country"": ""India"", ""state"": ""Telangana""}",Wholesale,2026-02-20,777229.99,Active
5205,Aditya Singh 205,"{""email"": ""customer5205@example.com"", ""phone"": ""8466162952""}","{""city"": ""Vellore"", ""country"": ""India"", ""state"": ""Tamil Nadu""}",Wholesale,2018-03-13,387177.22,Active
5206,Ananya Singh 206,"{""email"": ""customer5206@example.com"", ""phone"": ""8968455849""}","{""city"": ""Chennai"", ""country"": ""India"", ""state"": ""Tamil Nadu""}",Corporate,2026-10-24,208877.45,Inactive
5207,Rahul Rao 207,"{""email"": ""customer5207@example.com"", ""phone"": ""8812452894""}","{""city"": ""Vellore"", ""country"": ""India"", ""state"": ""Tamil Nadu""}",Wholesale,2021-06-22,352952.15,Active
5208,Divya Kumar 208,"{""email"": ""customer5208@example.com"", ""phone"": ""7856133058""}","{""city"": ""Delhi"", ""country"": ""India"", ""state"": ""Delhi""}",Corporate,2018-03-13,805273.68,Active
5209,Kavya Menon 209,"{""email"": ""customer5209@example.com"", ""phone"": ""8715458778""}","{""city"": ""Pune"", ""country"": ""India"", ""state"": ""Maharashtra""}",Individual,2025-05-23,752691.28,Active
5210,Kavya Pillai 210,"{""email"": ""customer5210@example.com"", ""phone"": ""7226853950""}","{""city"": ""Kolkata"", ""country"": ""India"", ""state"": ""West Bengal""}",Corporate,2025-07-06,741391.54,Active
5211,Keerthi Mishra 211,"{""email"": ""customer5211@example.com"", ""phone"": ""7070512813""}","{""city"": ""Coimbatore"", ""country"": ""India"", ""state"": ""Tamil Nadu""}",Individual,2025-12-27,194908.27,Active
5212,Ravi Nair 212,"{""email"": ""customer5212@example.com"", ""phone"": ""8863438734""}","{""city"": ""Pune"", ""country"": ""India"", ""state"": ""Maharashtra""}",Individual,2023-08-06,178741.04,Active
5213,Pooja Mishra 213,"{""email"": ""customer5213@example.com"", ""phone"": ""9300297542""}","{""city"": ""Mumbai"", ""country"": ""India"", ""state"": ""Maharashtra""}",Individual,2026-10-07,181787.83,Active
5214,Manoj Mehta 214,"{""email"": ""customer5214@example.com"", ""phone"": ""9839750884""}","{""city"": ""Kolkata"", ""country"": ""India"", ""state"": ""West Bengal""}",Individual,2022-09-25,601947.27,Active
5215,Rahul Joshi 215,"{""email"": ""customer5215@example.com"", ""phone"": ""8914987134""}","{""city"": ""Kochi"", ""country"": ""India"", ""state"": ""Kerala""}",Wholesale,2022-10-12,634317.21,Active
5216,Neha Rao 216,"{""email"": ""customer5216@example.com"", ""phone"": ""7282164395""}","{""city"": ""Kochi"", ""country"": ""India"", ""state"": ""Kerala""}",Retail,2022-06-27,270135.71,Active
5217,Rahul Verma 217,"{""email"": ""customer5217@example.com"", ""phone"": ""6729607655""}","{""city"": ""Bengaluru"", ""country"": ""India"", ""state"": ""Karnataka""}",Wholesale,2018-01-09,876196.83,Inactive
5218,Manoj Verma 218,"{""email"": ""customer5218@example.com"", ""phone"": ""7418343060""}","{""city"": ""Kochi"", ""country"": ""India"", ""state"": ""Kerala""}",Wholesale,2026-07-16,506367.74,Active
5219,Nikhil Mehta 219,"{""email"": ""customer5219@example.com"", ""phone"": ""8952761909""}","{""city"": ""Vellore"", ""country"": ""India"", ""state"": ""Tamil Nadu""}",Wholesale,2026-10-16,770386.11,Active
5220,Priya Mehta 220,"{""email"": ""customer5220@example.com"", ""phone"": ""8916583668""}","{""city"": ""Jaipur"", ""country"": ""India"", ""state"": ""Rajasthan""}",Corporate,2022-07-15,437931.07,Active
5221,Ananya Bose 221,"{""email"": ""customer5221@example.com"", ""phone"": ""8996507604""}","{""city"": ""Jaipur"", ""country"": ""India"", ""state"": ""Rajasthan""}",Individual,2023-01-24,80863.35,Active
5222,Priya Shah 222,"{""email"": ""customer5222@example.com"", ""phone"": ""7036433518""}","{""city"": ""Jaipur"", ""country"": ""India"", ""state"": ""Rajasthan""}",Wholesale,2019-08-16,708527.13,Active
5223,Kavya Das 223,"{""email"": ""customer5223@example.com"", ""phone"": ""8850237463""}","{""city"": ""Jaipur"", ""country"": ""India"", ""state"": ""Rajasthan""}",Wholesale,2021-02-14,37262.43,Active
5224,Rahul Joshi 224,"{""email"": ""customer5224@example.com"", ""phone"": ""9802087489""}","{""city"": ""Ahmedabad"", ""country"": ""India"", ""state"": ""Gujarat""}",Wholesale,2020-11-24,366298.97,Active
5225,Vikram Bose 225,"{""email"": ""customer5225@example.com"", ""phone"": ""9056429928""}","{""city"": ""Coimbatore"", ""country"": ""India"", ""state"": ""Tamil Nadu""}",Corporate,2025-06-10,872473.92,Active
5226,Sneha Patel 226,"{""email"": ""customer5226@example.com"", ""phone"": ""7524957642""}","{""city"": ""Pune"", ""country"": ""India"", ""state"": ""Maharashtra""}",Individual,2025-11-17,437332.34,Active
5227,Ravi Mishra 227,"{""email"": ""customer5227@example.com"", ""phone"": ""6471637344""}","{""city"": ""Kolkata"", ""country"": ""India"", ""state"": ""West Bengal""}",Wholesale,2026-02-12,380685.53,Active
5228,Manoj Kapoor 228,"{""email"": ""customer5228@example.com"", ""phone"": ""9828905479""}","{""city"": ""Pune"", ""country"": ""India"", ""state"": ""Maharashtra""}",Wholesale,2019-07-14,980844.81,Active
5229,Amit Kumar 229,"{""email"": ""customer5229@example.com"", ""phone"": ""7467311666""}","{""city"": ""Pune"", ""country"": ""India"", ""state"": ""Maharashtra""}",Wholesale,2021-07-09,330743.98,Active
5230,Keerthi Menon 230,"{""email"": ""customer5230@example.com"", ""phone"": ""7783812060""}","{""city"": ""Vellore"", ""country"": ""India"", ""state"": ""Tamil Nadu""}",Corporate,2019-04-07,207681.42,Active
5231,Ravi Joshi 231,"{""email"": ""customer5231@example.com"", ""phone"": ""8607008576""}","{""city"": ""Mumbai"", ""country"": ""India"", ""state"": ""Maharashtra""}",Retail,2019-09-05,90691.59,Active
5232,Karthik Naidu 232,"{""email"": ""customer5232@example.com"", ""phone"": ""9605653349""}","{""city"": ""Coimbatore"", ""country"": ""India"", ""state"": ""Tamil Nadu""}",Retail,2024-10-15,590240.53,Active
5233,Swathi Mehta 233,"{""email"": ""customer5233@example.com"", ""phone"": ""7753860648""}","{""city"": ""Kolkata"", ""country"": ""India"", ""state"": ""West Bengal""}",Corporate,2025-10-25,108142.77,Active
5234,Nikhil Sharma 234,"{""email"": ""customer5234@example.com"", ""phone"": ""7116136450""}","{""city"": ""Bengaluru"", ""country"": ""India"", ""state"": ""Karnataka""}",Corporate,2018-06-06,403964.14,Active
5235,Keerthi Patel 235,"{""email"": ""customer5235@example.com"", ""phone"": ""7812288414""}","{""city"": ""Coimbatore"", ""country"": ""India"", ""state"": ""Tamil Nadu""}",Wholesale,2020-06-27,154818.44,Active
5236,Neha Kapoor 236,"{""email"": ""customer5236@example.com"", ""phone"": ""9937258055""}","{""city"": ""Vellore"", ""country"": ""India"", ""state"": ""Tamil Nadu""}",Individual,2020-08-10,132831.35,Active
5237,Swathi Pillai 237,"{""email"": ""customer5237@example.com"", ""phone"": ""7046756560""}","{""city"": ""Vellore"", ""country"": ""India"", ""state"": ""Tamil Nadu""}",Retail,2019-10-27,996290.4,Active
5238,Suresh Joshi 238,"{""email"": ""customer5238@example.com"", ""phone"": ""6019030999""}","{""city"": ""Kolkata"", ""country"": ""India"", ""state"": ""West Bengal""}",Retail,2023-11-12,793413.89,Active
5239,Amit Shah 239,"{""email"": ""customer5239@example.com"", ""phone"": ""6885128738""}","{""city"": ""Chennai"", ""country"": ""India"", ""state"": ""Tamil Nadu""}",Wholesale,2024-04-12,503073.8,Active
5240,Aditya Bose 240,"{""email"": ""customer5240@example.com"", ""phone"": ""7328811406""}","{""city"": ""Ahmedabad"", ""country"": ""India"", ""state"": ""Gujarat""}",Individual,2022-03-25,26820.49,Active
5241,Vikram Shah 241,"{""email"": ""customer5241@example.com"", ""phone"": ""6872906666""}","{""city"": ""Chennai"", ""country"": ""India"", ""state"": ""Tamil Nadu""}",Individual,2018-04-28,237551.55,Active
5242,Karthik Joshi 242,"{""email"": ""customer5242@example.com"", ""phone"": ""6889138565""}","{""city"": ""Kolkata"", ""country"": ""India"", ""state"": ""West Bengal""}",Wholesale,2020-12-15,149141.62,Active
5243,Manoj Bose 243,"{""email"": ""customer5243@example.com"", ""phone"": ""8965682983""}","{""city"": ""Mumbai"", ""country"": ""India"", ""state"": ""Maharashtra""}",Corporate,2024-02-04,37545.02,Active
5244,Amit Kapoor 244,"{""email"": ""customer5244@example.com"", ""phone"": ""7415257024""}","{""city"": ""Kolkata"", ""country"": ""India"", ""state"": ""West Bengal""}",Retail,2018-11-27,967418.99,Active
5245,Rahul Reddy 245,"{""email"": ""customer5245@example.com"", ""phone"": ""6403242751""}","{""city"": ""Kolkata"", ""country"": ""India"", ""state"": ""West Bengal""}",Corporate,2023-04-21,514953.68,Active
5246,Neha Pillai 246,"{""email"": ""customer5246@example.com"", ""phone"": ""7653295172""}","{""city"": ""Delhi"", ""country"": ""India"", ""state"": ""Delhi""}",Retail,2018-04-21,247821.8,Active
5247,Swathi Patel 247,"{""email"": ""customer5247@example.com"", ""phone"": ""8791917793""}","{""city"": ""Ahmedabad"", ""country"": ""India"", ""state"": ""Gujarat""}",Corporate,2022-08-06,179406.27,Inactive
5248,Arun Singh 248,"{""email"": ""customer5248@example.com"", ""phone"": ""6863509775""}","{""city"": ""Mumbai"", ""country"": ""India"", ""state"": ""Maharashtra""}",Retail,2026-05-11,620832.76,Active
5249,Suresh Shah 249,"{""email"": ""customer5249@example.com"", ""phone"": ""7551458182""}","{""city"": ""Jaipur"", ""country"": ""India"", ""state"": ""Rajasthan""}",Corporate,2022-01-27,361410.25,Active
5250,Ananya Gupta 250,"{""email"": ""customer5250@example.com"", ""phone"": ""9176727157""}","{""city"": ""Jaipur"", ""country"": ""India"", ""state"": ""Rajasthan""}",Wholesale,2019-11-07,147990.8,Active
5251,Kavya Kapoor 251,"{""email"": ""customer5251@example.com"", ""phone"": ""8711668190""}","{""city"": ""Kochi"", ""country"": ""India"", ""state"": ""Kerala""}",Wholesale,2023-07-15,71250.34,Active
5252,Neha Bose 252,"{""email"": ""customer5252@example.com"", ""phone"": ""7953242933""}","{""city"": ""Kochi"", ""country"": ""India"", ""state"": ""Kerala""}",Individual,2021-01-12,469679.27,Active
5253,Karthik Mehta 253,"{""email"": ""customer5253@example.com"", ""phone"": ""7254602543""}","{""city"": ""Kochi"", ""country"": ""India"", ""state"": ""Kerala""}",Individual,2024-06-05,512984.92,Active
5254,Swathi Nair 254,"{""email"": ""customer5254@example.com"", ""phone"": ""9905512241""}","{""city"": ""Kochi"", ""country"": ""India"", ""state"": ""Kerala""}",Individual,2026-04-17,909261.48,Active
5255,Pooja Shah 255,"{""email"": ""customer5255@example.com"", ""phone"": ""7776638645""}","{""city"": ""Vellore"", ""country"": ""India"", ""state"": ""Tamil Nadu""}",Wholesale,2022-10-15,584985.6,Active
5256,Ravi Mishra 256,"{""email"": ""customer5256@example.com"", ""phone"": ""7777819822""}","{""city"": ""Kochi"", ""country"": ""India"", ""state"": ""Kerala""}",Wholesale,2019-07-28,159224.43,Active
5257,Neha Reddy 257,"{""email"": ""customer5257@example.com"", ""phone"": ""9606403024""}","{""city"": ""Coimbatore"", ""country"": ""India"", ""state"": ""Tamil Nadu""}",Wholesale,2020-12-26,665135.17,Active
5258,Karthik Naidu 258,"{""email"": ""customer5258@example.com"", ""phone"": ""9675855395""}","{""city"": ""Ahmedabad"", ""country"": ""India"", ""state"": ""Gujarat""}",Wholesale,2018-03-19,590891.18,Active
5259,Sneha Mishra 259,"{""email"": ""customer5259@example.com"", ""phone"": ""8062692182""}","{""city"": ""Jaipur"", ""country"": ""India"", ""state"": ""Rajasthan""}",Retail,2022-12-28,866855.19,Active
5260,Amit Menon 260,"{""email"": ""customer5260@example.com"", ""phone"": ""8685788830""}","{""city"": ""Bengaluru"", ""country"": ""India"", ""state"": ""Karnataka""}",Wholesale,2026-09-28,41044.38,Active
5261,Aditya Verma 261,"{""email"": ""customer5261@example.com"", ""phone"": ""9093505813""}","{""city"": ""Chennai"", ""country"": ""India"", ""state"": ""Tamil Nadu""}",Retail,2019-12-12,751193.94,Active
5262,Ravi Kapoor 262,"{""email"": ""customer5262@example.com"", ""phone"": ""9249636465""}","{""city"": ""Coimbatore"", ""country"": ""India"", ""state"": ""Tamil Nadu""}",Corporate,2021-10-23,399032.66,Active
5263,Pooja Kumar 263,"{""email"": ""customer5263@example.com"", ""phone"": ""7782705096""}","{""city"": ""Vellore"", ""country"": ""India"", ""state"": ""Tamil Nadu""}",Retail,2022-02-05,128423.87,Active
5264,Swathi Shah 264,"{""email"": ""customer5264@example.com"", ""phone"": ""8297412365""}","{""city"": ""Jaipur"", ""country"": ""India"", ""state"": ""Rajasthan""}",Individual,2021-07-02,995364.75,Active
5265,Suresh Singh 265,"{""email"": ""customer5265@example.com"", ""phone"": ""8364725550""}","{""city"": ""Chennai"", ""country"": ""India"", ""state"": ""Tamil Nadu""}",Individual,2020-01-28,944915.34,Active
5266,Nikhil Pillai 266,"{""email"": ""customer5266@example.com"", ""phone"": ""6944203568""}","{""city"": ""Ahmedabad"", ""country"": ""India"", ""state"": ""Gujarat""}",Retail,2024-07-28,184794.48,Active
5267,Divya Bose 267,"{""email"": ""customer5267@example.com"", ""phone"": ""6961165509""}","{""city"": ""Jaipur"", ""country"": ""India"", ""state"": ""Rajasthan""}",Retail,2025-04-10,377557.3,Active
5268,Arun Verma 268,"{""email"": ""customer5268@example.com"", ""phone"": ""7742175610""}","{""city"": ""Delhi"", ""country"": ""India"", ""state"": ""Delhi""}",Wholesale,2019-10-21,503124.03,Active
5269,Priya Menon 269,"{""email"": ""customer5269@example.com"", ""phone"": ""7119439539""}","{""city"": ""Bengaluru"", ""country"": ""India"", ""state"": ""Karnataka""}",Retail,2024-08-16,823233.18,Active
5270,Aditya Kumar 270,"{""email"": ""customer5270@example.com"", ""phone"": ""8535506362""}","{""city"": ""Bengaluru"", ""country"": ""India"", ""state"": ""Karnataka""}",Wholesale,2019-07-09,288782.4,Active
5271,Suresh Sharma 271,"{""email"": ""customer5271@example.com"", ""phone"": ""9242929069""}","{""city"": ""Kolkata"", ""country"": ""India"", ""state"": ""West Bengal""}",Wholesale,2026-08-24,529547.06,Active
5272,Vikram Menon 272,"{""email"": ""customer5272@example.com"", ""phone"": ""6912015616""}","{""city"": ""Kolkata"", ""country"": ""India"", ""state"": ""West Bengal""}",Individual,2019-01-28,158183.47,Active
5273,Sneha Gupta 273,"{""email"": ""customer5273@example.com"", ""phone"": ""8127459822""}","{""city"": ""Coimbatore"", ""country"": ""India"", ""state"": ""Tamil Nadu""}",Individual,2024-07-05,694260.17,Active
5274,Rahul Rao 274,"{""email"": ""customer5274@example.com"", ""phone"": ""7658310018""}","{""city"": ""Kolkata"", ""country"": ""India"", ""state"": ""West Bengal""}",Individual,2018-05-01,836183.25,Active
5275,Rahul Kapoor 275,"{""email"": ""customer5275@example.com"", ""phone"": ""8884167744""}","{""city"": ""Delhi"", ""country"": ""India"", ""state"": ""Delhi""}",Individual,2018-01-01,967021.66,Active
5276,Sneha Gupta 276,"{""email"": ""customer5276@example.com"", ""phone"": ""7685724337""}","{""city"": ""Delhi"", ""country"": ""India"", ""state"": ""Delhi""}",Retail,2021-09-17,919732.94,Active
5277,Karthik Das 277,"{""email"": ""customer5277@example.com"", ""phone"": ""9627311810""}","{""city"": ""Jaipur"", ""country"": ""India"", ""state"": ""Rajasthan""}",Retail,2022-12-16,759406.54,Active
5278,Divya Reddy 278,"{""email"": ""customer5278@example.com"", ""phone"": ""6904811540""}","{""city"": ""Ahmedabad"", ""country"": ""India"", ""state"": ""Gujarat""}",Individual,2018-09-20,585017.66,Active
5279,Swathi Das 279,"{""email"": ""customer5279@example.com"", ""phone"": ""6616119824""}","{""city"": ""Ahmedabad"", ""country"": ""India"", ""state"": ""Gujarat""}",Individual,2024-08-03,221099.65,Active
5280,Divya Nair 280,"{""email"": ""customer5280@example.com"", ""phone"": ""7539582095""}","{""city"": ""Hyderabad"", ""country"": ""India"", ""state"": ""Telangana""}",Individual,2020-11-18,125975.49,Inactive
5281,Ravi Mehta 281,"{""email"": ""customer5281@example.com"", ""phone"": ""7289484944""}","{""city"": ""Ahmedabad"", ""country"": ""India"", ""state"": ""Gujarat""}",Individual,2018-04-25,588377.9,Active
5282,Vikram Menon 282,"{""email"": ""customer5282@example.com"", ""phone"": ""8425441185""}","{""city"": ""Ahmedabad"", ""country"": ""India"", ""state"": ""Gujarat""}",Retail,2022-02-27,630911.42,Active
5283,Suresh Iyer 283,"{""email"": ""customer5283@example.com"", ""phone"": ""7060438324""}","{""city"": ""Ahmedabad"", ""country"": ""India"", ""state"": ""Gujarat""}",Retail,2018-12-22,687396.82,Inactive
5284,Neha Nair 284,"{""email"": ""customer5284@example.com"", ""phone"": ""9614401238""}","{""city"": ""Pune"", ""country"": ""India"", ""state"": ""Maharashtra""}",Wholesale,2024-01-21,898865.93,Active
5285,Meena Kapoor 285,"{""email"": ""customer5285@example.com"", ""phone"": ""8628064982""}","{""city"": ""Bengaluru"", ""country"": ""India"", ""state"": ""Karnataka""}",Retail,2022-01-21,561360.47,Active
5286,Meena Kumar 286,"{""email"": ""customer5286@example.com"", ""phone"": ""8267946409""}","{""city"": ""Hyderabad"", ""country"": ""India"", ""state"": ""Telangana""}",Individual,2022-11-23,522770.11,Active
5287,Pooja Kumar 287,"{""email"": ""customer5287@example.com"", ""phone"": ""6774642561""}","{""city"": ""Coimbatore"", ""country"": ""India"", ""state"": ""Tamil Nadu""}",Retail,2021-11-20,758307.79,Active
5288,Ravi Rao 288,"{""email"": ""customer5288@example.com"", ""phone"": ""8401919424""}","{""city"": ""Coimbatore"", ""country"": ""India"", ""state"": ""Tamil Nadu""}",Individual,2018-08-04,562158.13,Active
5289,Nikhil Bose 289,"{""email"": ""customer5289@example.com"", ""phone"": ""7782245476""}","{""city"": ""Bengaluru"", ""country"": ""India"", ""state"": ""Karnataka""}",Individual,2019-02-27,357592.2,Active
5290,Keerthi Iyer 290,"{""email"": ""customer5290@example.com"", ""phone"": ""9025140485""}","{""city"": ""Pune"", ""country"": ""India"", ""state"": ""Maharashtra""}",Corporate,2025-08-03,769158.34,Active
5291,Sneha Mishra 291,"{""email"": ""customer5291@example.com"", ""phone"": ""7158851182""}","{""city"": ""Chennai"", ""country"": ""India"", ""state"": ""Tamil Nadu""}",Individual,2020-09-15,373583.66,Active
5292,Arun Singh 292,"{""email"": ""customer5292@example.com"", ""phone"": ""7793774647""}","{""city"": ""Coimbatore"", ""country"": ""India"", ""state"": ""Tamil Nadu""}",Individual,2021-11-27,393619.62,Active
5293,Vikram Gupta 293,"{""email"": ""customer5293@example.com"", ""phone"": ""9262555021""}","{""city"": ""Delhi"", ""country"": ""India"", ""state"": ""Delhi""}",Retail,2019-10-28,670830.48,Active
5294,Meena Joshi 294,"{""email"": ""customer5294@example.com"", ""phone"": ""7210338567""}","{""city"": ""Mumbai"", ""country"": ""India"", ""state"": ""Maharashtra""}",Retail,2023-08-03,489709.25,Active
5295,Karthik Menon 295,"{""email"": ""customer5295@example.com"", ""phone"": ""6983029764""}","{""city"": ""Mumbai"", ""country"": ""India"", ""state"": ""Maharashtra""}",Retail,2019-12-24,372489.2,Active
5296,Swathi Naidu 296,"{""email"": ""customer5296@example.com"", ""phone"": ""6627995413""}","{""city"": ""Delhi"", ""country"": ""India"", ""state"": ""Delhi""}",Wholesale,2022-05-22,161008.53,Active
5297,Swathi Verma 297,"{""email"": ""customer5297@example.com"", ""phone"": ""6447657737""}","{""city"": ""Ahmedabad"", ""country"": ""India"", ""state"": ""Gujarat""}",Individual,2018-12-04,823461.23,Active
5298,Suresh Naidu 298,"{""email"": ""customer5298@example.com"", ""phone"": ""9713433263""}","{""city"": ""Pune"", ""country"": ""India"", ""state"": ""Maharashtra""}",Wholesale,2025-04-26,97703.5,Active
5299,Ravi Sharma 299,"{""email"": ""customer5299@example.com"", ""phone"": ""8839053933""}","{""city"": ""Hyderabad"", ""country"": ""India"", ""state"": ""Telangana""}",Retail,2024-08-02,757133.66,Active
5300,Meena Bose 300,"{""email"": ""customer5300@example.com"", ""phone"": ""9157800390""}","{""city"": ""Kolkata"", ""country"": ""India"", ""state"": ""West Bengal""}",Corporate,2018-10-18,992677.2,Active
5301,Priya Nair 301,"{""email"": ""customer5301@example.com"", ""phone"": ""9261607481""}","{""city"": ""Bengaluru"", ""country"": ""India"", ""state"": ""Karnataka""}",Retail,2022-07-11,337037.32,Inactive
5302,Ravi Joshi 302,"{""email"": ""customer5302@example.com"", ""phone"": ""6870806856""}","{""city"": ""Chennai"", ""country"": ""India"", ""state"": ""Tamil Nadu""}",Corporate,2021-11-10,857757.51,Active
5303,Aditya Verma 303,"{""email"": ""customer5303@example.com"", ""phone"": ""6594452269""}","{""city"": ""Ahmedabad"", ""country"": ""India"", ""state"": ""Gujarat""}",Wholesale,2020-04-10,775074.1,Active
5304,Sneha Shah 304,"{""email"": ""customer5304@example.com"", ""phone"": ""9664594641""}","{""city"": ""Mumbai"", ""country"": ""India"", ""state"": ""Maharashtra""}",Corporate,2019-06-28,417367.79,Active
5305,Ananya Mishra 305,"{""email"": ""customer5305@example.com"", ""phone"": ""6380848591""}","{""city"": ""Chennai"", ""country"": ""India"", ""state"": ""Tamil Nadu""}",Retail,2021-03-09,132349.15,Active
5306,Swathi Joshi 306,"{""email"": ""customer5306@example.com"", ""phone"": ""8491105098""}","{""city"": ""Jaipur"", ""country"": ""India"", ""state"": ""Rajasthan""}",Retail,2024-03-23,959618.79,Active
5307,Nikhil Kumar 307,"{""email"": ""customer5307@example.com"", ""phone"": ""6898153975""}","{""city"": ""Pune"", ""country"": ""India"", ""state"": ""Maharashtra""}",Wholesale,2020-04-21,660166.19,Active
5308,Amit Bose 308,"{""email"": ""customer5308@example.com"", ""phone"": ""6412242751""}","{""city"": ""Kolkata"", ""country"": ""India"", ""state"": ""West Bengal""}",Corporate,2025-12-06,920056.5,Active
5309,Divya Patel 309,"{""email"": ""customer5309@example.com"", ""phone"": ""9315256085""}","{""city"": ""Coimbatore"", ""country"": ""India"", ""state"": ""Tamil Nadu""}",Corporate,2020-12-19,934830.21,Active
5310,Neha Nair 310,"{""email"": ""customer5310@example.com"", ""phone"": ""7496871541""}","{""city"": ""Coimbatore"", ""country"": ""India"", ""state"": ""Tamil Nadu""}",Corporate,2026-12-01,693073.03,Active
5311,Divya Menon 311,"{""email"": ""customer5311@example.com"", ""phone"": ""7580792732""}","{""city"": ""Kochi"", ""country"": ""India"", ""state"": ""Kerala""}",Wholesale,2019-09-12,87813.59,Active
5312,Suresh Patel 312,"{""email"": ""customer5312@example.com"", ""phone"": ""7122184225""}","{""city"": ""Coimbatore"", ""country"": ""India"", ""state"": ""Tamil Nadu""}",Individual,2023-09-17,74886.81,Active
5313,Vikram Bose 313,"{""email"": ""customer5313@example.com"", ""phone"": ""6647090858""}","{""city"": ""Pune"", ""country"": ""India"", ""state"": ""Maharashtra""}",Retail,2021-01-07,487972.36,Active
5314,Keerthi Naidu 314,"{""email"": ""customer5314@example.com"", ""phone"": ""7633390401""}","{""city"": ""Hyderabad"", ""country"": ""India"", ""state"": ""Telangana""}",Wholesale,2018-05-15,456953.12,Active
5315,Rahul Singh 315,"{""email"": ""customer5315@example.com"", ""phone"": ""6634620640""}","{""city"": ""Kolkata"", ""country"": ""India"", ""state"": ""West Bengal""}",Wholesale,2024-11-05,83190.5,Active
5316,Neha Rao 316,"{""email"": ""customer5316@example.com"", ""phone"": ""8684813411""}","{""city"": ""Kolkata"", ""country"": ""India"", ""state"": ""West Bengal""}",Corporate,2024-09-11,315604.88,Active
5317,Meena Kumar 317,"{""email"": ""customer5317@example.com"", ""phone"": ""8476563115""}","{""city"": ""Jaipur"", ""country"": ""India"", ""state"": ""Rajasthan""}",Corporate,2026-09-06,854762.34,Active
5318,Karthik Joshi 318,"{""email"": ""customer5318@example.com"", ""phone"": ""8005022715""}","{""city"": ""Coimbatore"", ""country"": ""India"", ""state"": ""Tamil Nadu""}",Corporate,2026-10-26,408108.34,Active
5319,Manoj Rao 319,"{""email"": ""customer5319@example.com"", ""phone"": ""7664063205""}","{""city"": ""Bengaluru"", ""country"": ""India"", ""state"": ""Karnataka""}",Individual,2021-01-28,125549.61,Active
5320,Arun Das 320,"{""email"": ""customer5320@example.com"", ""phone"": ""6891140119""}","{""city"": ""Pune"", ""country"": ""India"", ""state"": ""Maharashtra""}",Retail,2020-09-25,328806.52,Active
5321,Rahul Patel 321,"{""email"": ""customer5321@example.com"", ""phone"": ""7860181287""}","{""city"": ""Hyderabad"", ""country"": ""India"", ""state"": ""Telangana""}",Corporate,2025-05-19,272773.89,Active
5322,Priya Reddy 322,"{""email"": ""customer5322@example.com"", ""phone"": ""7667259829""}","{""city"": ""Bengaluru"", ""country"": ""India"", ""state"": ""Karnataka""}",Retail,2018-04-04,253996.78,Active
5323,Ravi Menon 323,"{""email"": ""customer5323@example.com"", ""phone"": ""7314376193""}","{""city"": ""Coimbatore"", ""country"": ""India"", ""state"": ""Tamil Nadu""}",Individual,2020-09-09,307851.68,Active
5324,Neha Iyer 324,"{""email"": ""customer5324@example.com"", ""phone"": ""6699398133""}","{""city"": ""Jaipur"", ""country"": ""India"", ""state"": ""Rajasthan""}",Wholesale,2023-08-20,99053.74,Active
5325,Swathi Pillai 325,"{""email"": ""customer5325@example.com"", ""phone"": ""6342733312""}","{""city"": ""Jaipur"", ""country"": ""India"", ""state"": ""Rajasthan""}",Individual,2018-09-10,398083.5,Inactive
5326,Priya Nair 326,"{""email"": ""customer5326@example.com"", ""phone"": ""9720751914""}","{""city"": ""Pune"", ""country"": ""India"", ""state"": ""Maharashtra""}",Retail,2018-12-22,893734.93,Active
5327,Pooja Gupta 327,"{""email"": ""customer5327@example.com"", ""phone"": ""8630595179""}","{""city"": ""Ahmedabad"", ""country"": ""India"", ""state"": ""Gujarat""}",Wholesale,2018-11-04,219270.34,Active
5328,Ananya Rao 328,"{""email"": ""customer5328@example.com"", ""phone"": ""7191665650""}","{""city"": ""Ahmedabad"", ""country"": ""India"", ""state"": ""Gujarat""}",Individual,2019-12-13,965293.73,Active
5329,Karthik Menon 329,"{""email"": ""customer5329@example.com"", ""phone"": ""8021376140""}","{""city"": ""Jaipur"", ""country"": ""India"", ""state"": ""Rajasthan""}",Corporate,2025-09-18,852160.74,Active
5330,Vikram Gupta 330,"{""email"": ""customer5330@example.com"", ""phone"": ""6656598677""}","{""city"": ""Vellore"", ""country"": ""India"", ""state"": ""Tamil Nadu""}",Corporate,2024-06-02,779832.2,Active
5331,Arun Mishra 331,"{""email"": ""customer5331@example.com"", ""phone"": ""6327553810""}","{""city"": ""Mumbai"", ""country"": ""India"", ""state"": ""Maharashtra""}",Individual,2022-12-09,651183.12,Active
5332,Ravi Kumar 332,"{""email"": ""customer5332@example.com"", ""phone"": ""6725551899""}","{""city"": ""Delhi"", ""country"": ""India"", ""state"": ""Delhi""}",Corporate,2020-10-17,669692.66,Active
5333,Pooja Reddy 333,"{""email"": ""customer5333@example.com"", ""phone"": ""7084829268""}","{""city"": ""Mumbai"", ""country"": ""India"", ""state"": ""Maharashtra""}",Wholesale,2018-07-14,253135.34,Active
5334,Rahul Gupta 334,"{""email"": ""customer5334@example.com"", ""phone"": ""7954560662""}","{""city"": ""Bengaluru"", ""country"": ""India"", ""state"": ""Karnataka""}",Wholesale,2019-08-25,372910.95,Active
5335,Manoj Nair 335,"{""email"": ""customer5335@example.com"", ""phone"": ""7257166086""}","{""city"": ""Vellore"", ""country"": ""India"", ""state"": ""Tamil Nadu""}",Corporate,2020-10-26,177698.79,Active
5336,Rahul Verma 336,"{""email"": ""customer5336@example.com"", ""phone"": ""9376438667""}","{""city"": ""Coimbatore"", ""country"": ""India"", ""state"": ""Tamil Nadu""}",Corporate,2026-11-18,71369.7,Active
5337,Pooja Joshi 337,"{""email"": ""customer5337@example.com"", ""phone"": ""8351680375""}","{""city"": ""Jaipur"", ""country"": ""India"", ""state"": ""Rajasthan""}",Individual,2023-03-04,142193.25,Active
5338,Priya Menon 338,"{""email"": ""customer5338@example.com"", ""phone"": ""9260926220""}","{""city"": ""Pune"", ""country"": ""India"", ""state"": ""Maharashtra""}",Individual,2024-03-11,490295.82,Active
5339,Aditya Patel 339,"{""email"": ""customer5339@example.com"", ""phone"": ""6995074397""}","{""city"": ""Kochi"", ""country"": ""India"", ""state"": ""Kerala""}",Wholesale,2020-05-24,257644.54,Active
5340,Vikram Shah 340,"{""email"": ""customer5340@example.com"", ""phone"": ""7076329381""}","{""city"": ""Kochi"", ""country"": ""India"", ""state"": ""Kerala""}",Retail,2020-06-02,818731.72,Active
5341,Karthik Rao 341,"{""email"": ""customer5341@example.com"", ""phone"": ""6203035576""}","{""city"": ""Bengaluru"", ""country"": ""India"", ""state"": ""Karnataka""}",Corporate,2026-04-17,494785.52,Active
5342,Keerthi Gupta 342,"{""email"": ""customer5342@example.com"", ""phone"": ""6662970470""}","{""city"": ""Hyderabad"", ""country"": ""India"", ""state"": ""Telangana""}",Wholesale,2021-10-19,743942.89,Active
5343,Divya Reddy 343,"{""email"": ""customer5343@example.com"", ""phone"": ""7234726746""}","{""city"": ""Bengaluru"", ""country"": ""India"", ""state"": ""Karnataka""}",Retail,2018-09-14,663976.65,Active
5344,Arun Menon 344,"{""email"": ""customer5344@example.com"", ""phone"": ""6245784344""}","{""city"": ""Ahmedabad"", ""country"": ""India"", ""state"": ""Gujarat""}",Wholesale,2018-09-11,938919.99,Active
5345,Arun Menon 345,"{""email"": ""customer5345@example.com"", ""phone"": ""6506455859""}","{""city"": ""Delhi"", ""country"": ""India"", ""state"": ""Delhi""}",Corporate,2019-06-19,913522.69,Active
5346,Priya Shah 346,"{""email"": ""customer5346@example.com"", ""phone"": ""7087205417""}","{""city"": ""Coimbatore"", ""country"": ""India"", ""state"": ""Tamil Nadu""}",Wholesale,2019-01-20,275726.7,Active
5347,Nikhil Reddy 347,"{""email"": ""customer5347@example.com"", ""phone"": ""8080589979""}","{""city"": ""Bengaluru"", ""country"": ""India"", ""state"": ""Karnataka""}",Wholesale,2019-12-03,857757.29,Active
5348,Swathi Bose 348,"{""email"": ""customer5348@example.com"", ""phone"": ""8954103698""}","{""city"": ""Bengaluru"", ""country"": ""India"", ""state"": ""Karnataka""}",Wholesale,2022-06-13,917472.78,Active
5349,Karthik Gupta 349,"{""email"": ""customer5349@example.com"", ""phone"": ""8572150748""}","{""city"": ""Mumbai"", ""country"": ""India"", ""state"": ""Maharashtra""}",Retail,2025-04-16,419739.78,Inactive
5350,Neha Sharma 350,"{""email"": ""customer5350@example.com"", ""phone"": ""9296332287""}","{""city"": ""Delhi"", ""country"": ""India"", ""state"": ""Delhi""}",Wholesale,2020-04-13,854921.3,Active
5351,Manoj Reddy 351,"{""email"": ""customer5351@example.com"", ""phone"": ""8333160319""}","{""city"": ""Hyderabad"", ""country"": ""India"", ""state"": ""Telangana""}",Individual,2019-03-01,213136.59,Active
5352,Ravi Iyer 352,"{""email"": ""customer5352@example.com"", ""phone"": ""9395244841""}","{""city"": ""Bengaluru"", ""country"": ""India"", ""state"": ""Karnataka""}",Wholesale,2026-11-05,29628.46,Active
5353,Arun Iyer 353,"{""email"": ""customer5353@example.com"", ""phone"": ""7700479527""}","{""city"": ""Bengaluru"", ""country"": ""India"", ""state"": ""Karnataka""}",Wholesale,2023-02-13,496072.41,Active
5354,Karthik Naidu 354,"{""email"": ""customer5354@example.com"", ""phone"": ""6220416597""}","{""city"": ""Coimbatore"", ""country"": ""India"", ""state"": ""Tamil Nadu""}",Corporate,2024-07-18,674778.4,Active
5355,Rahul Mishra 355,"{""email"": ""customer5355@example.com"", ""phone"": ""7353339523""}","{""city"": ""Bengaluru"", ""country"": ""India"", ""state"": ""Karnataka""}",Corporate,2024-08-17,280084.21,Active
5356,Nikhil Joshi 356,"{""email"": ""customer5356@example.com"", ""phone"": ""9807084996""}","{""city"": ""Vellore"", ""country"": ""India"", ""state"": ""Tamil Nadu""}",Wholesale,2021-06-08,177813.73,Active
5357,Arun Singh 357,"{""email"": ""customer5357@example.com"", ""phone"": ""8680568369""}","{""city"": ""Kolkata"", ""country"": ""India"", ""state"": ""West Bengal""}",Wholesale,2021-10-08,259321.15,Active
5358,Manoj Verma 358,"{""email"": ""customer5358@example.com"", ""phone"": ""6808338700""}","{""city"": ""Kochi"", ""country"": ""India"", ""state"": ""Kerala""}",Corporate,2024-01-17,610085.89,Active
5359,Arun Patel 359,"{""email"": ""customer5359@example.com"", ""phone"": ""6361151927""}","{""city"": ""Delhi"", ""country"": ""India"", ""state"": ""Delhi""}",Wholesale,2021-05-23,628916.25,Active
5360,Divya Shah 360,"{""email"": ""customer5360@example.com"", ""phone"": ""6866317269""}","{""city"": ""Kochi"", ""country"": ""India"", ""state"": ""Kerala""}",Retail,2022-08-11,859808.47,Active
5361,Pooja Naidu 361,"{""email"": ""customer5361@example.com"", ""phone"": ""6291422747""}","{""city"": ""Ahmedabad"", ""country"": ""India"", ""state"": ""Gujarat""}",Wholesale,2018-10-14,380479.13,Active
5362,Aditya Joshi 362,"{""email"": ""customer5362@example.com"", ""phone"": ""6404123302""}","{""city"": ""Mumbai"", ""country"": ""India"", ""state"": ""Maharashtra""}",Individual,2025-08-08,671740.48,Active
5363,Meena Joshi 363,"{""email"": ""customer5363@example.com"", ""phone"": ""8325444628""}","{""city"": ""Hyderabad"", ""country"": ""India"", ""state"": ""Telangana""}",Individual,2018-06-16,924450.14,Active
5364,Kavya Shah 364,"{""email"": ""customer5364@example.com"", ""phone"": ""9795276524""}","{""city"": ""Kochi"", ""country"": ""India"", ""state"": ""Kerala""}",Wholesale,2018-05-26,443581.74,Active
5365,Vikram Reddy 365,"{""email"": ""customer5365@example.com"", ""phone"": ""9856204813""}","{""city"": ""Bengaluru"", ""country"": ""India"", ""state"": ""Karnataka""}",Retail,2018-08-28,670211.65,Active
5366,Kavya Joshi 366,"{""email"": ""customer5366@example.com"", ""phone"": ""7375569304""}","{""city"": ""Jaipur"", ""country"": ""India"", ""state"": ""Rajasthan""}",Retail,2024-10-19,201512.2,Active
5367,Divya Naidu 367,"{""email"": ""customer5367@example.com"", ""phone"": ""9689426485""}","{""city"": ""Hyderabad"", ""country"": ""India"", ""state"": ""Telangana""}",Wholesale,2019-02-02,453662.37,Active
5368,Ananya Joshi 368,"{""email"": ""customer5368@example.com"", ""phone"": ""7407425550""}","{""city"": ""Kochi"", ""country"": ""India"", ""state"": ""Kerala""}",Retail,2024-08-04,701882.99,Active
5369,Keerthi Reddy 369,"{""email"": ""customer5369@example.com"", ""phone"": ""6714022700""}","{""city"": ""Vellore"", ""country"": ""India"", ""state"": ""Tamil Nadu""}",Retail,2026-03-27,764186.4,Active
5370,Vikram Gupta 370,"{""email"": ""customer5370@example.com"", ""phone"": ""8480137654""}","{""city"": ""Kolkata"", ""country"": ""India"", ""state"": ""West Bengal""}",Individual,2026-06-21,633907.6,Active
5371,Ravi Naidu 371,"{""email"": ""customer5371@example.com"", ""phone"": ""9343145979""}","{""city"": ""Jaipur"", ""country"": ""India"", ""state"": ""Rajasthan""}",Wholesale,2026-05-04,878776.12,Active
5372,Divya Singh 372,"{""email"": ""customer5372@example.com"", ""phone"": ""7957358851""}","{""city"": ""Kochi"", ""country"": ""India"", ""state"": ""Kerala""}",Retail,2021-01-23,223121.77,Active
5373,Nikhil Reddy 373,"{""email"": ""customer5373@example.com"", ""phone"": ""7869200596""}","{""city"": ""Mumbai"", ""country"": ""India"", ""state"": ""Maharashtra""}",Wholesale,2024-08-01,273887.29,Active
5374,Arun Kumar 374,"{""email"": ""customer5374@example.com"", ""phone"": ""6253874810""}","{""city"": ""Vellore"", ""country"": ""India"", ""state"": ""Tamil Nadu""}",Wholesale,2022-12-10,60304.02,Active
5375,Kavya Sharma 375,"{""email"": ""customer5375@example.com"", ""phone"": ""9120658370""}","{""city"": ""Pune"", ""country"": ""India"", ""state"": ""Maharashtra""}",Retail,2018-03-08,329539.87,Active
5376,Amit Bose 376,"{""email"": ""customer5376@example.com"", ""phone"": ""9180785305""}","{""city"": ""Delhi"", ""country"": ""India"", ""state"": ""Delhi""}",Corporate,2025-03-19,197053.34,Active
5377,Karthik Iyer 377,"{""email"": ""customer5377@example.com"", ""phone"": ""7947562010""}","{""city"": ""Jaipur"", ""country"": ""India"", ""state"": ""Rajasthan""}",Corporate,2023-12-26,749074.68,Active
5378,Aditya Iyer 378,"{""email"": ""customer5378@example.com"", ""phone"": ""9848846775""}","{""city"": ""Ahmedabad"", ""country"": ""India"", ""state"": ""Gujarat""}",Wholesale,2025-10-27,137034.73,Active
5379,Amit Pillai 379,"{""email"": ""customer5379@example.com"", ""phone"": ""8710423540""}","{""city"": ""Ahmedabad"", ""country"": ""India"", ""state"": ""Gujarat""}",Wholesale,2025-12-07,991993.12,Active
5380,Manoj Das 380,"{""email"": ""customer5380@example.com"", ""phone"": ""8863991588""}","{""city"": ""Mumbai"", ""country"": ""India"", ""state"": ""Maharashtra""}",Retail,2026-08-27,912041.57,Active
5381,Ananya Verma 381,"{""email"": ""customer5381@example.com"", ""phone"": ""8781246473""}","{""city"": ""Kochi"", ""country"": ""India"", ""state"": ""Kerala""}",Individual,2023-04-19,801192.49,Active
5382,Sneha Singh 382,"{""email"": ""customer5382@example.com"", ""phone"": ""9069679026""}","{""city"": ""Delhi"", ""country"": ""India"", ""state"": ""Delhi""}",Retail,2025-02-18,26971.92,Active
5383,Arun Gupta 383,"{""email"": ""customer5383@example.com"", ""phone"": ""6263142010""}","{""city"": ""Delhi"", ""country"": ""India"", ""state"": ""Delhi""}",Corporate,2022-04-23,366439.41,Inactive
5384,Meena Reddy 384,"{""email"": ""customer5384@example.com"", ""phone"": ""7756679263""}","{""city"": ""Chennai"", ""country"": ""India"", ""state"": ""Tamil Nadu""}",Retail,2018-05-04,850554.36,Active
5385,Kavya Iyer 385,"{""email"": ""customer5385@example.com"", ""phone"": ""9785354290""}","{""city"": ""Coimbatore"", ""country"": ""India"", ""state"": ""Tamil Nadu""}",Retail,2025-01-15,586261.87,Active
5386,Amit Singh 386,"{""email"": ""customer5386@example.com"", ""phone"": ""9183812902""}","{""city"": ""Kochi"", ""country"": ""India"", ""state"": ""Kerala""}",Wholesale,2025-02-15,34038.83,Active
5387,Vikram Kapoor 387,"{""email"": ""customer5387@example.com"", ""phone"": ""9095383316""}","{""city"": ""Hyderabad"", ""country"": ""India"", ""state"": ""Telangana""}",Individual,2020-12-15,695365.28,Active
5388,Amit Mishra 388,"{""email"": ""customer5388@example.com"", ""phone"": ""7707847700""}","{""city"": ""Kolkata"", ""country"": ""India"", ""state"": ""West Bengal""}",Corporate,2019-08-24,934599.5,Active
5389,Ravi Rao 389,"{""email"": ""customer5389@example.com"", ""phone"": ""7059030178""}","{""city"": ""Delhi"", ""country"": ""India"", ""state"": ""Delhi""}",Individual,2018-03-24,411360.06,Inactive
5390,Karthik Pillai 390,"{""email"": ""customer5390@example.com"", ""phone"": ""7171276872""}","{""city"": ""Bengaluru"", ""country"": ""India"", ""state"": ""Karnataka""}",Retail,2019-06-17,147957.92,Active
5391,Vikram Sharma 391,"{""email"": ""customer5391@example.com"", ""phone"": ""8929396778""}","{""city"": ""Hyderabad"", ""country"": ""India"", ""state"": ""Telangana""}",Corporate,2024-08-17,449940.99,Active
5392,Ravi Sharma 392,"{""email"": ""customer5392@example.com"", ""phone"": ""8848094081""}","{""city"": ""Kochi"", ""country"": ""India"", ""state"": ""Kerala""}",Corporate,2019-06-23,408049.24,Active
5393,Nikhil Das 393,"{""email"": ""customer5393@example.com"", ""phone"": ""6401994657""}","{""city"": ""Hyderabad"", ""country"": ""India"", ""state"": ""Telangana""}",Corporate,2018-12-20,175860.7,Active
5394,Amit Joshi 394,"{""email"": ""customer5394@example.com"", ""phone"": ""7387152635""}","{""city"": ""Chennai"", ""country"": ""India"", ""state"": ""Tamil Nadu""}",Wholesale,2024-07-15,664584.56,Active
5395,Kavya Pillai 395,"{""email"": ""customer5395@example.com"", ""phone"": ""8427501575""}","{""city"": ""Kochi"", ""country"": ""India"", ""state"": ""Kerala""}",Wholesale,2020-05-06,240723.28,Active
5396,Rahul Mishra 396,"{""email"": ""customer5396@example.com"", ""phone"": ""8362875030""}","{""city"": ""Coimbatore"", ""country"": ""India"", ""state"": ""Tamil Nadu""}",Individual,2026-12-14,381550.7,Active
5397,Pooja Das 397,"{""email"": ""customer5397@example.com"", ""phone"": ""6802260865""}","{""city"": ""Bengaluru"", ""country"": ""India"", ""state"": ""Karnataka""}",Individual,2026-01-11,242988.57,Active
5398,Neha Rao 398,"{""email"": ""customer5398@example.com"", ""phone"": ""7532865713""}","{""city"": ""Delhi"", ""country"": ""India"", ""state"": ""Delhi""}",Wholesale,2026-11-18,836354.84,Active
5399,Pooja Kumar 399,"{""email"": ""customer5399@example.com"", ""phone"": ""9157115283""}","{""city"": ""Vellore"", ""country"": ""India"", ""state"": ""Tamil Nadu""}",Wholesale,2023-02-01,673954.29,Inactive
5400,Ravi Sharma 400,"{""email"": ""customer5400@example.com"", ""phone"": ""8414326455""}","{""city"": ""Chennai"", ""country"": ""India"", ""state"": ""Tamil Nadu""}",Retail,2023-03-20,543312.55,Active
5401,Meena Menon 401,"{""email"": ""customer5401@example.com"", ""phone"": ""9987388717""}","{""city"": ""Hyderabad"", ""country"": ""India"", ""state"": ""Telangana""}",Retail,2022-02-05,664405.37,Inactive
5402,Ananya Joshi 402,"{""email"": ""customer5402@example.com"", ""phone"": ""7058748856""}","{""city"": ""Mumbai"", ""country"": ""India"", ""state"": ""Maharashtra""}",Wholesale,2026-07-20,445113.44,Active
5403,Ravi Patel 403,"{""email"": ""customer5403@example.com"", ""phone"": ""7572836282""}","{""city"": ""Jaipur"", ""country"": ""India"", ""state"": ""Rajasthan""}",Individual,2020-06-22,495504.38,Active
5404,Rahul Kapoor 404,"{""email"": ""customer5404@example.com"", ""phone"": ""6862241044""}","{""city"": ""Ahmedabad"", ""country"": ""India"", ""state"": ""Gujarat""}",Retail,2025-12-12,880557.28,Active
5405,Vikram Mishra 405,"{""email"": ""customer5405@example.com"", ""phone"": ""9447206524""}","{""city"": ""Mumbai"", ""country"": ""India"", ""state"": ""Maharashtra""}",Corporate,2021-02-27,285440.23,Active
5406,Rahul Mehta 406,"{""email"": ""customer5406@example.com"", ""phone"": ""8115327387""}","{""city"": ""Mumbai"", ""country"": ""India"", ""state"": ""Maharashtra""}",Retail,2026-11-01,695524.81,Active
5407,Divya Joshi 407,"{""email"": ""customer5407@example.com"", ""phone"": ""6330476815""}","{""city"": ""Hyderabad"", ""country"": ""India"", ""state"": ""Telangana""}",Wholesale,2024-02-13,169979.57,Active
5408,Ananya Iyer 408,"{""email"": ""customer5408@example.com"", ""phone"": ""9637205215""}","{""city"": ""Pune"", ""country"": ""India"", ""state"": ""Maharashtra""}",Wholesale,2023-04-05,905373.94,Active
5409,Kavya Gupta 409,"{""email"": ""customer5409@example.com"", ""phone"": ""8267852164""}","{""city"": ""Chennai"", ""country"": ""India"", ""state"": ""Tamil Nadu""}",Individual,2026-02-01,188628.17,Active
5410,Priya Naidu 410,"{""email"": ""customer5410@example.com"", ""phone"": ""8581665115""}","{""city"": ""Vellore"", ""country"": ""India"", ""state"": ""Tamil Nadu""}",Wholesale,2026-09-09,265102.08,Active
5411,Kavya Iyer 411,"{""email"": ""customer5411@example.com"", ""phone"": ""9840738283""}","{""city"": ""Hyderabad"", ""country"": ""India"", ""state"": ""Telangana""}",Retail,2026-11-25,527443.27,Active
5412,Arun Bose 412,"{""email"": ""customer5412@example.com"", ""phone"": ""9657926217""}","{""city"": ""Ahmedabad"", ""country"": ""India"", ""state"": ""Gujarat""}",Individual,2021-01-24,340539.76,Active
5413,Swathi Sharma 413,"{""email"": ""customer5413@example.com"", ""phone"": ""8347225543""}","{""city"": ""Ahmedabad"", ""country"": ""India"", ""state"": ""Gujarat""}",Individual,2018-06-28,286076.44,Active
5414,Manoj Reddy 414,"{""email"": ""customer5414@example.com"", ""phone"": ""8984478945""}","{""city"": ""Hyderabad"", ""country"": ""India"", ""state"": ""Telangana""}",Individual,2018-06-02,355625.54,Inactive
5415,Swathi Pillai 415,"{""email"": ""customer5415@example.com"", ""phone"": ""9480464239""}","{""city"": ""Kochi"", ""country"": ""India"", ""state"": ""Kerala""}",Individual,2021-06-21,643894.58,Inactive
5416,Amit Kapoor 416,"{""email"": ""customer5416@example.com"", ""phone"": ""7303353745""}","{""city"": ""Bengaluru"", ""country"": ""India"", ""state"": ""Karnataka""}",Retail,2019-02-14,46489.37,Active
5417,Amit Mishra 417,"{""email"": ""customer5417@example.com"", ""phone"": ""9562503811""}","{""city"": ""Jaipur"", ""country"": ""India"", ""state"": ""Rajasthan""}",Retail,2019-03-10,781385.22,Active
5418,Ravi Kapoor 418,"{""email"": ""customer5418@example.com"", ""phone"": ""8249211788""}","{""city"": ""Vellore"", ""country"": ""India"", ""state"": ""Tamil Nadu""}",Corporate,2020-12-22,411625.5,Active
5419,Manoj Gupta 419,"{""email"": ""customer5419@example.com"", ""phone"": ""8511645026""}","{""city"": ""Delhi"", ""country"": ""India"", ""state"": ""Delhi""}",Wholesale,2022-10-17,608847.83,Active
5420,Arun Das 420,"{""email"": ""customer5420@example.com"", ""phone"": ""6962467541""}","{""city"": ""Pune"", ""country"": ""India"", ""state"": ""Maharashtra""}",Individual,2018-10-05,730893.87,Active
5421,Ravi Shah 421,"{""email"": ""customer5421@example.com"", ""phone"": ""9072765290""}","{""city"": ""Pune"", ""country"": ""India"", ""state"": ""Maharashtra""}",Individual,2023-07-22,765037.19,Active
5422,Meena Kumar 422,"{""email"": ""customer5422@example.com"", ""phone"": ""7225824614""}","{""city"": ""Delhi"", ""country"": ""India"", ""state"": ""Delhi""}",Wholesale,2026-11-04,853130.54,Active
5423,Kavya Joshi 423,"{""email"": ""customer5423@example.com"", ""phone"": ""7162518914""}","{""city"": ""Kolkata"", ""country"": ""India"", ""state"": ""West Bengal""}",Wholesale,2024-05-21,63478.08,Active
5424,Ananya Iyer 424,"{""email"": ""customer5424@example.com"", ""phone"": ""9637922656""}","{""city"": ""Kochi"", ""country"": ""India"", ""state"": ""Kerala""}",Corporate,2023-04-26,47392.76,Inactive
5425,Divya Reddy 425,"{""email"": ""customer5425@example.com"", ""phone"": ""9937858205""}","{""city"": ""Hyderabad"", ""country"": ""India"", ""state"": ""Telangana""}",Corporate,2026-08-13,427890.35,Active
5426,Divya Menon 426,"{""email"": ""customer5426@example.com"", ""phone"": ""8336840262""}","{""city"": ""Jaipur"", ""country"": ""India"", ""state"": ""Rajasthan""}",Retail,2023-06-16,140605.78,Active
5427,Keerthi Das 427,"{""email"": ""customer5427@example.com"", ""phone"": ""7341284217""}","{""city"": ""Kochi"", ""country"": ""India"", ""state"": ""Kerala""}",Individual,2023-09-07,530126.22,Active
5428,Nikhil Bose 428,"{""email"": ""customer5428@example.com"", ""phone"": ""8278053510""}","{""city"": ""Jaipur"", ""country"": ""India"", ""state"": ""Rajasthan""}",Wholesale,2022-03-22,575483.53,Active
5429,Aditya Joshi 429,"{""email"": ""customer5429@example.com"", ""phone"": ""7601549729""}","{""city"": ""Vellore"", ""country"": ""India"", ""state"": ""Tamil Nadu""}",Retail,2020-01-14,622894.1,Active
5430,Amit Nair 430,"{""email"": ""customer5430@example.com"", ""phone"": ""6596383441""}","{""city"": ""Jaipur"", ""country"": ""India"", ""state"": ""Rajasthan""}",Corporate,2024-03-15,428960.13,Active
5431,Divya Reddy 431,"{""email"": ""customer5431@example.com"", ""phone"": ""8286740804""}","{""city"": ""Coimbatore"", ""country"": ""India"", ""state"": ""Tamil Nadu""}",Corporate,2025-06-08,622696.42,Active
5432,Manoj Sharma 432,"{""email"": ""customer5432@example.com"", ""phone"": ""6691486282""}","{""city"": ""Mumbai"", ""country"": ""India"", ""state"": ""Maharashtra""}",Corporate,2023-11-16,896666.6,Active
5433,Arun Pillai 433,"{""email"": ""customer5433@example.com"", ""phone"": ""6558105877""}","{""city"": ""Delhi"", ""country"": ""India"", ""state"": ""Delhi""}",Wholesale,2025-02-22,378783.3,Active
5434,Keerthi Rao 434,"{""email"": ""customer5434@example.com"", ""phone"": ""7148716180""}","{""city"": ""Coimbatore"", ""country"": ""India"", ""state"": ""Tamil Nadu""}",Retail,2024-11-25,242629.58,Active
5435,Karthik Das 435,"{""email"": ""customer5435@example.com"", ""phone"": ""8668398316""}","{""city"": ""Bengaluru"", ""country"": ""India"", ""state"": ""Karnataka""}",Individual,2022-02-27,54884.49,Active
5436,Amit Mishra 436,"{""email"": ""customer5436@example.com"", ""phone"": ""9679692004""}","{""city"": ""Bengaluru"", ""country"": ""India"", ""state"": ""Karnataka""}",Individual,2019-09-14,891224.72,Active
5437,Ananya Sharma 437,"{""email"": ""customer5437@example.com"", ""phone"": ""9059865374""}","{""city"": ""Delhi"", ""country"": ""India"", ""state"": ""Delhi""}",Individual,2022-08-16,102486.23,Active
5438,Swathi Gupta 438,"{""email"": ""customer5438@example.com"", ""phone"": ""7060425741""}","{""city"": ""Hyderabad"", ""country"": ""India"", ""state"": ""Telangana""}",Retail,2018-09-08,850029.78,Active
5439,Pooja Shah 439,"{""email"": ""customer5439@example.com"", ""phone"": ""9056169980""}","{""city"": ""Chennai"", ""country"": ""India"", ""state"": ""Tamil Nadu""}",Retail,2019-11-18,791201.89,Active
5440,Karthik Iyer 440,"{""email"": ""customer5440@example.com"", ""phone"": ""6572306553""}","{""city"": ""Jaipur"", ""country"": ""India"", ""state"": ""Rajasthan""}",Wholesale,2021-04-28,231449.69,Active
5441,Ananya Verma 441,"{""email"": ""customer5441@example.com"", ""phone"": ""9801357715""}","{""city"": ""Ahmedabad"", ""country"": ""India"", ""state"": ""Gujarat""}",Retail,2020-03-09,489970.83,Active
5442,Pooja Menon 442,"{""email"": ""customer5442@example.com"", ""phone"": ""6205735266""}","{""city"": ""Delhi"", ""country"": ""India"", ""state"": ""Delhi""}",Corporate,2025-05-12,995245.53,Active
5443,Rahul Reddy 443,"{""email"": ""customer5443@example.com"", ""phone"": ""9975297833""}","{""city"": ""Kolkata"", ""country"": ""India"", ""state"": ""West Bengal""}",Wholesale,2026-06-06,538173.32,Active
5444,Meena Bose 444,"{""email"": ""customer5444@example.com"", ""phone"": ""6989100570""}","{""city"": ""Chennai"", ""country"": ""India"", ""state"": ""Tamil Nadu""}",Retail,2021-12-13,718716.5,Active
5445,Arun Rao 445,"{""email"": ""customer5445@example.com"", ""phone"": ""7984796141""}","{""city"": ""Kolkata"", ""country"": ""India"", ""state"": ""West Bengal""}",Wholesale,2026-05-06,902710.15,Active
5446,Swathi Mehta 446,"{""email"": ""customer5446@example.com"", ""phone"": ""7336050093""}","{""city"": ""Ahmedabad"", ""country"": ""India"", ""state"": ""Gujarat""}",Retail,2026-04-12,758996.01,Active
5447,Vikram Bose 447,"{""email"": ""customer5447@example.com"", ""phone"": ""7461719208""}","{""city"": ""Pune"", ""country"": ""India"", ""state"": ""Maharashtra""}",Corporate,2021-11-19,152532.21,Active
5448,Rahul Pillai 448,"{""email"": ""customer5448@example.com"", ""phone"": ""9060972699""}","{""city"": ""Coimbatore"", ""country"": ""India"", ""state"": ""Tamil Nadu""}",Retail,2023-05-14,602251.35,Active
5449,Swathi Patel 449,"{""email"": ""customer5449@example.com"", ""phone"": ""8232599065""}","{""city"": ""Kochi"", ""country"": ""India"", ""state"": ""Kerala""}",Retail,2025-11-15,234868.04,Active
5450,Aditya Rao 450,"{""email"": ""customer5450@example.com"", ""phone"": ""9351225600""}","{""city"": ""Vellore"", ""country"": ""India"", ""state"": ""Tamil Nadu""}",Wholesale,2021-10-11,978688.46,Active
5451,Manoj Menon 451,"{""email"": ""customer5451@example.com"", ""phone"": ""9214020713""}","{""city"": ""Kochi"", ""country"": ""India"", ""state"": ""Kerala""}",Retail,2019-02-23,193593.63,Inactive
5452,Divya Mishra 452,"{""email"": ""customer5452@example.com"", ""phone"": ""6918110160""}","{""city"": ""Mumbai"", ""country"": ""India"", ""state"": ""Maharashtra""}",Retail,2018-02-20,500230.32,Active
5453,Keerthi Joshi 453,"{""email"": ""customer5453@example.com"", ""phone"": ""9793920698""}","{""city"": ""Pune"", ""country"": ""India"", ""state"": ""Maharashtra""}",Wholesale,2021-09-26,309758.22,Inactive
5454,Keerthi Patel 454,"{""email"": ""customer5454@example.com"", ""phone"": ""9040837084""}","{""city"": ""Ahmedabad"", ""country"": ""India"", ""state"": ""Gujarat""}",Retail,2025-11-15,565106.38,Active
5455,Kavya Kumar 455,"{""email"": ""customer5455@example.com"", ""phone"": ""9388704645""}","{""city"": ""Coimbatore"", ""country"": ""India"", ""state"": ""Tamil Nadu""}",Individual,2018-01-18,119981.85,Active
5456,Aditya Sharma 456,"{""email"": ""customer5456@example.com"", ""phone"": ""7696994888""}","{""city"": ""Kolkata"", ""country"": ""India"", ""state"": ""West Bengal""}",Corporate,2024-11-14,336743.39,Active
5457,Keerthi Sharma 457,"{""email"": ""customer5457@example.com"", ""phone"": ""8426924477""}","{""city"": ""Mumbai"", ""country"": ""India"", ""state"": ""Maharashtra""}",Retail,2023-02-09,459172.21,Active
5458,Arun Kumar 458,"{""email"": ""customer5458@example.com"", ""phone"": ""9063053229""}","{""city"": ""Jaipur"", ""country"": ""India"", ""state"": ""Rajasthan""}",Wholesale,2018-11-17,640383.46,Active
5459,Vikram Nair 459,"{""email"": ""customer5459@example.com"", ""phone"": ""8077779865""}","{""city"": ""Kochi"", ""country"": ""India"", ""state"": ""Kerala""}",Wholesale,2025-03-09,879655.79,Active
5460,Ananya Mehta 460,"{""email"": ""customer5460@example.com"", ""phone"": ""7277370512""}","{""city"": ""Ahmedabad"", ""country"": ""India"", ""state"": ""Gujarat""}",Corporate,2024-07-12,857143.81,Inactive
5461,Keerthi Mishra 461,"{""email"": ""customer5461@example.com"", ""phone"": ""6666959086""}","{""city"": ""Mumbai"", ""country"": ""India"", ""state"": ""Maharashtra""}",Wholesale,2019-08-04,87347.29,Active
5462,Suresh Pillai 462,"{""email"": ""customer5462@example.com"", ""phone"": ""7989840141""}","{""city"": ""Hyderabad"", ""country"": ""India"", ""state"": ""Telangana""}",Wholesale,2021-04-11,683625.39,Active
5463,Ananya Joshi 463,"{""email"": ""customer5463@example.com"", ""phone"": ""9432392237""}","{""city"": ""Delhi"", ""country"": ""India"", ""state"": ""Delhi""}",Wholesale,2025-04-09,543731.65,Active
5464,Arun Rao 464,"{""email"": ""customer5464@example.com"", ""phone"": ""9044527824""}","{""city"": ""Chennai"", ""country"": ""India"", ""state"": ""Tamil Nadu""}",Retail,2021-11-03,609283.87,Active
5465,Vikram Bose 465,"{""email"": ""customer5465@example.com"", ""phone"": ""6128187997""}","{""city"": ""Delhi"", ""country"": ""India"", ""state"": ""Delhi""}",Retail,2025-02-21,108205.58,Active
5466,Divya Joshi 466,"{""email"": ""customer5466@example.com"", ""phone"": ""7688078993""}","{""city"": ""Ahmedabad"", ""country"": ""India"", ""state"": ""Gujarat""}",Retail,2018-08-27,614141.52,Active
5467,Rahul Mishra 467,"{""email"": ""customer5467@example.com"", ""phone"": ""6514137543""}","{""city"": ""Jaipur"", ""country"": ""India"", ""state"": ""Rajasthan""}",Corporate,2022-08-05,307585.18,Active
5468,Suresh Sharma 468,"{""email"": ""customer5468@example.com"", ""phone"": ""6936405219""}","{""city"": ""Pune"", ""country"": ""India"", ""state"": ""Maharashtra""}",Corporate,2024-09-22,364558.22,Active
5469,Ravi Menon 469,"{""email"": ""customer5469@example.com"", ""phone"": ""8285003828""}","{""city"": ""Ahmedabad"", ""country"": ""India"", ""state"": ""Gujarat""}",Retail,2023-12-05,734455.7,Active
5470,Arun Shah 470,"{""email"": ""customer5470@example.com"", ""phone"": ""8406195347""}","{""city"": ""Delhi"", ""country"": ""India"", ""state"": ""Delhi""}",Individual,2021-06-24,752464.73,Active
5471,Aditya Rao 471,"{""email"": ""customer5471@example.com"", ""phone"": ""9486191669""}","{""city"": ""Coimbatore"", ""country"": ""India"", ""state"": ""Tamil Nadu""}",Retail,2026-12-08,845108.98,Active
5472,Rahul Nair 472,"{""email"": ""customer5472@example.com"", ""phone"": ""8919996478""}","{""city"": ""Kochi"", ""country"": ""India"", ""state"": ""Kerala""}",Retail,2024-12-22,110963.31,Active
5473,Suresh Reddy 473,"{""email"": ""customer5473@example.com"", ""phone"": ""9311143159""}","{""city"": ""Jaipur"", ""country"": ""India"", ""state"": ""Rajasthan""}",Retail,2021-11-13,196653.34,Inactive
5474,Karthik Gupta 474,"{""email"": ""customer5474@example.com"", ""phone"": ""6957628038""}","{""city"": ""Delhi"", ""country"": ""India"", ""state"": ""Delhi""}",Individual,2023-07-23,593491.82,Active
5475,Meena Kumar 475,"{""email"": ""customer5475@example.com"", ""phone"": ""6264846091""}","{""city"": ""Ahmedabad"", ""country"": ""India"", ""state"": ""Gujarat""}",Retail,2023-07-13,220830.2,Active
5476,Rahul Joshi 476,"{""email"": ""customer5476@example.com"", ""phone"": ""7112296591""}","{""city"": ""Vellore"", ""country"": ""India"", ""state"": ""Tamil Nadu""}",Individual,2018-06-22,459199.85,Active
5477,Swathi Reddy 477,"{""email"": ""customer5477@example.com"", ""phone"": ""6388290519""}","{""city"": ""Kochi"", ""country"": ""India"", ""state"": ""Kerala""}",Corporate,2018-05-27,747373.24,Active
5478,Suresh Mehta 478,"{""email"": ""customer5478@example.com"", ""phone"": ""7785057012""}","{""city"": ""Bengaluru"", ""country"": ""India"", ""state"": ""Karnataka""}",Wholesale,2025-12-21,932734.42,Active
5479,Keerthi Naidu 479,"{""email"": ""customer5479@example.com"", ""phone"": ""7686062509""}","{""city"": ""Jaipur"", ""country"": ""India"", ""state"": ""Rajasthan""}",Retail,2020-10-11,474290.62,Active
5480,Keerthi Kapoor 480,"{""email"": ""customer5480@example.com"", ""phone"": ""9067582667""}","{""city"": ""Mumbai"", ""country"": ""India"", ""state"": ""Maharashtra""}",Individual,2023-05-17,487348.25,Inactive
5481,Aditya Reddy 481,"{""email"": ""customer5481@example.com"", ""phone"": ""7398690626""}","{""city"": ""Kochi"", ""country"": ""India"", ""state"": ""Kerala""}",Wholesale,2024-10-25,711208.06,Active
5482,Ananya Kapoor 482,"{""email"": ""customer5482@example.com"", ""phone"": ""7062090190""}","{""city"": ""Delhi"", ""country"": ""India"", ""state"": ""Delhi""}",Corporate,2018-01-22,781532.07,Active
5483,Keerthi Singh 483,"{""email"": ""customer5483@example.com"", ""phone"": ""8022779634""}","{""city"": ""Bengaluru"", ""country"": ""India"", ""state"": ""Karnataka""}",Wholesale,2020-07-17,435175.15,Active
5484,Manoj Rao 484,"{""email"": ""customer5484@example.com"", ""phone"": ""6325311224""}","{""city"": ""Bengaluru"", ""country"": ""India"", ""state"": ""Karnataka""}",Wholesale,2024-09-28,512229.12,Active
5485,Vikram Verma 485,"{""email"": ""customer5485@example.com"", ""phone"": ""6271116886""}","{""city"": ""Coimbatore"", ""country"": ""India"", ""state"": ""Tamil Nadu""}",Wholesale,2019-09-09,801584.62,Active
5486,Sneha Naidu 486,"{""email"": ""customer5486@example.com"", ""phone"": ""8577127900""}","{""city"": ""Delhi"", ""country"": ""India"", ""state"": ""Delhi""}",Corporate,2024-11-12,176260.07,Active
5487,Sneha Naidu 487,"{""email"": ""customer5487@example.com"", ""phone"": ""8105591341""}","{""city"": ""Mumbai"", ""country"": ""India"", ""state"": ""Maharashtra""}",Individual,2020-12-18,872885.74,Active
5488,Ananya Naidu 488,"{""email"": ""customer5488@example.com"", ""phone"": ""9342564195""}","{""city"": ""Bengaluru"", ""country"": ""India"", ""state"": ""Karnataka""}",Corporate,2018-11-05,618144.05,Active
5489,Pooja Bose 489,"{""email"": ""customer5489@example.com"", ""phone"": ""8630522748""}","{""city"": ""Bengaluru"", ""country"": ""India"", ""state"": ""Karnataka""}",Retail,2023-03-18,126273.39,Active
5490,Amit Rao 490,"{""email"": ""customer5490@example.com"", ""phone"": ""8080586537""}","{""city"": ""Bengaluru"", ""country"": ""India"", ""state"": ""Karnataka""}",Corporate,2023-10-21,425275.04,Active
5491,Divya Verma 491,"{""email"": ""customer5491@example.com"", ""phone"": ""7378507697""}","{""city"": ""Kochi"", ""country"": ""India"", ""state"": ""Kerala""}",Individual,2025-05-14,468482.11,Active
5492,Arun Reddy 492,"{""email"": ""customer5492@example.com"", ""phone"": ""8364929372""}","{""city"": ""Kolkata"", ""country"": ""India"", ""state"": ""West Bengal""}",Wholesale,2021-02-25,732825.03,Active
5493,Sneha Joshi 493,"{""email"": ""customer5493@example.com"", ""phone"": ""9178424272""}","{""city"": ""Kolkata"", ""country"": ""India"", ""state"": ""West Bengal""}",Wholesale,2018-09-16,823354.19,Inactive
5494,Arun Menon 494,"{""email"": ""customer5494@example.com"", ""phone"": ""8275388036""}","{""city"": ""Chennai"", ""country"": ""India"", ""state"": ""Tamil Nadu""}",Individual,2023-09-04,131150.51,Active
5495,Amit Shah 495,"{""email"": ""customer5495@example.com"", ""phone"": ""8553533110""}","{""city"": ""Jaipur"", ""country"": ""India"", ""state"": ""Rajasthan""}",Retail,2026-11-27,808622.75,Active
5496,Meena Mishra 496,"{""email"": ""customer5496@example.com"", ""phone"": ""8282305150""}","{""city"": ""Delhi"", ""country"": ""India"", ""state"": ""Delhi""}",Retail,2024-02-19,392504.6,Active
5497,Sneha Das 497,"{""email"": ""customer5497@example.com"", ""phone"": ""6941705878""}","{""city"": ""Jaipur"", ""country"": ""India"", ""state"": ""Rajasthan""}",Corporate,2022-07-25,317839.91,Active
5498,Nikhil Kapoor 498,"{""email"": ""customer5498@example.com"", ""phone"": ""9840408039""}","{""city"": ""Hyderabad"", ""country"": ""India"", ""state"": ""Telangana""}",Corporate,2024-04-07,177311.55,Active
5499,Kavya Mehta 499,"{""email"": ""customer5499@example.com"", ""phone"": ""9972285681""}","{""city"": ""Kochi"", ""country"": ""India"", ""state"": ""Kerala""}",Individual,2024-03-17,361304.92,Active
5500,Nikhil Das 500,"{""email"": ""customer5500@example.com"", ""phone"": ""7238236436""}","{""city"": ""Delhi"", ""country"": ""India"", ""state"": ""Delhi""}",Wholesale,2022-04-18,74021.78,Inactive
5501,Arun Gupta 501,"{""email"": ""customer5501@example.com"", ""phone"": ""8032542142""}","{""city"": ""Vellore"", ""country"": ""India"", ""state"": ""Tamil Nadu""}",Corporate,2022-01-11,757760.11,Active
5502,Rahul Gupta 502,"{""email"": ""customer5502@example.com"", ""phone"": ""7526443480""}","{""city"": ""Delhi"", ""country"": ""India"", ""state"": ""Delhi""}",Retail,2024-03-20,464624.42,Inactive
5503,Manoj Menon 503,"{""email"": ""customer5503@example.com"", ""phone"": ""8493659232""}","{""city"": ""Pune"", ""country"": ""India"", ""state"": ""Maharashtra""}",Individual,2024-01-19,616335.8,Active
5504,Neha Pillai 504,"{""email"": ""customer5504@example.com"", ""phone"": ""7566970265""}","{""city"": ""Hyderabad"", ""country"": ""India"", ""state"": ""Telangana""}",Corporate,2025-12-08,623647.68,Active
5505,Karthik Bose 505,"{""email"": ""customer5505@example.com"", ""phone"": ""9210522281""}","{""city"": ""Kolkata"", ""country"": ""India"", ""state"": ""West Bengal""}",Wholesale,2023-09-15,905579.11,Active
5506,Aditya Naidu 506,"{""email"": ""customer5506@example.com"", ""phone"": ""7087336672""}","{""city"": ""Delhi"", ""country"": ""India"", ""state"": ""Delhi""}",Wholesale,2019-04-04,282347.4,Active
5507,Suresh Kapoor 507,"{""email"": ""customer5507@example.com"", ""phone"": ""7374960096""}","{""city"": ""Ahmedabad"", ""country"": ""India"", ""state"": ""Gujarat""}",Corporate,2024-02-14,355473.78,Active
5508,Pooja Nair 508,"{""email"": ""customer5508@example.com"", ""phone"": ""6340843799""}","{""city"": ""Delhi"", ""country"": ""India"", ""state"": ""Delhi""}",Corporate,2025-05-08,241703.6,Active
5509,Rahul Mehta 509,"{""email"": ""customer5509@example.com"", ""phone"": ""6349539255""}","{""city"": ""Delhi"", ""country"": ""India"", ""state"": ""Delhi""}",Retail,2025-06-13,348807.37,Active
5510,Vikram Mehta 510,"{""email"": ""customer5510@example.com"", ""phone"": ""6173905128""}","{""city"": ""Jaipur"", ""country"": ""India"", ""state"": ""Rajasthan""}",Individual,2026-04-05,920191.11,Active
5511,Kavya Mishra 511,"{""email"": ""customer5511@example.com"", ""phone"": ""6988335238""}","{""city"": ""Chennai"", ""country"": ""India"", ""state"": ""Tamil Nadu""}",Retail,2023-05-12,339032.36,Active
5512,Rahul Kapoor 512,"{""email"": ""customer5512@example.com"", ""phone"": ""6962575845""}","{""city"": ""Chennai"", ""country"": ""India"", ""state"": ""Tamil Nadu""}",Wholesale,2023-12-19,320343.85,Active
5513,Nikhil Reddy 513,"{""email"": ""customer5513@example.com"", ""phone"": ""6578665615""}","{""city"": ""Pune"", ""country"": ""India"", ""state"": ""Maharashtra""}",Corporate,2020-11-24,619816.02,Active
5514,Meena Verma 514,"{""email"": ""customer5514@example.com"", ""phone"": ""9767897094""}","{""city"": ""Chennai"", ""country"": ""India"", ""state"": ""Tamil Nadu""}",Corporate,2024-06-08,879862.82,Active
5515,Manoj Kumar 515,"{""email"": ""customer5515@example.com"", ""phone"": ""8449513080""}","{""city"": ""Delhi"", ""country"": ""India"", ""state"": ""Delhi""}",Retail,2023-10-22,997593.94,Active
5516,Arun Bose 516,"{""email"": ""customer5516@example.com"", ""phone"": ""8104906565""}","{""city"": ""Coimbatore"", ""country"": ""India"", ""state"": ""Tamil Nadu""}",Retail,2019-10-13,769809.45,Active
5517,Manoj Iyer 517,"{""email"": ""customer5517@example.com"", ""phone"": ""9342633474""}","{""city"": ""Delhi"", ""country"": ""India"", ""state"": ""Delhi""}",Retail,2026-11-28,984625.96,Active
5518,Nikhil Mishra 518,"{""email"": ""customer5518@example.com"", ""phone"": ""6942712783""}","{""city"": ""Pune"", ""country"": ""India"", ""state"": ""Maharashtra""}",Corporate,2021-01-19,870948.38,Active
5519,Keerthi Shah 519,"{""email"": ""customer5519@example.com"", ""phone"": ""8161419996""}","{""city"": ""Pune"", ""country"": ""India"", ""state"": ""Maharashtra""}",Wholesale,2018-10-16,931684.62,Inactive
5520,Priya Mishra 520,"{""email"": ""customer5520@example.com"", ""phone"": ""9024758327""}","{""city"": ""Chennai"", ""country"": ""India"", ""state"": ""Tamil Nadu""}",Corporate,2022-05-12,610586.37,Active
5521,Arun Mishra 521,"{""email"": ""customer5521@example.com"", ""phone"": ""8629181075""}","{""city"": ""Ahmedabad"", ""country"": ""India"", ""state"": ""Gujarat""}",Corporate,2018-11-03,717903.51,Active
5522,Pooja Bose 522,"{""email"": ""customer5522@example.com"", ""phone"": ""6680059206""}","{""city"": ""Coimbatore"", ""country"": ""India"", ""state"": ""Tamil Nadu""}",Wholesale,2024-06-05,307407.88,Active
5523,Ravi Pillai 523,"{""email"": ""customer5523@example.com"", ""phone"": ""8146947588""}","{""city"": ""Mumbai"", ""country"": ""India"", ""state"": ""Maharashtra""}",Individual,2022-11-03,90995.56,Active
5524,Pooja Nair 524,"{""email"": ""customer5524@example.com"", ""phone"": ""7193832468""}","{""city"": ""Bengaluru"", ""country"": ""India"", ""state"": ""Karnataka""}",Wholesale,2026-12-26,564775.38,Active
5525,Priya Bose 525,"{""email"": ""customer5525@example.com"", ""phone"": ""8883024101""}","{""city"": ""Ahmedabad"", ""country"": ""India"", ""state"": ""Gujarat""}",Wholesale,2026-08-22,31967.3,Active
5526,Arun Verma 526,"{""email"": ""customer5526@example.com"", ""phone"": ""6840940042""}","{""city"": ""Mumbai"", ""country"": ""India"", ""state"": ""Maharashtra""}",Retail,2021-12-18,355263.37,Active
5527,Aditya Verma 527,"{""email"": ""customer5527@example.com"", ""phone"": ""6142751059""}","{""city"": ""Coimbatore"", ""country"": ""India"", ""state"": ""Tamil Nadu""}",Retail,2024-09-07,747240.93,Inactive
5528,Priya Pillai 528,"{""email"": ""customer5528@example.com"", ""phone"": ""8602792538""}","{""city"": ""Mumbai"", ""country"": ""India"", ""state"": ""Maharashtra""}",Retail,2019-04-28,462223.44,Active
5529,Neha Naidu 529,"{""email"": ""customer5529@example.com"", ""phone"": ""7040808057""}","{""city"": ""Coimbatore"", ""country"": ""India"", ""state"": ""Tamil Nadu""}",Retail,2026-02-11,786852.79,Active
5530,Suresh Mishra 530,"{""email"": ""customer5530@example.com"", ""phone"": ""8444533698""}","{""city"": ""Coimbatore"", ""country"": ""India"", ""state"": ""Tamil Nadu""}",Corporate,2025-09-11,133848.11,Inactive
5531,Suresh Shah 531,"{""email"": ""customer5531@example.com"", ""phone"": ""6444206796""}","{""city"": ""Kochi"", ""country"": ""India"", ""state"": ""Kerala""}",Retail,2020-05-03,260300.49,Active
5532,Swathi Verma 532,"{""email"": ""customer5532@example.com"", ""phone"": ""8279317196""}","{""city"": ""Pune"", ""country"": ""India"", ""state"": ""Maharashtra""}",Corporate,2021-10-02,57505.65,Active
5533,Amit Bose 533,"{""email"": ""customer5533@example.com"", ""phone"": ""9989443956""}","{""city"": ""Jaipur"", ""country"": ""India"", ""state"": ""Rajasthan""}",Individual,2026-04-28,437800.15,Active
5534,Amit Sharma 534,"{""email"": ""customer5534@example.com"", ""phone"": ""7714080876""}","{""city"": ""Kolkata"", ""country"": ""India"", ""state"": ""West Bengal""}",Retail,2024-07-11,493730.09,Inactive
5535,Suresh Menon 535,"{""email"": ""customer5535@example.com"", ""phone"": ""7248163310""}","{""city"": ""Mumbai"", ""country"": ""India"", ""state"": ""Maharashtra""}",Individual,2023-08-26,815611.77,Active
5536,Ananya Verma 536,"{""email"": ""customer5536@example.com"", ""phone"": ""6051274645""}","{""city"": ""Kochi"", ""country"": ""India"", ""state"": ""Kerala""}",Wholesale,2025-08-22,63121.74,Active
5537,Swathi Naidu 537,"{""email"": ""customer5537@example.com"", ""phone"": ""6277849445""}","{""city"": ""Kochi"", ""country"": ""India"", ""state"": ""Kerala""}",Individual,2026-11-20,637478.09,Active
5538,Meena Menon 538,"{""email"": ""customer5538@example.com"", ""phone"": ""8080614611""}","{""city"": ""Mumbai"", ""country"": ""India"", ""state"": ""Maharashtra""}",Wholesale,2026-08-05,762170.05,Active
5539,Arun Iyer 539,"{""email"": ""customer5539@example.com"", ""phone"": ""7237509100""}","{""city"": ""Jaipur"", ""country"": ""India"", ""state"": ""Rajasthan""}",Individual,2020-01-17,41005.76,Active
5540,Karthik Kapoor 540,"{""email"": ""customer5540@example.com"", ""phone"": ""7050957780""}","{""city"": ""Mumbai"", ""country"": ""India"", ""state"": ""Maharashtra""}",Individual,2018-08-24,420915.58,Active
5541,Kavya Patel 541,"{""email"": ""customer5541@example.com"", ""phone"": ""7474360862""}","{""city"": ""Jaipur"", ""country"": ""India"", ""state"": ""Rajasthan""}",Wholesale,2019-07-25,638944.25,Inactive
5542,Arun Gupta 542,"{""email"": ""customer5542@example.com"", ""phone"": ""7891721102""}","{""city"": ""Vellore"", ""country"": ""India"", ""state"": ""Tamil Nadu""}",Wholesale,2021-11-10,68912.83,Active
5543,Priya Naidu 543,"{""email"": ""customer5543@example.com"", ""phone"": ""8521837268""}","{""city"": ""Hyderabad"", ""country"": ""India"", ""state"": ""Telangana""}",Corporate,2023-09-10,151870.0,Active
5544,Karthik Mehta 544,"{""email"": ""customer5544@example.com"", ""phone"": ""9391447702""}","{""city"": ""Pune"", ""country"": ""India"", ""state"": ""Maharashtra""}",Wholesale,2018-11-13,633219.6,Active
5545,Swathi Sharma 545,"{""email"": ""customer5545@example.com"", ""phone"": ""9952719920""}","{""city"": ""Jaipur"", ""country"": ""India"", ""state"": ""Rajasthan""}",Corporate,2023-12-23,793797.77,Active
5546,Nikhil Iyer 546,"{""email"": ""customer5546@example.com"", ""phone"": ""9740176476""}","{""city"": ""Kolkata"", ""country"": ""India"", ""state"": ""West Bengal""}",Corporate,2021-07-10,321791.33,Active
5547,Swathi Das 547,"{""email"": ""customer5547@example.com"", ""phone"": ""7012377399""}","{""city"": ""Kolkata"", ""country"": ""India"", ""state"": ""West Bengal""}",Wholesale,2019-08-02,88005.93,Active
5548,Aditya Pillai 548,"{""email"": ""customer5548@example.com"", ""phone"": ""7723903682""}","{""city"": ""Hyderabad"", ""country"": ""India"", ""state"": ""Telangana""}",Corporate,2020-05-09,679413.67,Active
5549,Meena Kapoor 549,"{""email"": ""customer5549@example.com"", ""phone"": ""9896315454""}","{""city"": ""Chennai"", ""country"": ""India"", ""state"": ""Tamil Nadu""}",Individual,2018-05-12,291394.59,Inactive
5550,Amit Shah 550,"{""email"": ""customer5550@example.com"", ""phone"": ""8714274742""}","{""city"": ""Kochi"", ""country"": ""India"", ""state"": ""Kerala""}",Corporate,2026-09-26,846114.62,Active
5551,Pooja Sharma 551,"{""email"": ""customer5551@example.com"", ""phone"": ""8425062705""}","{""city"": ""Chennai"", ""country"": ""India"", ""state"": ""Tamil Nadu""}",Retail,2024-02-24,230487.84,Active
5552,Amit Naidu 552,"{""email"": ""customer5552@example.com"", ""phone"": ""9912846201""}","{""city"": ""Chennai"", ""country"": ""India"", ""state"": ""Tamil Nadu""}",Individual,2026-02-13,242306.33,Active
5553,Aditya Reddy 553,"{""email"": ""customer5553@example.com"", ""phone"": ""8917844895""}","{""city"": ""Jaipur"", ""country"": ""India"", ""state"": ""Rajasthan""}",Corporate,2026-05-13,560778.0,Active
5554,Divya Pillai 554,"{""email"": ""customer5554@example.com"", ""phone"": ""7653799829""}","{""city"": ""Vellore"", ""country"": ""India"", ""state"": ""Tamil Nadu""}",Corporate,2024-05-11,385450.12,Active
5555,Kavya Iyer 555,"{""email"": ""customer5555@example.com"", ""phone"": ""7895691750""}","{""city"": ""Coimbatore"", ""country"": ""India"", ""state"": ""Tamil Nadu""}",Retail,2023-04-14,603666.34,Active
5556,Nikhil Kapoor 556,"{""email"": ""customer5556@example.com"", ""phone"": ""7327485222""}","{""city"": ""Coimbatore"", ""country"": ""India"", ""state"": ""Tamil Nadu""}",Retail,2020-10-12,298095.46,Active
5557,Pooja Reddy 557,"{""email"": ""customer5557@example.com"", ""phone"": ""8002516905""}","{""city"": ""Chennai"", ""country"": ""India"", ""state"": ""Tamil Nadu""}",Corporate,2026-10-26,660728.29,Active
5558,Priya Gupta 558,"{""email"": ""customer5558@example.com"", ""phone"": ""6740837424""}","{""city"": ""Mumbai"", ""country"": ""India"", ""state"": ""Maharashtra""}",Retail,2025-02-14,939377.21,Active
5559,Amit Menon 559,"{""email"": ""customer5559@example.com"", ""phone"": ""6158449380""}","{""city"": ""Hyderabad"", ""country"": ""India"", ""state"": ""Telangana""}",Wholesale,2022-08-03,280930.0,Active
5560,Ravi Bose 560,"{""email"": ""customer5560@example.com"", ""phone"": ""9177658841""}","{""city"": ""Coimbatore"", ""country"": ""India"", ""state"": ""Tamil Nadu""}",Corporate,2024-05-10,609605.21,Active
5561,Divya Patel 561,"{""email"": ""customer5561@example.com"", ""phone"": ""8834075687""}","{""city"": ""Kochi"", ""country"": ""India"", ""state"": ""Kerala""}",Individual,2022-12-12,839343.53,Inactive
5562,Aditya Bose 562,"{""email"": ""customer5562@example.com"", ""phone"": ""8083515342""}","{""city"": ""Delhi"", ""country"": ""India"", ""state"": ""Delhi""}",Retail,2026-01-09,156661.05,Active
5563,Aditya Joshi 563,"{""email"": ""customer5563@example.com"", ""phone"": ""9998217630""}","{""city"": ""Kolkata"", ""country"": ""India"", ""state"": ""West Bengal""}",Wholesale,2021-08-08,742544.13,Active
5564,Arun Shah 564,"{""email"": ""customer5564@example.com"", ""phone"": ""7208251291""}","{""city"": ""Coimbatore"", ""country"": ""India"", ""state"": ""Tamil Nadu""}",Individual,2025-11-14,328218.12,Active
5565,Kavya Singh 565,"{""email"": ""customer5565@example.com"", ""phone"": ""7513133297""}","{""city"": ""Hyderabad"", ""country"": ""India"", ""state"": ""Telangana""}",Corporate,2018-03-14,300354.51,Active
5566,Meena Iyer 566,"{""email"": ""customer5566@example.com"", ""phone"": ""9510084081""}","{""city"": ""Mumbai"", ""country"": ""India"", ""state"": ""Maharashtra""}",Retail,2024-02-18,726875.63,Active
5567,Ravi Verma 567,"{""email"": ""customer5567@example.com"", ""phone"": ""6310930409""}","{""city"": ""Bengaluru"", ""country"": ""India"", ""state"": ""Karnataka""}",Individual,2026-05-04,586248.51,Active
5568,Nikhil Menon 568,"{""email"": ""customer5568@example.com"", ""phone"": ""6028468042""}","{""city"": ""Coimbatore"", ""country"": ""India"", ""state"": ""Tamil Nadu""}",Wholesale,2023-03-28,416914.05,Active
5569,Swathi Nair 569,"{""email"": ""customer5569@example.com"", ""phone"": ""8994123781""}","{""city"": ""Jaipur"", ""country"": ""India"", ""state"": ""Rajasthan""}",Individual,2018-09-09,452636.74,Active
5570,Karthik Sharma 570,"{""email"": ""customer5570@example.com"", ""phone"": ""8973261423""}","{""city"": ""Coimbatore"", ""country"": ""India"", ""state"": ""Tamil Nadu""}",Corporate,2024-04-07,665160.78,Active
5571,Suresh Iyer 571,"{""email"": ""customer5571@example.com"", ""phone"": ""7746804597""}","{""city"": ""Kolkata"", ""country"": ""India"", ""state"": ""West Bengal""}",Retail,2019-12-26,179398.41,Active
5572,Pooja Pillai 572,"{""email"": ""customer5572@example.com"", ""phone"": ""7885345746""}","{""city"": ""Coimbatore"", ""country"": ""India"", ""state"": ""Tamil Nadu""}",Wholesale,2024-03-15,448556.89,Active
5573,Karthik Joshi 573,"{""email"": ""customer5573@example.com"", ""phone"": ""8308237266""}","{""city"": ""Kolkata"", ""country"": ""India"", ""state"": ""West Bengal""}",Retail,2026-02-19,649161.11,Active
5574,Divya Mehta 574,"{""email"": ""customer5574@example.com"", ""phone"": ""8622399046""}","{""city"": ""Hyderabad"", ""country"": ""India"", ""state"": ""Telangana""}",Corporate,2020-10-10,792681.13,Active
5575,Vikram Joshi 575,"{""email"": ""customer5575@example.com"", ""phone"": ""7756081162""}","{""city"": ""Delhi"", ""country"": ""India"", ""state"": ""Delhi""}",Wholesale,2023-11-16,716583.85,Active
5576,Amit Mishra 576,"{""email"": ""customer5576@example.com"", ""phone"": ""8775266358""}","{""city"": ""Chennai"", ""country"": ""India"", ""state"": ""Tamil Nadu""}",Corporate,2023-04-13,769175.07,Active
5577,Meena Reddy 577,"{""email"": ""customer5577@example.com"", ""phone"": ""8077318531""}","{""city"": ""Vellore"", ""country"": ""India"", ""state"": ""Tamil Nadu""}",Retail,2024-02-23,606951.15,Active
5578,Manoj Das 578,"{""email"": ""customer5578@example.com"", ""phone"": ""6813516620""}","{""city"": ""Hyderabad"", ""country"": ""India"", ""state"": ""Telangana""}",Corporate,2018-04-18,124263.88,Active
5579,Kavya Joshi 579,"{""email"": ""customer5579@example.com"", ""phone"": ""7730076627""}","{""city"": ""Jaipur"", ""country"": ""India"", ""state"": ""Rajasthan""}",Wholesale,2019-09-01,552037.11,Active
5580,Priya Reddy 580,"{""email"": ""customer5580@example.com"", ""phone"": ""9742222449""}","{""city"": ""Bengaluru"", ""country"": ""India"", ""state"": ""Karnataka""}",Corporate,2024-03-18,513214.79,Active
5581,Kavya Verma 581,"{""email"": ""customer5581@example.com"", ""phone"": ""7185545875""}","{""city"": ""Kochi"", ""country"": ""India"", ""state"": ""Kerala""}",Corporate,2023-04-03,574283.61,Active
5582,Divya Patel 582,"{""email"": ""customer5582@example.com"", ""phone"": ""9694767651""}","{""city"": ""Vellore"", ""country"": ""India"", ""state"": ""Tamil Nadu""}",Wholesale,2023-08-08,590306.98,Active
5583,Swathi Pillai 583,"{""email"": ""customer5583@example.com"", ""phone"": ""9633679382""}","{""city"": ""Jaipur"", ""country"": ""India"", ""state"": ""Rajasthan""}",Corporate,2024-07-01,254788.51,Active
5584,Ananya Pillai 584,"{""email"": ""customer5584@example.com"", ""phone"": ""9920657345""}","{""city"": ""Chennai"", ""country"": ""India"", ""state"": ""Tamil Nadu""}",Corporate,2022-07-02,814495.64,Active
5585,Ananya Iyer 585,"{""email"": ""customer5585@example.com"", ""phone"": ""9966967533""}","{""city"": ""Delhi"", ""country"": ""India"", ""state"": ""Delhi""}",Wholesale,2026-11-20,127146.3,Active
5586,Kavya Das 586,"{""email"": ""customer5586@example.com"", ""phone"": ""7448910698""}","{""city"": ""Kochi"", ""country"": ""India"", ""state"": ""Kerala""}",Individual,2020-07-21,956581.42,Active
5587,Rahul Menon 587,"{""email"": ""customer5587@example.com"", ""phone"": ""9721365402""}","{""city"": ""Chennai"", ""country"": ""India"", ""state"": ""Tamil Nadu""}",Retail,2026-05-02,848243.15,Active
5588,Aditya Bose 588,"{""email"": ""customer5588@example.com"", ""phone"": ""6276147250""}","{""city"": ""Delhi"", ""country"": ""India"", ""state"": ""Delhi""}",Individual,2018-07-05,575222.9,Active
5589,Amit Bose 589,"{""email"": ""customer5589@example.com"", ""phone"": ""7699347977""}","{""city"": ""Jaipur"", ""country"": ""India"", ""state"": ""Rajasthan""}",Retail,2023-03-28,934459.13,Active
5590,Rahul Joshi 590,"{""email"": ""customer5590@example.com"", ""phone"": ""8392954327""}","{""city"": ""Kolkata"", ""country"": ""India"", ""state"": ""West Bengal""}",Corporate,2021-07-18,135867.88,Active
5591,Swathi Mishra 591,"{""email"": ""customer5591@example.com"", ""phone"": ""6355438889""}","{""city"": ""Bengaluru"", ""country"": ""India"", ""state"": ""Karnataka""}",Wholesale,2025-04-02,760567.27,Active
5592,Arun Sharma 592,"{""email"": ""customer5592@example.com"", ""phone"": ""7465825911""}","{""city"": ""Bengaluru"", ""country"": ""India"", ""state"": ""Karnataka""}",Retail,2018-10-05,197655.32,Active
5593,Karthik Shah 593,"{""email"": ""customer5593@example.com"", ""phone"": ""7225854174""}","{""city"": ""Delhi"", ""country"": ""India"", ""state"": ""Delhi""}",Wholesale,2018-11-06,895492.26,Active
5594,Vikram Patel 594,"{""email"": ""customer5594@example.com"", ""phone"": ""6992294298""}","{""city"": ""Kolkata"", ""country"": ""India"", ""state"": ""West Bengal""}",Corporate,2026-09-20,475300.06,Active
5595,Meena Nair 595,"{""email"": ""customer5595@example.com"", ""phone"": ""6580610829""}","{""city"": ""Mumbai"", ""country"": ""India"", ""state"": ""Maharashtra""}",Retail,2020-03-20,678855.49,Active
5596,Karthik Kapoor 596,"{""email"": ""customer5596@example.com"", ""phone"": ""8880920617""}","{""city"": ""Mumbai"", ""country"": ""India"", ""state"": ""Maharashtra""}",Corporate,2022-01-04,561900.83,Inactive
5597,Suresh Patel 597,"{""email"": ""customer5597@example.com"", ""phone"": ""8172651914""}","{""city"": ""Hyderabad"", ""country"": ""India"", ""state"": ""Telangana""}",Retail,2025-06-10,792726.37,Active
5598,Priya Shah 598,"{""email"": ""customer5598@example.com"", ""phone"": ""9496063821""}","{""city"": ""Hyderabad"", ""country"": ""India"", ""state"": ""Telangana""}",Corporate,2025-09-02,743034.46,Active
5599,Aditya Bose 599,"{""email"": ""customer5599@example.com"", ""phone"": ""7040163498""}","{""city"": ""Pune"", ""country"": ""India"", ""state"": ""Maharashtra""}",Retail,2021-07-14,846213.94,Active
5600,Divya Menon 600,"{""email"": ""customer5600@example.com"", ""phone"": ""8337126108""}","{""city"": ""Jaipur"", ""country"": ""India"", ""state"": ""Rajasthan""}",Corporate,2023-11-01,551170.94,Active
5601,Priya Mehta 601,"{""email"": ""customer5601@example.com"", ""phone"": ""8495621663""}","{""city"": ""Chennai"", ""country"": ""India"", ""state"": ""Tamil Nadu""}",Individual,2025-12-15,738452.1,Active
5602,Suresh Verma 602,"{""email"": ""customer5602@example.com"", ""phone"": ""8523551958""}","{""city"": ""Coimbatore"", ""country"": ""India"", ""state"": ""Tamil Nadu""}",Individual,2019-11-03,300684.16,Active
5603,Keerthi Pillai 603,"{""email"": ""customer5603@example.com"", ""phone"": ""7136629027""}","{""city"": ""Vellore"", ""country"": ""India"", ""state"": ""Tamil Nadu""}",Individual,2023-11-14,137643.51,Active
5604,Meena Singh 604,"{""email"": ""customer5604@example.com"", ""phone"": ""7403920960""}","{""city"": ""Pune"", ""country"": ""India"", ""state"": ""Maharashtra""}",Corporate,2018-02-20,31956.2,Inactive
5605,Keerthi Singh 605,"{""email"": ""customer5605@example.com"", ""phone"": ""6331837192""}","{""city"": ""Coimbatore"", ""country"": ""India"", ""state"": ""Tamil Nadu""}",Retail,2020-07-02,749660.12,Active
5606,Kavya Joshi 606,"{""email"": ""customer5606@example.com"", ""phone"": ""6405835596""}","{""city"": ""Pune"", ""country"": ""India"", ""state"": ""Maharashtra""}",Wholesale,2024-04-08,76172.76,Active
5607,Rahul Shah 607,"{""email"": ""customer5607@example.com"", ""phone"": ""6368143564""}","{""city"": ""Coimbatore"", ""country"": ""India"", ""state"": ""Tamil Nadu""}",Retail,2021-02-01,143049.02,Active
5608,Divya Sharma 608,"{""email"": ""customer5608@example.com"", ""phone"": ""7436447873""}","{""city"": ""Hyderabad"", ""country"": ""India"", ""state"": ""Telangana""}",Individual,2023-08-24,613630.25,Active
5609,Aditya Kumar 609,"{""email"": ""customer5609@example.com"", ""phone"": ""6024393837""}","{""city"": ""Mumbai"", ""country"": ""India"", ""state"": ""Maharashtra""}",Wholesale,2018-09-03,427742.65,Active
5610,Amit Das 610,"{""email"": ""customer5610@example.com"", ""phone"": ""7566810902""}","{""city"": ""Bengaluru"", ""country"": ""India"", ""state"": ""Karnataka""}",Wholesale,2023-03-26,109852.58,Active
5611,Kavya Das 611,"{""email"": ""customer5611@example.com"", ""phone"": ""8801006511""}","{""city"": ""Bengaluru"", ""country"": ""India"", ""state"": ""Karnataka""}",Individual,2023-03-09,171320.56,Active
5612,Priya Joshi 612,"{""email"": ""customer5612@example.com"", ""phone"": ""7779032155""}","{""city"": ""Kolkata"", ""country"": ""India"", ""state"": ""West Bengal""}",Wholesale,2024-08-04,748928.68,Active
5613,Pooja Mishra 613,"{""email"": ""customer5613@example.com"", ""phone"": ""7906083629""}","{""city"": ""Hyderabad"", ""country"": ""India"", ""state"": ""Telangana""}",Wholesale,2020-04-12,104124.5,Active
5614,Nikhil Menon 614,"{""email"": ""customer5614@example.com"", ""phone"": ""6823100326""}","{""city"": ""Chennai"", ""country"": ""India"", ""state"": ""Tamil Nadu""}",Corporate,2023-08-03,150292.47,Active
5615,Ravi Nair 615,"{""email"": ""customer5615@example.com"", ""phone"": ""7691208334""}","{""city"": ""Jaipur"", ""country"": ""India"", ""state"": ""Rajasthan""}",Individual,2025-12-26,333010.75,Active
5616,Kavya Joshi 616,"{""email"": ""customer5616@example.com"", ""phone"": ""9503283758""}","{""city"": ""Kolkata"", ""country"": ""India"", ""state"": ""West Bengal""}",Corporate,2026-10-26,121167.9,Inactive
5617,Divya Nair 617,"{""email"": ""customer5617@example.com"", ""phone"": ""9106630691""}","{""city"": ""Mumbai"", ""country"": ""India"", ""state"": ""Maharashtra""}",Wholesale,2019-02-03,138109.3,Active
5618,Amit Mishra 618,"{""email"": ""customer5618@example.com"", ""phone"": ""6931292884""}","{""city"": ""Kolkata"", ""country"": ""India"", ""state"": ""West Bengal""}",Individual,2022-06-10,917424.17,Inactive
5619,Divya Patel 619,"{""email"": ""customer5619@example.com"", ""phone"": ""8462581200""}","{""city"": ""Delhi"", ""country"": ""India"", ""state"": ""Delhi""}",Individual,2019-12-16,690333.36,Active
5620,Priya Naidu 620,"{""email"": ""customer5620@example.com"", ""phone"": ""7511329319""}","{""city"": ""Mumbai"", ""country"": ""India"", ""state"": ""Maharashtra""}",Retail,2022-06-21,746769.83,Active
5621,Rahul Shah 621,"{""email"": ""customer5621@example.com"", ""phone"": ""7732233221""}","{""city"": ""Hyderabad"", ""country"": ""India"", ""state"": ""Telangana""}",Individual,2018-02-21,474968.76,Active
5622,Ananya Mishra 622,"{""email"": ""customer5622@example.com"", ""phone"": ""6915760823""}","{""city"": ""Bengaluru"", ""country"": ""India"", ""state"": ""Karnataka""}",Corporate,2018-02-04,860658.18,Active
5623,Arun Das 623,"{""email"": ""customer5623@example.com"", ""phone"": ""7365374327""}","{""city"": ""Kolkata"", ""country"": ""India"", ""state"": ""West Bengal""}",Retail,2019-08-06,597453.03,Active
5624,Rahul Kapoor 624,"{""email"": ""customer5624@example.com"", ""phone"": ""6274126350""}","{""city"": ""Pune"", ""country"": ""India"", ""state"": ""Maharashtra""}",Wholesale,2022-01-01,308500.25,Active
5625,Pooja Naidu 625,"{""email"": ""customer5625@example.com"", ""phone"": ""9521464323""}","{""city"": ""Pune"", ""country"": ""India"", ""state"": ""Maharashtra""}",Corporate,2018-12-28,855505.4,Active
5626,Vikram Rao 626,"{""email"": ""customer5626@example.com"", ""phone"": ""8838081816""}","{""city"": ""Pune"", ""country"": ""India"", ""state"": ""Maharashtra""}",Individual,2022-04-09,840310.5,Active
5627,Neha Pillai 627,"{""email"": ""customer5627@example.com"", ""phone"": ""6620596446""}","{""city"": ""Delhi"", ""country"": ""India"", ""state"": ""Delhi""}",Wholesale,2023-05-22,911834.37,Active
5628,Amit Rao 628,"{""email"": ""customer5628@example.com"", ""phone"": ""6542437031""}","{""city"": ""Coimbatore"", ""country"": ""India"", ""state"": ""Tamil Nadu""}",Individual,2021-01-21,801679.62,Active
5629,Suresh Bose 629,"{""email"": ""customer5629@example.com"", ""phone"": ""9464724028""}","{""city"": ""Kolkata"", ""country"": ""India"", ""state"": ""West Bengal""}",Wholesale,2022-07-02,120351.51,Active
5630,Amit Joshi 630,"{""email"": ""customer5630@example.com"", ""phone"": ""7368385779""}","{""city"": ""Ahmedabad"", ""country"": ""India"", ""state"": ""Gujarat""}",Corporate,2020-04-09,88013.87,Active
5631,Meena Das 631,"{""email"": ""customer5631@example.com"", ""phone"": ""6423266947""}","{""city"": ""Hyderabad"", ""country"": ""India"", ""state"": ""Telangana""}",Retail,2024-05-11,758261.43,Active
5632,Sneha Rao 632,"{""email"": ""customer5632@example.com"", ""phone"": ""6444100347""}","{""city"": ""Mumbai"", ""country"": ""India"", ""state"": ""Maharashtra""}",Individual,2018-07-02,698754.56,Active
5633,Karthik Pillai 633,"{""email"": ""customer5633@example.com"", ""phone"": ""9190430752""}","{""city"": ""Jaipur"", ""country"": ""India"", ""state"": ""Rajasthan""}",Corporate,2019-04-21,641918.03,Active
5634,Priya Shah 634,"{""email"": ""customer5634@example.com"", ""phone"": ""8300078315""}","{""city"": ""Chennai"", ""country"": ""India"", ""state"": ""Tamil Nadu""}",Retail,2025-09-20,587187.56,Active
5635,Priya Reddy 635,"{""email"": ""customer5635@example.com"", ""phone"": ""8394135602""}","{""city"": ""Mumbai"", ""country"": ""India"", ""state"": ""Maharashtra""}",Corporate,2025-12-13,984328.07,Active
5636,Divya Rao 636,"{""email"": ""customer5636@example.com"", ""phone"": ""8097892776""}","{""city"": ""Kochi"", ""country"": ""India"", ""state"": ""Kerala""}",Wholesale,2023-11-28,841868.37,Active
5637,Aditya Shah 637,"{""email"": ""customer5637@example.com"", ""phone"": ""7067769214""}","{""city"": ""Hyderabad"", ""country"": ""India"", ""state"": ""Telangana""}",Retail,2021-06-21,765080.04,Active
5638,Ravi Iyer 638,"{""email"": ""customer5638@example.com"", ""phone"": ""9591027646""}","{""city"": ""Vellore"", ""country"": ""India"", ""state"": ""Tamil Nadu""}",Wholesale,2024-09-25,840765.99,Active
5639,Divya Kumar 639,"{""email"": ""customer5639@example.com"", ""phone"": ""9415198096""}","{""city"": ""Kochi"", ""country"": ""India"", ""state"": ""Kerala""}",Corporate,2025-06-02,486924.08,Active
5640,Aditya Joshi 640,"{""email"": ""customer5640@example.com"", ""phone"": ""8392334754""}","{""city"": ""Kochi"", ""country"": ""India"", ""state"": ""Kerala""}",Retail,2019-09-11,286948.99,Active
5641,Arun Menon 641,"{""email"": ""customer5641@example.com"", ""phone"": ""9110671630""}","{""city"": ""Ahmedabad"", ""country"": ""India"", ""state"": ""Gujarat""}",Wholesale,2023-03-19,56696.57,Active
5642,Swathi Gupta 642,"{""email"": ""customer5642@example.com"", ""phone"": ""7919474939""}","{""city"": ""Ahmedabad"", ""country"": ""India"", ""state"": ""Gujarat""}",Corporate,2020-09-03,405806.99,Active
5643,Aditya Nair 643,"{""email"": ""customer5643@example.com"", ""phone"": ""7237036981""}","{""city"": ""Pune"", ""country"": ""India"", ""state"": ""Maharashtra""}",Individual,2021-12-20,440370.25,Active
5644,Neha Nair 644,"{""email"": ""customer5644@example.com"", ""phone"": ""9176873627""}","{""city"": ""Vellore"", ""country"": ""India"", ""state"": ""Tamil Nadu""}",Retail,2023-05-02,524979.58,Active
5645,Priya Joshi 645,"{""email"": ""customer5645@example.com"", ""phone"": ""8157372173""}","{""city"": ""Ahmedabad"", ""country"": ""India"", ""state"": ""Gujarat""}",Corporate,2018-09-18,111804.17,Active
5646,Sneha Mehta 646,"{""email"": ""customer5646@example.com"", ""phone"": ""6599338343""}","{""city"": ""Jaipur"", ""country"": ""India"", ""state"": ""Rajasthan""}",Corporate,2019-08-19,784044.2,Active
5647,Sneha Joshi 647,"{""email"": ""customer5647@example.com"", ""phone"": ""8087550477""}","{""city"": ""Bengaluru"", ""country"": ""India"", ""state"": ""Karnataka""}",Retail,2021-02-06,158578.25,Active
5648,Ravi Pillai 648,"{""email"": ""customer5648@example.com"", ""phone"": ""6529510987""}","{""city"": ""Kochi"", ""country"": ""India"", ""state"": ""Kerala""}",Retail,2021-09-28,195491.57,Active
5649,Divya Nair 649,"{""email"": ""customer5649@example.com"", ""phone"": ""8133761457""}","{""city"": ""Vellore"", ""country"": ""India"", ""state"": ""Tamil Nadu""}",Retail,2022-02-07,208913.23,Active
5650,Nikhil Gupta 650,"{""email"": ""customer5650@example.com"", ""phone"": ""6772656742""}","{""city"": ""Jaipur"", ""country"": ""India"", ""state"": ""Rajasthan""}",Individual,2025-04-23,684328.21,Active
5651,Vikram Sharma 651,"{""email"": ""customer5651@example.com"", ""phone"": ""7886723486""}","{""city"": ""Coimbatore"", ""country"": ""India"", ""state"": ""Tamil Nadu""}",Corporate,2018-10-09,898973.47,Active
5652,Aditya Mehta 652,"{""email"": ""customer5652@example.com"", ""phone"": ""7234753324""}","{""city"": ""Mumbai"", ""country"": ""India"", ""state"": ""Maharashtra""}",Corporate,2026-08-03,358819.99,Inactive
5653,Sneha Das 653,"{""email"": ""customer5653@example.com"", ""phone"": ""9736205659""}","{""city"": ""Jaipur"", ""country"": ""India"", ""state"": ""Rajasthan""}",Individual,2023-10-05,866927.53,Active
5654,Aditya Mehta 654,"{""email"": ""customer5654@example.com"", ""phone"": ""6960944939""}","{""city"": ""Mumbai"", ""country"": ""India"", ""state"": ""Maharashtra""}",Retail,2026-08-16,312998.81,Active
5655,Ravi Mishra 655,"{""email"": ""customer5655@example.com"", ""phone"": ""6639787481""}","{""city"": ""Delhi"", ""country"": ""India"", ""state"": ""Delhi""}",Corporate,2021-08-19,532557.23,Active
5656,Ananya Patel 656,"{""email"": ""customer5656@example.com"", ""phone"": ""7028014484""}","{""city"": ""Pune"", ""country"": ""India"", ""state"": ""Maharashtra""}",Wholesale,2019-03-19,126077.03,Active
5657,Meena Sharma 657,"{""email"": ""customer5657@example.com"", ""phone"": ""6459152355""}","{""city"": ""Jaipur"", ""country"": ""India"", ""state"": ""Rajasthan""}",Individual,2019-04-21,488538.41,Active
5658,Divya Joshi 658,"{""email"": ""customer5658@example.com"", ""phone"": ""8477217720""}","{""city"": ""Jaipur"", ""country"": ""India"", ""state"": ""Rajasthan""}",Wholesale,2018-03-28,955811.71,Active
5659,Ananya Iyer 659,"{""email"": ""customer5659@example.com"", ""phone"": ""6778934722""}","{""city"": ""Hyderabad"", ""country"": ""India"", ""state"": ""Telangana""}",Corporate,2019-03-07,859699.53,Active
5660,Sneha Shah 660,"{""email"": ""customer5660@example.com"", ""phone"": ""6254410206""}","{""city"": ""Kolkata"", ""country"": ""India"", ""state"": ""West Bengal""}",Wholesale,2025-04-17,227019.57,Active
5661,Swathi Verma 661,"{""email"": ""customer5661@example.com"", ""phone"": ""8413157277""}","{""city"": ""Vellore"", ""country"": ""India"", ""state"": ""Tamil Nadu""}",Retail,2021-08-01,959819.91,Active
5662,Kavya Pillai 662,"{""email"": ""customer5662@example.com"", ""phone"": ""9503652954""}","{""city"": ""Ahmedabad"", ""country"": ""India"", ""state"": ""Gujarat""}",Corporate,2020-02-08,162044.87,Active
5663,Aditya Singh 663,"{""email"": ""customer5663@example.com"", ""phone"": ""7917158572""}","{""city"": ""Kolkata"", ""country"": ""India"", ""state"": ""West Bengal""}",Individual,2018-10-26,388067.02,Active
5664,Divya Mehta 664,"{""email"": ""customer5664@example.com"", ""phone"": ""8338457548""}","{""city"": ""Vellore"", ""country"": ""India"", ""state"": ""Tamil Nadu""}",Corporate,2025-09-10,551804.48,Active
5665,Suresh Naidu 665,"{""email"": ""customer5665@example.com"", ""phone"": ""6529574638""}","{""city"": ""Jaipur"", ""country"": ""India"", ""state"": ""Rajasthan""}",Individual,2022-11-15,242748.76,Active
5666,Neha Nair 666,"{""email"": ""customer5666@example.com"", ""phone"": ""7315114687""}","{""city"": ""Chennai"", ""country"": ""India"", ""state"": ""Tamil Nadu""}",Wholesale,2022-10-09,330330.71,Active
5667,Suresh Verma 667,"{""email"": ""customer5667@example.com"", ""phone"": ""7382590554""}","{""city"": ""Delhi"", ""country"": ""India"", ""state"": ""Delhi""}",Corporate,2018-01-11,857704.81,Active
5668,Swathi Kumar 668,"{""email"": ""customer5668@example.com"", ""phone"": ""8867962363""}","{""city"": ""Kolkata"", ""country"": ""India"", ""state"": ""West Bengal""}",Corporate,2019-11-04,575534.48,Active
5669,Ananya Naidu 669,"{""email"": ""customer5669@example.com"", ""phone"": ""7204018721""}","{""city"": ""Kolkata"", ""country"": ""India"", ""state"": ""West Bengal""}",Retail,2023-01-26,494213.66,Inactive
5670,Ravi Das 670,"{""email"": ""customer5670@example.com"", ""phone"": ""7994997823""}","{""city"": ""Coimbatore"", ""country"": ""India"", ""state"": ""Tamil Nadu""}",Individual,2023-09-16,992301.32,Active
5671,Suresh Singh 671,"{""email"": ""customer5671@example.com"", ""phone"": ""9193329835""}","{""city"": ""Hyderabad"", ""country"": ""India"", ""state"": ""Telangana""}",Individual,2019-06-28,460091.99,Active
5672,Priya Joshi 672,"{""email"": ""customer5672@example.com"", ""phone"": ""6915534200""}","{""city"": ""Pune"", ""country"": ""India"", ""state"": ""Maharashtra""}",Corporate,2024-11-16,113345.44,Active
5673,Kavya Kapoor 673,"{""email"": ""customer5673@example.com"", ""phone"": ""7427601232""}","{""city"": ""Vellore"", ""country"": ""India"", ""state"": ""Tamil Nadu""}",Wholesale,2024-12-03,749974.18,Active
5674,Kavya Singh 674,"{""email"": ""customer5674@example.com"", ""phone"": ""7097938140""}","{""city"": ""Bengaluru"", ""country"": ""India"", ""state"": ""Karnataka""}",Individual,2025-04-24,249606.66,Active
5675,Meena Shah 675,"{""email"": ""customer5675@example.com"", ""phone"": ""8457736906""}","{""city"": ""Vellore"", ""country"": ""India"", ""state"": ""Tamil Nadu""}",Corporate,2025-01-25,51794.52,Active
5676,Karthik Verma 676,"{""email"": ""customer5676@example.com"", ""phone"": ""8222043334""}","{""city"": ""Kolkata"", ""country"": ""India"", ""state"": ""West Bengal""}",Corporate,2020-01-01,68956.68,Active
5677,Divya Mishra 677,"{""email"": ""customer5677@example.com"", ""phone"": ""8975435785""}","{""city"": ""Vellore"", ""country"": ""India"", ""state"": ""Tamil Nadu""}",Wholesale,2024-03-27,148804.35,Active
5678,Ravi Menon 678,"{""email"": ""customer5678@example.com"", ""phone"": ""6260360348""}","{""city"": ""Hyderabad"", ""country"": ""India"", ""state"": ""Telangana""}",Retail,2025-04-05,946399.25,Active
5679,Suresh Joshi 679,"{""email"": ""customer5679@example.com"", ""phone"": ""9466331712""}","{""city"": ""Ahmedabad"", ""country"": ""India"", ""state"": ""Gujarat""}",Retail,2018-06-23,633664.89,Active
5680,Priya Mehta 680,"{""email"": ""customer5680@example.com"", ""phone"": ""7484270559""}","{""city"": ""Chennai"", ""country"": ""India"", ""state"": ""Tamil Nadu""}",Retail,2025-03-24,560014.75,Active
5681,Sneha Kumar 681,"{""email"": ""customer5681@example.com"", ""phone"": ""9953058506""}","{""city"": ""Ahmedabad"", ""country"": ""India"", ""state"": ""Gujarat""}",Individual,2018-04-11,579160.96,Active
5682,Divya Menon 682,"{""email"": ""customer5682@example.com"", ""phone"": ""7870180522""}","{""city"": ""Pune"", ""country"": ""India"", ""state"": ""Maharashtra""}",Wholesale,2026-12-09,952675.4,Active
5683,Pooja Gupta 683,"{""email"": ""customer5683@example.com"", ""phone"": ""7264540478""}","{""city"": ""Kochi"", ""country"": ""India"", ""state"": ""Kerala""}",Corporate,2026-02-27,57775.87,Active
5684,Sneha Pillai 684,"{""email"": ""customer5684@example.com"", ""phone"": ""8080247686""}","{""city"": ""Chennai"", ""country"": ""India"", ""state"": ""Tamil Nadu""}",Wholesale,2023-02-12,34379.27,Active
5685,Nikhil Menon 685,"{""email"": ""customer5685@example.com"", ""phone"": ""8583071898""}","{""city"": ""Chennai"", ""country"": ""India"", ""state"": ""Tamil Nadu""}",Corporate,2019-12-13,59549.15,Inactive
5686,Rahul Rao 686,"{""email"": ""customer5686@example.com"", ""phone"": ""9750051721""}","{""city"": ""Vellore"", ""country"": ""India"", ""state"": ""Tamil Nadu""}",Individual,2021-05-28,365386.73,Active
5687,Arun Kapoor 687,"{""email"": ""customer5687@example.com"", ""phone"": ""6309928727""}","{""city"": ""Chennai"", ""country"": ""India"", ""state"": ""Tamil Nadu""}",Wholesale,2024-11-16,788842.28,Active
5688,Divya Kumar 688,"{""email"": ""customer5688@example.com"", ""phone"": ""6210555784""}","{""city"": ""Pune"", ""country"": ""India"", ""state"": ""Maharashtra""}",Individual,2023-05-17,64195.28,Active
5689,Divya Verma 689,"{""email"": ""customer5689@example.com"", ""phone"": ""7081985234""}","{""city"": ""Chennai"", ""country"": ""India"", ""state"": ""Tamil Nadu""}",Retail,2022-12-14,400417.85,Active
5690,Vikram Verma 690,"{""email"": ""customer5690@example.com"", ""phone"": ""7744994214""}","{""city"": ""Hyderabad"", ""country"": ""India"", ""state"": ""Telangana""}",Individual,2026-08-12,300002.62,Active
5691,Amit Iyer 691,"{""email"": ""customer5691@example.com"", ""phone"": ""7358308538""}","{""city"": ""Ahmedabad"", ""country"": ""India"", ""state"": ""Gujarat""}",Retail,2020-05-13,436500.53,Active
5692,Nikhil Mehta 692,"{""email"": ""customer5692@example.com"", ""phone"": ""7423359195""}","{""city"": ""Bengaluru"", ""country"": ""India"", ""state"": ""Karnataka""}",Individual,2026-01-23,111947.48,Active
5693,Vikram Verma 693,"{""email"": ""customer5693@example.com"", ""phone"": ""6257175306""}","{""city"": ""Coimbatore"", ""country"": ""India"", ""state"": ""Tamil Nadu""}",Individual,2019-07-12,383932.18,Active
5694,Sneha Kumar 694,"{""email"": ""customer5694@example.com"", ""phone"": ""7886317159""}","{""city"": ""Chennai"", ""country"": ""India"", ""state"": ""Tamil Nadu""}",Individual,2022-04-04,781485.53,Active
5695,Nikhil Shah 695,"{""email"": ""customer5695@example.com"", ""phone"": ""9679741032""}","{""city"": ""Jaipur"", ""country"": ""India"", ""state"": ""Rajasthan""}",Retail,2024-11-09,881141.92,Active
5696,Vikram Das 696,"{""email"": ""customer5696@example.com"", ""phone"": ""6522438617""}","{""city"": ""Vellore"", ""country"": ""India"", ""state"": ""Tamil Nadu""}",Retail,2018-12-08,416950.55,Active
5697,Amit Bose 697,"{""email"": ""customer5697@example.com"", ""phone"": ""7090833471""}","{""city"": ""Mumbai"", ""country"": ""India"", ""state"": ""Maharashtra""}",Wholesale,2022-07-04,296112.09,Active
5698,Aditya Nair 698,"{""email"": ""customer5698@example.com"", ""phone"": ""7079304752""}","{""city"": ""Hyderabad"", ""country"": ""India"", ""state"": ""Telangana""}",Wholesale,2023-11-17,106897.66,Active
5699,Rahul Patel 699,"{""email"": ""customer5699@example.com"", ""phone"": ""9677247920""}","{""city"": ""Bengaluru"", ""country"": ""India"", ""state"": ""Karnataka""}",Corporate,2020-09-25,867347.93,Active
5700,Aditya Nair 700,"{""email"": ""customer5700@example.com"", ""phone"": ""9354972312""}","{""city"": ""Hyderabad"", ""country"": ""India"", ""state"": ""Telangana""}",Retail,2022-08-23,754462.02,Active
5701,Divya Rao 701,"{""email"": ""customer5701@example.com"", ""phone"": ""8277503397""}","{""city"": ""Ahmedabad"", ""country"": ""India"", ""state"": ""Gujarat""}",Wholesale,2019-12-28,44514.78,Active
5702,Manoj Gupta 702,"{""email"": ""customer5702@example.com"", ""phone"": ""9852759754""}","{""city"": ""Jaipur"", ""country"": ""India"", ""state"": ""Rajasthan""}",Retail,2022-07-11,253761.84,Inactive
5703,Karthik Naidu 703,"{""email"": ""customer5703@example.com"", ""phone"": ""9184506835""}","{""city"": ""Ahmedabad"", ""country"": ""India"", ""state"": ""Gujarat""}",Retail,2020-11-24,571146.14,Active
5704,Nikhil Pillai 704,"{""email"": ""customer5704@example.com"", ""phone"": ""9448025950""}","{""city"": ""Delhi"", ""country"": ""India"", ""state"": ""Delhi""}",Wholesale,2021-08-13,857358.06,Active
5705,Sneha Das 705,"{""email"": ""customer5705@example.com"", ""phone"": ""7177619752""}","{""city"": ""Bengaluru"", ""country"": ""India"", ""state"": ""Karnataka""}",Corporate,2025-09-02,366845.73,Active
5706,Ananya Naidu 706,"{""email"": ""customer5706@example.com"", ""phone"": ""8455217257""}","{""city"": ""Kolkata"", ""country"": ""India"", ""state"": ""West Bengal""}",Retail,2025-02-14,323946.19,Active
5707,Neha Sharma 707,"{""email"": ""customer5707@example.com"", ""phone"": ""8972427631""}","{""city"": ""Delhi"", ""country"": ""India"", ""state"": ""Delhi""}",Individual,2024-07-23,598619.27,Active
5708,Divya Iyer 708,"{""email"": ""customer5708@example.com"", ""phone"": ""7471076001""}","{""city"": ""Mumbai"", ""country"": ""India"", ""state"": ""Maharashtra""}",Corporate,2020-07-27,135393.34,Active
5709,Ravi Pillai 709,"{""email"": ""customer5709@example.com"", ""phone"": ""9229921877""}","{""city"": ""Ahmedabad"", ""country"": ""India"", ""state"": ""Gujarat""}",Retail,2025-01-17,335594.91,Active
5710,Meena Kapoor 710,"{""email"": ""customer5710@example.com"", ""phone"": ""8800827810""}","{""city"": ""Jaipur"", ""country"": ""India"", ""state"": ""Rajasthan""}",Retail,2023-11-14,497813.3,Active
5711,Kavya Gupta 711,"{""email"": ""customer5711@example.com"", ""phone"": ""6146242641""}","{""city"": ""Hyderabad"", ""country"": ""India"", ""state"": ""Telangana""}",Wholesale,2025-08-16,809834.86,Active
5712,Arun Patel 712,"{""email"": ""customer5712@example.com"", ""phone"": ""7546081975""}","{""city"": ""Delhi"", ""country"": ""India"", ""state"": ""Delhi""}",Wholesale,2018-03-12,963643.33,Active
5713,Aditya Mehta 713,"{""email"": ""customer5713@example.com"", ""phone"": ""9771231598""}","{""city"": ""Hyderabad"", ""country"": ""India"", ""state"": ""Telangana""}",Wholesale,2018-11-27,471833.67,Active
5714,Nikhil Gupta 714,"{""email"": ""customer5714@example.com"", ""phone"": ""9893188635""}","{""city"": ""Mumbai"", ""country"": ""India"", ""state"": ""Maharashtra""}",Wholesale,2024-11-07,935447.9,Active
5715,Nikhil Joshi 715,"{""email"": ""customer5715@example.com"", ""phone"": ""9579622633""}","{""city"": ""Mumbai"", ""country"": ""India"", ""state"": ""Maharashtra""}",Retail,2023-12-11,230258.65,Active
5716,Sneha Kumar 716,"{""email"": ""customer5716@example.com"", ""phone"": ""8427913546""}","{""city"": ""Kochi"", ""country"": ""India"", ""state"": ""Kerala""}",Wholesale,2022-03-01,953213.91,Active
5717,Nikhil Iyer 717,"{""email"": ""customer5717@example.com"", ""phone"": ""8267623466""}","{""city"": ""Jaipur"", ""country"": ""India"", ""state"": ""Rajasthan""}",Corporate,2025-03-16,487932.61,Active
5718,Priya Naidu 718,"{""email"": ""customer5718@example.com"", ""phone"": ""8495670986""}","{""city"": ""Jaipur"", ""country"": ""India"", ""state"": ""Rajasthan""}",Wholesale,2026-09-16,845458.35,Active
5719,Suresh Pillai 719,"{""email"": ""customer5719@example.com"", ""phone"": ""9973381995""}","{""city"": ""Kochi"", ""country"": ""India"", ""state"": ""Kerala""}",Retail,2024-07-01,815682.55,Active
5720,Karthik Gupta 720,"{""email"": ""customer5720@example.com"", ""phone"": ""8323394334""}","{""city"": ""Jaipur"", ""country"": ""India"", ""state"": ""Rajasthan""}",Corporate,2020-08-14,650389.25,Active
5721,Priya Sharma 721,"{""email"": ""customer5721@example.com"", ""phone"": ""8069942283""}","{""city"": ""Hyderabad"", ""country"": ""India"", ""state"": ""Telangana""}",Retail,2021-12-12,806918.73,Active
5722,Pooja Bose 722,"{""email"": ""customer5722@example.com"", ""phone"": ""7099719776""}","{""city"": ""Bengaluru"", ""country"": ""India"", ""state"": ""Karnataka""}",Corporate,2025-08-28,296238.66,Active
5723,Neha Singh 723,"{""email"": ""customer5723@example.com"", ""phone"": ""8922097554""}","{""city"": ""Hyderabad"", ""country"": ""India"", ""state"": ""Telangana""}",Retail,2019-10-04,592393.37,Active
5724,Aditya Nair 724,"{""email"": ""customer5724@example.com"", ""phone"": ""7478621877""}","{""city"": ""Jaipur"", ""country"": ""India"", ""state"": ""Rajasthan""}",Individual,2025-03-11,121630.79,Active
5725,Swathi Sharma 725,"{""email"": ""customer5725@example.com"", ""phone"": ""8063123071""}","{""city"": ""Mumbai"", ""country"": ""India"", ""state"": ""Maharashtra""}",Corporate,2024-10-16,227955.7,Active
5726,Meena Singh 726,"{""email"": ""customer5726@example.com"", ""phone"": ""9239326080""}","{""city"": ""Chennai"", ""country"": ""India"", ""state"": ""Tamil Nadu""}",Wholesale,2018-09-03,829206.73,Active
5727,Suresh Nair 727,"{""email"": ""customer5727@example.com"", ""phone"": ""9569985606""}","{""city"": ""Coimbatore"", ""country"": ""India"", ""state"": ""Tamil Nadu""}",Retail,2021-08-10,584862.79,Active
5728,Arun Patel 728,"{""email"": ""customer5728@example.com"", ""phone"": ""8992320680""}","{""city"": ""Hyderabad"", ""country"": ""India"", ""state"": ""Telangana""}",Retail,2022-02-18,680922.05,Active
5729,Vikram Kapoor 729,"{""email"": ""customer5729@example.com"", ""phone"": ""9638052474""}","{""city"": ""Ahmedabad"", ""country"": ""India"", ""state"": ""Gujarat""}",Wholesale,2019-02-21,435016.71,Active
5730,Ananya Naidu 730,"{""email"": ""customer5730@example.com"", ""phone"": ""7984908647""}","{""city"": ""Bengaluru"", ""country"": ""India"", ""state"": ""Karnataka""}",Individual,2019-02-18,281588.47,Active
5731,Ananya Kumar 731,"{""email"": ""customer5731@example.com"", ""phone"": ""9477723644""}","{""city"": ""Ahmedabad"", ""country"": ""India"", ""state"": ""Gujarat""}",Corporate,2023-02-03,830739.69,Active
5732,Neha Pillai 732,"{""email"": ""customer5732@example.com"", ""phone"": ""8920475313""}","{""city"": ""Kochi"", ""country"": ""India"", ""state"": ""Kerala""}",Retail,2018-06-20,655145.82,Active
5733,Meena Shah 733,"{""email"": ""customer5733@example.com"", ""phone"": ""7534363227""}","{""city"": ""Bengaluru"", ""country"": ""India"", ""state"": ""Karnataka""}",Wholesale,2022-04-18,889449.49,Active
5734,Nikhil Das 734,"{""email"": ""customer5734@example.com"", ""phone"": ""7316369356""}","{""city"": ""Hyderabad"", ""country"": ""India"", ""state"": ""Telangana""}",Wholesale,2024-04-16,77368.02,Active
5735,Ananya Patel 735,"{""email"": ""customer5735@example.com"", ""phone"": ""7949694731""}","{""city"": ""Kochi"", ""country"": ""India"", ""state"": ""Kerala""}",Corporate,2020-08-16,818670.66,Active
5736,Meena Nair 736,"{""email"": ""customer5736@example.com"", ""phone"": ""7823293454""}","{""city"": ""Mumbai"", ""country"": ""India"", ""state"": ""Maharashtra""}",Retail,2018-06-12,626954.48,Active
5737,Swathi Das 737,"{""email"": ""customer5737@example.com"", ""phone"": ""8967709661""}","{""city"": ""Jaipur"", ""country"": ""India"", ""state"": ""Rajasthan""}",Retail,2022-11-25,164993.41,Inactive
5738,Keerthi Das 738,"{""email"": ""customer5738@example.com"", ""phone"": ""9151654793""}","{""city"": ""Kochi"", ""country"": ""India"", ""state"": ""Kerala""}",Wholesale,2025-12-16,864099.21,Active
5739,Vikram Bose 739,"{""email"": ""customer5739@example.com"", ""phone"": ""8094195693""}","{""city"": ""Coimbatore"", ""country"": ""India"", ""state"": ""Tamil Nadu""}",Retail,2026-07-15,275683.16,Active
5740,Arun Mishra 740,"{""email"": ""customer5740@example.com"", ""phone"": ""7629509696""}","{""city"": ""Pune"", ""country"": ""India"", ""state"": ""Maharashtra""}",Corporate,2019-01-10,606888.1,Active
5741,Karthik Reddy 741,"{""email"": ""customer5741@example.com"", ""phone"": ""9193976999""}","{""city"": ""Pune"", ""country"": ""India"", ""state"": ""Maharashtra""}",Wholesale,2023-03-27,498925.03,Active
5742,Karthik Kumar 742,"{""email"": ""customer5742@example.com"", ""phone"": ""7133323807""}","{""city"": ""Kolkata"", ""country"": ""India"", ""state"": ""West Bengal""}",Individual,2018-03-01,711756.14,Active
5743,Divya Das 743,"{""email"": ""customer5743@example.com"", ""phone"": ""9378907783""}","{""city"": ""Vellore"", ""country"": ""India"", ""state"": ""Tamil Nadu""}",Corporate,2019-03-20,469981.11,Inactive
5744,Swathi Reddy 744,"{""email"": ""customer5744@example.com"", ""phone"": ""7250288850""}","{""city"": ""Coimbatore"", ""country"": ""India"", ""state"": ""Tamil Nadu""}",Retail,2024-06-15,241467.08,Active
5745,Ravi Singh 745,"{""email"": ""customer5745@example.com"", ""phone"": ""9876807475""}","{""city"": ""Chennai"", ""country"": ""India"", ""state"": ""Tamil Nadu""}",Individual,2019-10-07,670179.03,Active
5746,Ravi Joshi 746,"{""email"": ""customer5746@example.com"", ""phone"": ""7902328436""}","{""city"": ""Vellore"", ""country"": ""India"", ""state"": ""Tamil Nadu""}",Corporate,2023-09-10,955532.08,Active
5747,Priya Patel 747,"{""email"": ""customer5747@example.com"", ""phone"": ""8852207289""}","{""city"": ""Bengaluru"", ""country"": ""India"", ""state"": ""Karnataka""}",Retail,2025-01-23,293351.18,Active
5748,Nikhil Das 748,"{""email"": ""customer5748@example.com"", ""phone"": ""6029256224""}","{""city"": ""Delhi"", ""country"": ""India"", ""state"": ""Delhi""}",Corporate,2023-07-01,945126.95,Active
5749,Meena Das 749,"{""email"": ""customer5749@example.com"", ""phone"": ""9581220774""}","{""city"": ""Kochi"", ""country"": ""India"", ""state"": ""Kerala""}",Retail,2025-04-15,816002.75,Active
5750,Karthik Kapoor 750,"{""email"": ""customer5750@example.com"", ""phone"": ""6737895898""}","{""city"": ""Vellore"", ""country"": ""India"", ""state"": ""Tamil Nadu""}",Retail,2018-02-22,177572.61,Active
5751,Divya Kumar 751,"{""email"": ""customer5751@example.com"", ""phone"": ""6000370635""}","{""city"": ""Kolkata"", ""country"": ""India"", ""state"": ""West Bengal""}",Retail,2020-03-24,100411.88,Active
5752,Amit Joshi 752,"{""email"": ""customer5752@example.com"", ""phone"": ""6227643416""}","{""city"": ""Mumbai"", ""country"": ""India"", ""state"": ""Maharashtra""}",Corporate,2022-12-19,917661.08,Active
5753,Manoj Sharma 753,"{""email"": ""customer5753@example.com"", ""phone"": ""9584319769""}","{""city"": ""Vellore"", ""country"": ""India"", ""state"": ""Tamil Nadu""}",Wholesale,2022-04-11,832954.16,Active
5754,Sneha Sharma 754,"{""email"": ""customer5754@example.com"", ""phone"": ""6356076560""}","{""city"": ""Kolkata"", ""country"": ""India"", ""state"": ""West Bengal""}",Wholesale,2018-01-10,752700.99,Active
5755,Aditya Pillai 755,"{""email"": ""customer5755@example.com"", ""phone"": ""6249615370""}","{""city"": ""Kochi"", ""country"": ""India"", ""state"": ""Kerala""}",Corporate,2019-10-11,494871.06,Active
5756,Aditya Pillai 756,"{""email"": ""customer5756@example.com"", ""phone"": ""7791599476""}","{""city"": ""Bengaluru"", ""country"": ""India"", ""state"": ""Karnataka""}",Individual,2022-08-16,851162.71,Active
5757,Sneha Shah 757,"{""email"": ""customer5757@example.com"", ""phone"": ""7502970267""}","{""city"": ""Kolkata"", ""country"": ""India"", ""state"": ""West Bengal""}",Individual,2023-07-05,841457.87,Active
5758,Priya Joshi 758,"{""email"": ""customer5758@example.com"", ""phone"": ""8536877911""}","{""city"": ""Hyderabad"", ""country"": ""India"", ""state"": ""Telangana""}",Wholesale,2024-05-25,671351.7,Active
5759,Nikhil Menon 759,"{""email"": ""customer5759@example.com"", ""phone"": ""9662463270""}","{""city"": ""Pune"", ""country"": ""India"", ""state"": ""Maharashtra""}",Wholesale,2019-12-25,882814.72,Active
5760,Kavya Rao 760,"{""email"": ""customer5760@example.com"", ""phone"": ""8412727594""}","{""city"": ""Coimbatore"", ""country"": ""India"", ""state"": ""Tamil Nadu""}",Individual,2025-08-04,398115.4,Active
5761,Nikhil Menon 761,"{""email"": ""customer5761@example.com"", ""phone"": ""7520937925""}","{""city"": ""Kolkata"", ""country"": ""India"", ""state"": ""West Bengal""}",Retail,2018-02-19,65987.63,Active
5762,Sneha Sharma 762,"{""email"": ""customer5762@example.com"", ""phone"": ""7128086890""}","{""city"": ""Delhi"", ""country"": ""India"", ""state"": ""Delhi""}",Wholesale,2026-07-28,740768.79,Active
5763,Aditya Gupta 763,"{""email"": ""customer5763@example.com"", ""phone"": ""9288885676""}","{""city"": ""Hyderabad"", ""country"": ""India"", ""state"": ""Telangana""}",Corporate,2022-12-05,755001.92,Active
5764,Priya Verma 764,"{""email"": ""customer5764@example.com"", ""phone"": ""9642342815""}","{""city"": ""Jaipur"", ""country"": ""India"", ""state"": ""Rajasthan""}",Individual,2018-09-18,88177.61,Active
5765,Amit Nair 765,"{""email"": ""customer5765@example.com"", ""phone"": ""7763973302""}","{""city"": ""Bengaluru"", ""country"": ""India"", ""state"": ""Karnataka""}",Wholesale,2025-11-17,880821.94,Inactive
5766,Divya Patel 766,"{""email"": ""customer5766@example.com"", ""phone"": ""7765148062""}","{""city"": ""Delhi"", ""country"": ""India"", ""state"": ""Delhi""}",Individual,2018-05-05,312442.69,Active
5767,Manoj Patel 767,"{""email"": ""customer5767@example.com"", ""phone"": ""7886085432""}","{""city"": ""Chennai"", ""country"": ""India"", ""state"": ""Tamil Nadu""}",Individual,2025-07-22,67989.02,Active
5768,Keerthi Shah 768,"{""email"": ""customer5768@example.com"", ""phone"": ""6662118483""}","{""city"": ""Hyderabad"", ""country"": ""India"", ""state"": ""Telangana""}",Corporate,2021-07-12,606069.2,Active
5769,Kavya Sharma 769,"{""email"": ""customer5769@example.com"", ""phone"": ""7343847922""}","{""city"": ""Delhi"", ""country"": ""India"", ""state"": ""Delhi""}",Wholesale,2024-07-24,143461.45,Active
5770,Nikhil Pillai 770,"{""email"": ""customer5770@example.com"", ""phone"": ""6059710545""}","{""city"": ""Vellore"", ""country"": ""India"", ""state"": ""Tamil Nadu""}",Individual,2023-01-01,695616.5,Active
5771,Manoj Kumar 771,"{""email"": ""customer5771@example.com"", ""phone"": ""6023383133""}","{""city"": ""Mumbai"", ""country"": ""India"", ""state"": ""Maharashtra""}",Retail,2019-12-24,914774.8,Active
5772,Ravi Mishra 772,"{""email"": ""customer5772@example.com"", ""phone"": ""7876045373""}","{""city"": ""Coimbatore"", ""country"": ""India"", ""state"": ""Tamil Nadu""}",Individual,2026-05-12,541237.28,Active
5773,Amit Shah 773,"{""email"": ""customer5773@example.com"", ""phone"": ""6563615517""}","{""city"": ""Delhi"", ""country"": ""India"", ""state"": ""Delhi""}",Individual,2025-01-14,614009.41,Active
5774,Keerthi Reddy 774,"{""email"": ""customer5774@example.com"", ""phone"": ""7112159616""}","{""city"": ""Coimbatore"", ""country"": ""India"", ""state"": ""Tamil Nadu""}",Corporate,2026-04-10,35406.34,Active
5775,Pooja Nair 775,"{""email"": ""customer5775@example.com"", ""phone"": ""9201133446""}","{""city"": ""Coimbatore"", ""country"": ""India"", ""state"": ""Tamil Nadu""}",Wholesale,2019-06-06,631605.62,Active
5776,Priya Bose 776,"{""email"": ""customer5776@example.com"", ""phone"": ""8911430750""}","{""city"": ""Bengaluru"", ""country"": ""India"", ""state"": ""Karnataka""}",Individual,2024-08-09,191313.55,Active
5777,Pooja Joshi 777,"{""email"": ""customer5777@example.com"", ""phone"": ""8537885271""}","{""city"": ""Mumbai"", ""country"": ""India"", ""state"": ""Maharashtra""}",Individual,2022-05-23,113339.04,Active
5778,Ananya Sharma 778,"{""email"": ""customer5778@example.com"", ""phone"": ""8285425214""}","{""city"": ""Coimbatore"", ""country"": ""India"", ""state"": ""Tamil Nadu""}",Corporate,2023-07-26,429567.97,Active
5779,Ravi Shah 779,"{""email"": ""customer5779@example.com"", ""phone"": ""9538204881""}","{""city"": ""Kolkata"", ""country"": ""India"", ""state"": ""West Bengal""}",Individual,2026-01-05,797323.9,Active
5780,Neha Das 780,"{""email"": ""customer5780@example.com"", ""phone"": ""7965716256""}","{""city"": ""Jaipur"", ""country"": ""India"", ""state"": ""Rajasthan""}",Individual,2020-12-02,245822.75,Active
5781,Sneha Reddy 781,"{""email"": ""customer5781@example.com"", ""phone"": ""7681157737""}","{""city"": ""Mumbai"", ""country"": ""India"", ""state"": ""Maharashtra""}",Retail,2023-10-04,901535.48,Active
5782,Neha Verma 782,"{""email"": ""customer5782@example.com"", ""phone"": ""8326530365""}","{""city"": ""Pune"", ""country"": ""India"", ""state"": ""Maharashtra""}",Retail,2024-03-19,925599.67,Active
5783,Ravi Das 783,"{""email"": ""customer5783@example.com"", ""phone"": ""9701082753""}","{""city"": ""Pune"", ""country"": ""India"", ""state"": ""Maharashtra""}",Retail,2018-03-25,525596.5,Active
5784,Vikram Menon 784,"{""email"": ""customer5784@example.com"", ""phone"": ""9749900591""}","{""city"": ""Coimbatore"", ""country"": ""India"", ""state"": ""Tamil Nadu""}",Wholesale,2018-10-05,375597.15,Active
5785,Arun Mehta 785,"{""email"": ""customer5785@example.com"", ""phone"": ""7886321068""}","{""city"": ""Chennai"", ""country"": ""India"", ""state"": ""Tamil Nadu""}",Retail,2024-10-09,823896.06,Active
5786,Manoj Singh 786,"{""email"": ""customer5786@example.com"", ""phone"": ""8731596165""}","{""city"": ""Jaipur"", ""country"": ""India"", ""state"": ""Rajasthan""}",Wholesale,2026-08-04,894733.28,Active
5787,Sneha Naidu 787,"{""email"": ""customer5787@example.com"", ""phone"": ""7257880326""}","{""city"": ""Chennai"", ""country"": ""India"", ""state"": ""Tamil Nadu""}",Wholesale,2018-07-13,992494.04,Inactive
5788,Arun Gupta 788,"{""email"": ""customer5788@example.com"", ""phone"": ""7849392801""}","{""city"": ""Bengaluru"", ""country"": ""India"", ""state"": ""Karnataka""}",Individual,2021-01-25,244516.48,Active
5789,Manoj Mehta 789,"{""email"": ""customer5789@example.com"", ""phone"": ""8990640618""}","{""city"": ""Jaipur"", ""country"": ""India"", ""state"": ""Rajasthan""}",Retail,2024-01-23,890394.53,Active
5790,Aditya Kumar 790,"{""email"": ""customer5790@example.com"", ""phone"": ""7222467838""}","{""city"": ""Ahmedabad"", ""country"": ""India"", ""state"": ""Gujarat""}",Wholesale,2021-08-12,480791.54,Active
5791,Suresh Sharma 791,"{""email"": ""customer5791@example.com"", ""phone"": ""7128737434""}","{""city"": ""Chennai"", ""country"": ""India"", ""state"": ""Tamil Nadu""}",Retail,2023-12-18,39387.3,Active
5792,Pooja Pillai 792,"{""email"": ""customer5792@example.com"", ""phone"": ""7129083909""}","{""city"": ""Kolkata"", ""country"": ""India"", ""state"": ""West Bengal""}",Wholesale,2018-03-28,135742.65,Active
5793,Priya Reddy 793,"{""email"": ""customer5793@example.com"", ""phone"": ""9844095365""}","{""city"": ""Jaipur"", ""country"": ""India"", ""state"": ""Rajasthan""}",Wholesale,2018-06-21,917668.05,Active
5794,Arun Naidu 794,"{""email"": ""customer5794@example.com"", ""phone"": ""7214400247""}","{""city"": ""Delhi"", ""country"": ""India"", ""state"": ""Delhi""}",Corporate,2021-09-17,497597.05,Active
5795,Sneha Kumar 795,"{""email"": ""customer5795@example.com"", ""phone"": ""7908736023""}","{""city"": ""Coimbatore"", ""country"": ""India"", ""state"": ""Tamil Nadu""}",Corporate,2026-03-17,360862.5,Active
5796,Manoj Verma 796,"{""email"": ""customer5796@example.com"", ""phone"": ""6313387062""}","{""city"": ""Chennai"", ""country"": ""India"", ""state"": ""Tamil Nadu""}",Wholesale,2023-12-05,846156.48,Active
5797,Divya Mishra 797,"{""email"": ""customer5797@example.com"", ""phone"": ""6346263278""}","{""city"": ""Vellore"", ""country"": ""India"", ""state"": ""Tamil Nadu""}",Individual,2021-06-06,805950.88,Active
5798,Ravi Reddy 798,"{""email"": ""customer5798@example.com"", ""phone"": ""6894487665""}","{""city"": ""Delhi"", ""country"": ""India"", ""state"": ""Delhi""}",Individual,2023-01-24,880309.57,Active
5799,Rahul Rao 799,"{""email"": ""customer5799@example.com"", ""phone"": ""6437350203""}","{""city"": ""Vellore"", ""country"": ""India"", ""state"": ""Tamil Nadu""}",Corporate,2026-01-12,46514.11,Active
5800,Priya Gupta 800,"{""email"": ""customer5800@example.com"", ""phone"": ""9156699644""}","{""city"": ""Chennai"", ""country"": ""India"", ""state"": ""Tamil Nadu""}",Wholesale,2025-05-21,91051.85,Active
5801,Ananya Shah 801,"{""email"": ""customer5801@example.com"", ""phone"": ""7748763957""}","{""city"": ""Ahmedabad"", ""country"": ""India"", ""state"": ""Gujarat""}",Corporate,2021-04-26,789979.04,Active
5802,Swathi Mishra 802,"{""email"": ""customer5802@example.com"", ""phone"": ""9596455053""}","{""city"": ""Ahmedabad"", ""country"": ""India"", ""state"": ""Gujarat""}",Corporate,2022-08-08,65991.2,Inactive
5803,Meena Mehta 803,"{""email"": ""customer5803@example.com"", ""phone"": ""6208035523""}","{""city"": ""Jaipur"", ""country"": ""India"", ""state"": ""Rajasthan""}",Retail,2023-03-28,979291.16,Active
5804,Rahul Iyer 804,"{""email"": ""customer5804@example.com"", ""phone"": ""7295660559""}","{""city"": ""Bengaluru"", ""country"": ""India"", ""state"": ""Karnataka""}",Individual,2024-01-15,223495.99,Active
5805,Sneha Naidu 805,"{""email"": ""customer5805@example.com"", ""phone"": ""9496539342""}","{""city"": ""Hyderabad"", ""country"": ""India"", ""state"": ""Telangana""}",Individual,2019-03-21,578304.91,Active
5806,Karthik Singh 806,"{""email"": ""customer5806@example.com"", ""phone"": ""7836192477""}","{""city"": ""Pune"", ""country"": ""India"", ""state"": ""Maharashtra""}",Wholesale,2022-04-14,686039.39,Active
5807,Aditya Gupta 807,"{""email"": ""customer5807@example.com"", ""phone"": ""7601303863""}","{""city"": ""Jaipur"", ""country"": ""India"", ""state"": ""Rajasthan""}",Retail,2022-12-11,563125.25,Active
5808,Kavya Rao 808,"{""email"": ""customer5808@example.com"", ""phone"": ""7638419287""}","{""city"": ""Chennai"", ""country"": ""India"", ""state"": ""Tamil Nadu""}",Corporate,2026-10-11,795029.29,Active
5809,Manoj Kapoor 809,"{""email"": ""customer5809@example.com"", ""phone"": ""8056959095""}","{""city"": ""Vellore"", ""country"": ""India"", ""state"": ""Tamil Nadu""}",Retail,2026-08-20,786529.31,Active
5810,Arun Gupta 810,"{""email"": ""customer5810@example.com"", ""phone"": ""6668531075""}","{""city"": ""Jaipur"", ""country"": ""India"", ""state"": ""Rajasthan""}",Corporate,2018-03-07,259659.2,Active
5811,Suresh Reddy 811,"{""email"": ""customer5811@example.com"", ""phone"": ""8840754404""}","{""city"": ""Kolkata"", ""country"": ""India"", ""state"": ""West Bengal""}",Retail,2026-11-25,28965.65,Active
5812,Divya Kumar 812,"{""email"": ""customer5812@example.com"", ""phone"": ""6104156422""}","{""city"": ""Chennai"", ""country"": ""India"", ""state"": ""Tamil Nadu""}",Wholesale,2020-08-01,264029.91,Active
5813,Karthik Mishra 813,"{""email"": ""customer5813@example.com"", ""phone"": ""6172247711""}","{""city"": ""Pune"", ""country"": ""India"", ""state"": ""Maharashtra""}",Retail,2024-07-17,661009.24,Active
5814,Nikhil Bose 814,"{""email"": ""customer5814@example.com"", ""phone"": ""8602642918""}","{""city"": ""Kochi"", ""country"": ""India"", ""state"": ""Kerala""}",Retail,2020-08-11,953554.6,Active
5815,Nikhil Singh 815,"{""email"": ""customer5815@example.com"", ""phone"": ""8275970986""}","{""city"": ""Kolkata"", ""country"": ""India"", ""state"": ""West Bengal""}",Individual,2018-06-07,847056.84,Active
5816,Priya Kapoor 816,"{""email"": ""customer5816@example.com"", ""phone"": ""7977377566""}","{""city"": ""Coimbatore"", ""country"": ""India"", ""state"": ""Tamil Nadu""}",Individual,2021-04-28,116033.44,Active
5817,Pooja Shah 817,"{""email"": ""customer5817@example.com"", ""phone"": ""6216362722""}","{""city"": ""Ahmedabad"", ""country"": ""India"", ""state"": ""Gujarat""}",Retail,2026-03-10,377888.71,Active
5818,Keerthi Bose 818,"{""email"": ""customer5818@example.com"", ""phone"": ""8835659174""}","{""city"": ""Pune"", ""country"": ""India"", ""state"": ""Maharashtra""}",Retail,2020-02-01,843508.01,Active
5819,Rahul Pillai 819,"{""email"": ""customer5819@example.com"", ""phone"": ""8338364702""}","{""city"": ""Kolkata"", ""country"": ""India"", ""state"": ""West Bengal""}",Retail,2020-09-21,35991.47,Active
5820,Rahul Nair 820,"{""email"": ""customer5820@example.com"", ""phone"": ""8088829952""}","{""city"": ""Pune"", ""country"": ""India"", ""state"": ""Maharashtra""}",Individual,2026-11-17,328788.48,Active
5821,Divya Joshi 821,"{""email"": ""customer5821@example.com"", ""phone"": ""7385235895""}","{""city"": ""Mumbai"", ""country"": ""India"", ""state"": ""Maharashtra""}",Individual,2020-09-22,436732.51,Active
5822,Vikram Rao 822,"{""email"": ""customer5822@example.com"", ""phone"": ""6433203446""}","{""city"": ""Jaipur"", ""country"": ""India"", ""state"": ""Rajasthan""}",Retail,2025-10-05,993568.81,Active
5823,Priya Bose 823,"{""email"": ""customer5823@example.com"", ""phone"": ""6911082340""}","{""city"": ""Bengaluru"", ""country"": ""India"", ""state"": ""Karnataka""}",Wholesale,2019-01-18,569795.55,Active
5824,Divya Bose 824,"{""email"": ""customer5824@example.com"", ""phone"": ""7958736845""}","{""city"": ""Kolkata"", ""country"": ""India"", ""state"": ""West Bengal""}",Individual,2023-12-09,945519.87,Active
5825,Divya Pillai 825,"{""email"": ""customer5825@example.com"", ""phone"": ""9865775303""}","{""city"": ""Hyderabad"", ""country"": ""India"", ""state"": ""Telangana""}",Wholesale,2026-04-07,550706.49,Active
5826,Vikram Reddy 826,"{""email"": ""customer5826@example.com"", ""phone"": ""6930081099""}","{""city"": ""Delhi"", ""country"": ""India"", ""state"": ""Delhi""}",Individual,2020-07-02,678217.15,Active
5827,Amit Rao 827,"{""email"": ""customer5827@example.com"", ""phone"": ""6241001256""}","{""city"": ""Chennai"", ""country"": ""India"", ""state"": ""Tamil Nadu""}",Wholesale,2024-12-14,923852.5,Active
5828,Karthik Das 828,"{""email"": ""customer5828@example.com"", ""phone"": ""8750262009""}","{""city"": ""Ahmedabad"", ""country"": ""India"", ""state"": ""Gujarat""}",Individual,2025-11-22,542924.21,Active
5829,Vikram Menon 829,"{""email"": ""customer5829@example.com"", ""phone"": ""9032413191""}","{""city"": ""Chennai"", ""country"": ""India"", ""state"": ""Tamil Nadu""}",Corporate,2021-08-17,452844.79,Active
5830,Arun Rao 830,"{""email"": ""customer5830@example.com"", ""phone"": ""9845430565""}","{""city"": ""Kochi"", ""country"": ""India"", ""state"": ""Kerala""}",Individual,2026-09-16,350292.92,Inactive
5831,Suresh Mishra 831,"{""email"": ""customer5831@example.com"", ""phone"": ""6860224027""}","{""city"": ""Delhi"", ""country"": ""India"", ""state"": ""Delhi""}",Individual,2026-11-04,301612.69,Active
5832,Neha Iyer 832,"{""email"": ""customer5832@example.com"", ""phone"": ""7160073010""}","{""city"": ""Vellore"", ""country"": ""India"", ""state"": ""Tamil Nadu""}",Retail,2025-11-11,604345.42,Active
5833,Kavya Shah 833,"{""email"": ""customer5833@example.com"", ""phone"": ""8339111929""}","{""city"": ""Kochi"", ""country"": ""India"", ""state"": ""Kerala""}",Corporate,2022-04-07,463343.44,Active
5834,Aditya Shah 834,"{""email"": ""customer5834@example.com"", ""phone"": ""7754504610""}","{""city"": ""Chennai"", ""country"": ""India"", ""state"": ""Tamil Nadu""}",Retail,2023-11-28,156490.88,Active
5835,Neha Gupta 835,"{""email"": ""customer5835@example.com"", ""phone"": ""9852067552""}","{""city"": ""Chennai"", ""country"": ""India"", ""state"": ""Tamil Nadu""}",Individual,2025-09-09,769874.21,Active
5836,Ananya Reddy 836,"{""email"": ""customer5836@example.com"", ""phone"": ""8576545391""}","{""city"": ""Delhi"", ""country"": ""India"", ""state"": ""Delhi""}",Retail,2022-07-13,523223.02,Active
5837,Sneha Menon 837,"{""email"": ""customer5837@example.com"", ""phone"": ""8851809435""}","{""city"": ""Pune"", ""country"": ""India"", ""state"": ""Maharashtra""}",Wholesale,2023-11-05,170946.77,Active
5838,Aditya Nair 838,"{""email"": ""customer5838@example.com"", ""phone"": ""8459099819""}","{""city"": ""Pune"", ""country"": ""India"", ""state"": ""Maharashtra""}",Individual,2024-08-06,994126.43,Active
5839,Divya Sharma 839,"{""email"": ""customer5839@example.com"", ""phone"": ""7861674079""}","{""city"": ""Kochi"", ""country"": ""India"", ""state"": ""Kerala""}",Individual,2024-08-20,121420.81,Inactive
5840,Vikram Mishra 840,"{""email"": ""customer5840@example.com"", ""phone"": ""9080649910""}","{""city"": ""Hyderabad"", ""country"": ""India"", ""state"": ""Telangana""}",Corporate,2019-04-17,568170.82,Active
5841,Ananya Singh 841,"{""email"": ""customer5841@example.com"", ""phone"": ""9583360447""}","{""city"": ""Kolkata"", ""country"": ""India"", ""state"": ""West Bengal""}",Retail,2021-04-20,159381.02,Active
5842,Amit Nair 842,"{""email"": ""customer5842@example.com"", ""phone"": ""8418051513""}","{""city"": ""Hyderabad"", ""country"": ""India"", ""state"": ""Telangana""}",Retail,2024-11-17,896103.92,Inactive
5843,Ravi Shah 843,"{""email"": ""customer5843@example.com"", ""phone"": ""7153993997""}","{""city"": ""Chennai"", ""country"": ""India"", ""state"": ""Tamil Nadu""}",Individual,2021-06-13,570571.32,Active
5844,Keerthi Nair 844,"{""email"": ""customer5844@example.com"", ""phone"": ""7762734401""}","{""city"": ""Delhi"", ""country"": ""India"", ""state"": ""Delhi""}",Corporate,2019-12-10,494014.02,Active
5845,Rahul Iyer 845,"{""email"": ""customer5845@example.com"", ""phone"": ""9530130663""}","{""city"": ""Chennai"", ""country"": ""India"", ""state"": ""Tamil Nadu""}",Retail,2024-01-02,427275.92,Active
5846,Amit Patel 846,"{""email"": ""customer5846@example.com"", ""phone"": ""7222962298""}","{""city"": ""Pune"", ""country"": ""India"", ""state"": ""Maharashtra""}",Individual,2018-10-26,577402.36,Active
5847,Amit Joshi 847,"{""email"": ""customer5847@example.com"", ""phone"": ""7527367517""}","{""city"": ""Chennai"", ""country"": ""India"", ""state"": ""Tamil Nadu""}",Wholesale,2018-10-04,326182.99,Inactive
5848,Kavya Shah 848,"{""email"": ""customer5848@example.com"", ""phone"": ""9801413075""}","{""city"": ""Kochi"", ""country"": ""India"", ""state"": ""Kerala""}",Wholesale,2021-01-02,857856.26,Active
5849,Vikram Kumar 849,"{""email"": ""customer5849@example.com"", ""phone"": ""9914148640""}","{""city"": ""Kochi"", ""country"": ""India"", ""state"": ""Kerala""}",Wholesale,2025-12-10,201375.49,Active
5850,Pooja Singh 850,"{""email"": ""customer5850@example.com"", ""phone"": ""6242660613""}","{""city"": ""Mumbai"", ""country"": ""India"", ""state"": ""Maharashtra""}",Retail,2026-10-17,779386.03,Active
5851,Neha Kapoor 851,"{""email"": ""customer5851@example.com"", ""phone"": ""9808044734""}","{""city"": ""Vellore"", ""country"": ""India"", ""state"": ""Tamil Nadu""}",Individual,2024-07-12,69702.78,Active
5852,Neha Patel 852,"{""email"": ""customer5852@example.com"", ""phone"": ""9713130507""}","{""city"": ""Jaipur"", ""country"": ""India"", ""state"": ""Rajasthan""}",Individual,2026-11-22,818420.4,Active
5853,Ananya Verma 853,"{""email"": ""customer5853@example.com"", ""phone"": ""6143988870""}","{""city"": ""Jaipur"", ""country"": ""India"", ""state"": ""Rajasthan""}",Individual,2022-01-21,421967.04,Active
5854,Karthik Kapoor 854,"{""email"": ""customer5854@example.com"", ""phone"": ""8776093847""}","{""city"": ""Delhi"", ""country"": ""India"", ""state"": ""Delhi""}",Wholesale,2024-05-08,768716.44,Active
5855,Ravi Sharma 855,"{""email"": ""customer5855@example.com"", ""phone"": ""9639413046""}","{""city"": ""Coimbatore"", ""country"": ""India"", ""state"": ""Tamil Nadu""}",Wholesale,2024-11-22,973826.19,Active
5856,Amit Kumar 856,"{""email"": ""customer5856@example.com"", ""phone"": ""6674147950""}","{""city"": ""Delhi"", ""country"": ""India"", ""state"": ""Delhi""}",Wholesale,2022-02-03,708591.19,Active
5857,Nikhil Menon 857,"{""email"": ""customer5857@example.com"", ""phone"": ""7542538610""}","{""city"": ""Bengaluru"", ""country"": ""India"", ""state"": ""Karnataka""}",Retail,2026-09-24,924962.57,Active
5858,Rahul Verma 858,"{""email"": ""customer5858@example.com"", ""phone"": ""9786459367""}","{""city"": ""Kochi"", ""country"": ""India"", ""state"": ""Kerala""}",Wholesale,2020-01-09,184559.46,Active
5859,Kavya Joshi 859,"{""email"": ""customer5859@example.com"", ""phone"": ""9966967407""}","{""city"": ""Kolkata"", ""country"": ""India"", ""state"": ""West Bengal""}",Wholesale,2020-04-02,735321.0,Active
5860,Aditya Shah 860,"{""email"": ""customer5860@example.com"", ""phone"": ""7967028791""}","{""city"": ""Jaipur"", ""country"": ""India"", ""state"": ""Rajasthan""}",Wholesale,2021-11-05,312539.51,Active
5861,Keerthi Rao 861,"{""email"": ""customer5861@example.com"", ""phone"": ""7481982587""}","{""city"": ""Bengaluru"", ""country"": ""India"", ""state"": ""Karnataka""}",Retail,2021-12-05,537167.59,Inactive
5862,Karthik Shah 862,"{""email"": ""customer5862@example.com"", ""phone"": ""7951714169""}","{""city"": ""Delhi"", ""country"": ""India"", ""state"": ""Delhi""}",Corporate,2022-12-02,280282.39,Active
5863,Ananya Bose 863,"{""email"": ""customer5863@example.com"", ""phone"": ""6906621525""}","{""city"": ""Pune"", ""country"": ""India"", ""state"": ""Maharashtra""}",Wholesale,2022-10-16,125205.13,Active
5864,Rahul Kumar 864,"{""email"": ""customer5864@example.com"", ""phone"": ""6138261744""}","{""city"": ""Pune"", ""country"": ""India"", ""state"": ""Maharashtra""}",Retail,2025-11-26,570060.46,Active
5865,Keerthi Das 865,"{""email"": ""customer5865@example.com"", ""phone"": ""6283588083""}","{""city"": ""Coimbatore"", ""country"": ""India"", ""state"": ""Tamil Nadu""}",Retail,2026-03-19,645153.39,Active
5866,Ravi Bose 866,"{""email"": ""customer5866@example.com"", ""phone"": ""7497455769""}","{""city"": ""Coimbatore"", ""country"": ""India"", ""state"": ""Tamil Nadu""}",Retail,2026-03-14,970370.36,Active
5867,Rahul Kumar 867,"{""email"": ""customer5867@example.com"", ""phone"": ""7470542444""}","{""city"": ""Coimbatore"", ""country"": ""India"", ""state"": ""Tamil Nadu""}",Wholesale,2022-09-19,482833.14,Active
5868,Divya Das 868,"{""email"": ""customer5868@example.com"", ""phone"": ""7136014986""}","{""city"": ""Vellore"", ""country"": ""India"", ""state"": ""Tamil Nadu""}",Wholesale,2023-09-24,894931.91,Active
5869,Meena Gupta 869,"{""email"": ""customer5869@example.com"", ""phone"": ""7182116371""}","{""city"": ""Vellore"", ""country"": ""India"", ""state"": ""Tamil Nadu""}",Individual,2020-04-10,723803.68,Active
5870,Meena Patel 870,"{""email"": ""customer5870@example.com"", ""phone"": ""9151424943""}","{""city"": ""Chennai"", ""country"": ""India"", ""state"": ""Tamil Nadu""}",Corporate,2026-01-14,601148.17,Active
5871,Manoj Gupta 871,"{""email"": ""customer5871@example.com"", ""phone"": ""9680283342""}","{""city"": ""Hyderabad"", ""country"": ""India"", ""state"": ""Telangana""}",Wholesale,2021-06-15,628893.06,Active
5872,Vikram Patel 872,"{""email"": ""customer5872@example.com"", ""phone"": ""8736645770""}","{""city"": ""Bengaluru"", ""country"": ""India"", ""state"": ""Karnataka""}",Individual,2019-03-17,799294.41,Active
5873,Swathi Patel 873,"{""email"": ""customer5873@example.com"", ""phone"": ""7371537539""}","{""city"": ""Hyderabad"", ""country"": ""India"", ""state"": ""Telangana""}",Wholesale,2020-02-22,281011.44,Active
5874,Pooja Mishra 874,"{""email"": ""customer5874@example.com"", ""phone"": ""6222691235""}","{""city"": ""Kolkata"", ""country"": ""India"", ""state"": ""West Bengal""}",Retail,2026-10-07,81783.64,Active
5875,Arun Joshi 875,"{""email"": ""customer5875@example.com"", ""phone"": ""6558970773""}","{""city"": ""Delhi"", ""country"": ""India"", ""state"": ""Delhi""}",Retail,2018-10-12,677012.76,Active
5876,Meena Iyer 876,"{""email"": ""customer5876@example.com"", ""phone"": ""7835722958""}","{""city"": ""Pune"", ""country"": ""India"", ""state"": ""Maharashtra""}",Wholesale,2020-05-23,466678.89,Active
5877,Nikhil Sharma 877,"{""email"": ""customer5877@example.com"", ""phone"": ""8067010829""}","{""city"": ""Delhi"", ""country"": ""India"", ""state"": ""Delhi""}",Corporate,2026-01-09,454905.88,Active
5878,Vikram Singh 878,"{""email"": ""customer5878@example.com"", ""phone"": ""8664239532""}","{""city"": ""Delhi"", ""country"": ""India"", ""state"": ""Delhi""}",Retail,2025-11-11,839907.69,Active
5879,Ravi Gupta 879,"{""email"": ""customer5879@example.com"", ""phone"": ""7149788466""}","{""city"": ""Ahmedabad"", ""country"": ""India"", ""state"": ""Gujarat""}",Individual,2019-09-10,869706.56,Active
5880,Pooja Kapoor 880,"{""email"": ""customer5880@example.com"", ""phone"": ""6659758684""}","{""city"": ""Kolkata"", ""country"": ""India"", ""state"": ""West Bengal""}",Corporate,2021-09-12,414776.21,Active
5881,Ravi Reddy 881,"{""email"": ""customer5881@example.com"", ""phone"": ""7355833112""}","{""city"": ""Ahmedabad"", ""country"": ""India"", ""state"": ""Gujarat""}",Wholesale,2018-02-14,186798.26,Active
5882,Kavya Verma 882,"{""email"": ""customer5882@example.com"", ""phone"": ""8760721525""}","{""city"": ""Delhi"", ""country"": ""India"", ""state"": ""Delhi""}",Wholesale,2026-12-16,741210.06,Active
5883,Keerthi Das 883,"{""email"": ""customer5883@example.com"", ""phone"": ""6305943005""}","{""city"": ""Bengaluru"", ""country"": ""India"", ""state"": ""Karnataka""}",Corporate,2019-11-15,650117.63,Active
5884,Amit Reddy 884,"{""email"": ""customer5884@example.com"", ""phone"": ""9690967721""}","{""city"": ""Mumbai"", ""country"": ""India"", ""state"": ""Maharashtra""}",Retail,2024-02-20,394973.38,Active
5885,Arun Sharma 885,"{""email"": ""customer5885@example.com"", ""phone"": ""6736715196""}","{""city"": ""Coimbatore"", ""country"": ""India"", ""state"": ""Tamil Nadu""}",Retail,2019-01-26,540135.31,Active
5886,Pooja Sharma 886,"{""email"": ""customer5886@example.com"", ""phone"": ""9300467092""}","{""city"": ""Ahmedabad"", ""country"": ""India"", ""state"": ""Gujarat""}",Individual,2023-09-22,367259.0,Active
5887,Priya Pillai 887,"{""email"": ""customer5887@example.com"", ""phone"": ""6830135837""}","{""city"": ""Mumbai"", ""country"": ""India"", ""state"": ""Maharashtra""}",Individual,2021-09-21,623714.82,Active
5888,Meena Nair 888,"{""email"": ""customer5888@example.com"", ""phone"": ""9136118731""}","{""city"": ""Bengaluru"", ""country"": ""India"", ""state"": ""Karnataka""}",Retail,2025-07-20,642854.55,Active
5889,Nikhil Rao 889,"{""email"": ""customer5889@example.com"", ""phone"": ""8901349764""}","{""city"": ""Jaipur"", ""country"": ""India"", ""state"": ""Rajasthan""}",Retail,2020-12-28,780340.2,Active
5890,Rahul Patel 890,"{""email"": ""customer5890@example.com"", ""phone"": ""9207741330""}","{""city"": ""Kolkata"", ""country"": ""India"", ""state"": ""West Bengal""}",Wholesale,2025-06-07,184430.74,Active
5891,Arun Mishra 891,"{""email"": ""customer5891@example.com"", ""phone"": ""7396601368""}","{""city"": ""Bengaluru"", ""country"": ""India"", ""state"": ""Karnataka""}",Retail,2026-08-05,612527.08,Active
5892,Aditya Gupta 892,"{""email"": ""customer5892@example.com"", ""phone"": ""9475540440""}","{""city"": ""Hyderabad"", ""country"": ""India"", ""state"": ""Telangana""}",Individual,2022-05-21,603872.29,Active
5893,Keerthi Joshi 893,"{""email"": ""customer5893@example.com"", ""phone"": ""6755101388""}","{""city"": ""Jaipur"", ""country"": ""India"", ""state"": ""Rajasthan""}",Wholesale,2022-06-22,677403.47,Active
5894,Rahul Verma 894,"{""email"": ""customer5894@example.com"", ""phone"": ""7934740492""}","{""city"": ""Chennai"", ""country"": ""India"", ""state"": ""Tamil Nadu""}",Corporate,2020-08-15,674119.68,Active
5895,Priya Menon 895,"{""email"": ""customer5895@example.com"", ""phone"": ""8894405493""}","{""city"": ""Mumbai"", ""country"": ""India"", ""state"": ""Maharashtra""}",Individual,2018-11-15,898306.71,Active
5896,Rahul Naidu 896,"{""email"": ""customer5896@example.com"", ""phone"": ""7866431972""}","{""city"": ""Vellore"", ""country"": ""India"", ""state"": ""Tamil Nadu""}",Retail,2019-01-07,152315.64,Active
5897,Ravi Pillai 897,"{""email"": ""customer5897@example.com"", ""phone"": ""7845264759""}","{""city"": ""Mumbai"", ""country"": ""India"", ""state"": ""Maharashtra""}",Individual,2019-05-09,628759.58,Active
5898,Arun Patel 898,"{""email"": ""customer5898@example.com"", ""phone"": ""9092034839""}","{""city"": ""Kochi"", ""country"": ""India"", ""state"": ""Kerala""}",Wholesale,2025-11-13,78227.41,Active
5899,Vikram Joshi 899,"{""email"": ""customer5899@example.com"", ""phone"": ""8809108977""}","{""city"": ""Hyderabad"", ""country"": ""India"", ""state"": ""Telangana""}",Wholesale,2018-02-01,358610.62,Active
5900,Neha Verma 900,"{""email"": ""customer5900@example.com"", ""phone"": ""9204258304""}","{""city"": ""Hyderabad"", ""country"": ""India"", ""state"": ""Telangana""}",Retail,2025-06-14,885344.92,Active
5901,Rahul Sharma 901,"{""email"": ""customer5901@example.com"", ""phone"": ""7449819314""}","{""city"": ""Ahmedabad"", ""country"": ""India"", ""state"": ""Gujarat""}",Individual,2025-08-10,447390.12,Active
5902,Priya Mehta 902,"{""email"": ""customer5902@example.com"", ""phone"": ""9364768459""}","{""city"": ""Chennai"", ""country"": ""India"", ""state"": ""Tamil Nadu""}",Wholesale,2020-04-08,893920.4,Active
5903,Nikhil Kumar 903,"{""email"": ""customer5903@example.com"", ""phone"": ""9710054863""}","{""city"": ""Kochi"", ""country"": ""India"", ""state"": ""Kerala""}",Retail,2020-02-10,841910.81,Active
5904,Arun Menon 904,"{""email"": ""customer5904@example.com"", ""phone"": ""6875486000""}","{""city"": ""Mumbai"", ""country"": ""India"", ""state"": ""Maharashtra""}",Wholesale,2021-08-08,185792.58,Active
5905,Amit Iyer 905,"{""email"": ""customer5905@example.com"", ""phone"": ""8485846714""}","{""city"": ""Delhi"", ""country"": ""India"", ""state"": ""Delhi""}",Corporate,2026-02-21,85850.1,Active
5906,Priya Shah 906,"{""email"": ""customer5906@example.com"", ""phone"": ""6479117133""}","{""city"": ""Jaipur"", ""country"": ""India"", ""state"": ""Rajasthan""}",Individual,2024-02-12,446034.95,Active
5907,Pooja Sharma 907,"{""email"": ""customer5907@example.com"", ""phone"": ""7424471552""}","{""city"": ""Ahmedabad"", ""country"": ""India"", ""state"": ""Gujarat""}",Individual,2018-04-14,287464.38,Active
5908,Amit Singh 908,"{""email"": ""customer5908@example.com"", ""phone"": ""6446286203""}","{""city"": ""Jaipur"", ""country"": ""India"", ""state"": ""Rajasthan""}",Wholesale,2025-08-20,427098.34,Active
5909,Manoj Mishra 909,"{""email"": ""customer5909@example.com"", ""phone"": ""7164559271""}","{""city"": ""Ahmedabad"", ""country"": ""India"", ""state"": ""Gujarat""}",Retail,2024-11-02,831712.33,Active
5910,Swathi Shah 910,"{""email"": ""customer5910@example.com"", ""phone"": ""8323816301""}","{""city"": ""Coimbatore"", ""country"": ""India"", ""state"": ""Tamil Nadu""}",Wholesale,2026-04-01,719345.89,Active
5911,Ananya Gupta 911,"{""email"": ""customer5911@example.com"", ""phone"": ""9340126881""}","{""city"": ""Ahmedabad"", ""country"": ""India"", ""state"": ""Gujarat""}",Corporate,2026-09-17,468887.58,Active
5912,Amit Nair 912,"{""email"": ""customer5912@example.com"", ""phone"": ""7919814166""}","{""city"": ""Kolkata"", ""country"": ""India"", ""state"": ""West Bengal""}",Wholesale,2024-09-22,922581.81,Active
5913,Priya Kapoor 913,"{""email"": ""customer5913@example.com"", ""phone"": ""9062438592""}","{""city"": ""Kochi"", ""country"": ""India"", ""state"": ""Kerala""}",Retail,2021-01-28,88182.51,Active
5914,Arun Reddy 914,"{""email"": ""customer5914@example.com"", ""phone"": ""9489285299""}","{""city"": ""Delhi"", ""country"": ""India"", ""state"": ""Delhi""}",Corporate,2023-10-12,855725.17,Active
5915,Ananya Patel 915,"{""email"": ""customer5915@example.com"", ""phone"": ""6281906119""}","{""city"": ""Bengaluru"", ""country"": ""India"", ""state"": ""Karnataka""}",Wholesale,2024-08-28,397311.54,Active
5916,Manoj Nair 916,"{""email"": ""customer5916@example.com"", ""phone"": ""9892503177""}","{""city"": ""Kolkata"", ""country"": ""India"", ""state"": ""West Bengal""}",Corporate,2019-05-01,948762.57,Active
5917,Kavya Das 917,"{""email"": ""customer5917@example.com"", ""phone"": ""7930073827""}","{""city"": ""Pune"", ""country"": ""India"", ""state"": ""Maharashtra""}",Individual,2022-10-21,434636.87,Active
5918,Vikram Singh 918,"{""email"": ""customer5918@example.com"", ""phone"": ""8837524214""}","{""city"": ""Ahmedabad"", ""country"": ""India"", ""state"": ""Gujarat""}",Individual,2022-11-21,389357.69,Active
5919,Rahul Das 919,"{""email"": ""customer5919@example.com"", ""phone"": ""6507502354""}","{""city"": ""Jaipur"", ""country"": ""India"", ""state"": ""Rajasthan""}",Individual,2021-08-18,380463.76,Active
5920,Keerthi Kumar 920,"{""email"": ""customer5920@example.com"", ""phone"": ""6113100496""}","{""city"": ""Vellore"", ""country"": ""India"", ""state"": ""Tamil Nadu""}",Wholesale,2021-07-26,905136.64,Active
5921,Karthik Mehta 921,"{""email"": ""customer5921@example.com"", ""phone"": ""7124076364""}","{""city"": ""Hyderabad"", ""country"": ""India"", ""state"": ""Telangana""}",Individual,2024-12-10,775737.68,Active
5922,Aditya Das 922,"{""email"": ""customer5922@example.com"", ""phone"": ""8646676081""}","{""city"": ""Kolkata"", ""country"": ""India"", ""state"": ""West Bengal""}",Wholesale,2019-06-04,910090.43,Active
5923,Rahul Mehta 923,"{""email"": ""customer5923@example.com"", ""phone"": ""8944989027""}","{""city"": ""Ahmedabad"", ""country"": ""India"", ""state"": ""Gujarat""}",Corporate,2019-12-21,448164.61,Active
5924,Swathi Pillai 924,"{""email"": ""customer5924@example.com"", ""phone"": ""8912659475""}","{""city"": ""Ahmedabad"", ""country"": ""India"", ""state"": ""Gujarat""}",Individual,2018-01-20,649479.78,Active
5925,Rahul Pillai 925,"{""email"": ""customer5925@example.com"", ""phone"": ""9850351775""}","{""city"": ""Kolkata"", ""country"": ""India"", ""state"": ""West Bengal""}",Retail,2019-05-10,874309.69,Active
5926,Ananya Mehta 926,"{""email"": ""customer5926@example.com"", ""phone"": ""7195315241""}","{""city"": ""Vellore"", ""country"": ""India"", ""state"": ""Tamil Nadu""}",Corporate,2025-08-22,971090.54,Active
5927,Sneha Bose 927,"{""email"": ""customer5927@example.com"", ""phone"": ""9195615775""}","{""city"": ""Delhi"", ""country"": ""India"", ""state"": ""Delhi""}",Wholesale,2018-09-01,565511.94,Active
5928,Nikhil Shah 928,"{""email"": ""customer5928@example.com"", ""phone"": ""9056679563""}","{""city"": ""Jaipur"", ""country"": ""India"", ""state"": ""Rajasthan""}",Wholesale,2018-05-20,709123.23,Active
5929,Meena Patel 929,"{""email"": ""customer5929@example.com"", ""phone"": ""7569811454""}","{""city"": ""Chennai"", ""country"": ""India"", ""state"": ""Tamil Nadu""}",Individual,2018-04-02,752754.09,Active
5930,Keerthi Naidu 930,"{""email"": ""customer5930@example.com"", ""phone"": ""8615039581""}","{""city"": ""Pune"", ""country"": ""India"", ""state"": ""Maharashtra""}",Retail,2019-08-12,198621.47,Active
5931,Amit Gupta 931,"{""email"": ""customer5931@example.com"", ""phone"": ""8771404809""}","{""city"": ""Hyderabad"", ""country"": ""India"", ""state"": ""Telangana""}",Individual,2022-11-15,619770.92,Active
5932,Ravi Patel 932,"{""email"": ""customer5932@example.com"", ""phone"": ""8573044933""}","{""city"": ""Mumbai"", ""country"": ""India"", ""state"": ""Maharashtra""}",Individual,2026-04-06,105681.4,Active
5933,Aditya Iyer 933,"{""email"": ""customer5933@example.com"", ""phone"": ""6622439800""}","{""city"": ""Pune"", ""country"": ""India"", ""state"": ""Maharashtra""}",Retail,2021-04-09,921360.62,Active
5934,Keerthi Rao 934,"{""email"": ""customer5934@example.com"", ""phone"": ""9652156404""}","{""city"": ""Delhi"", ""country"": ""India"", ""state"": ""Delhi""}",Corporate,2018-09-11,437078.22,Active
5935,Divya Singh 935,"{""email"": ""customer5935@example.com"", ""phone"": ""8981243149""}","{""city"": ""Ahmedabad"", ""country"": ""India"", ""state"": ""Gujarat""}",Wholesale,2023-12-12,274666.28,Active
5936,Arun Reddy 936,"{""email"": ""customer5936@example.com"", ""phone"": ""6518466889""}","{""city"": ""Vellore"", ""country"": ""India"", ""state"": ""Tamil Nadu""}",Wholesale,2021-09-21,656754.98,Active
5937,Ravi Reddy 937,"{""email"": ""customer5937@example.com"", ""phone"": ""6905040034""}","{""city"": ""Pune"", ""country"": ""India"", ""state"": ""Maharashtra""}",Wholesale,2022-02-22,983104.12,Active
5938,Ravi Kumar 938,"{""email"": ""customer5938@example.com"", ""phone"": ""8165695314""}","{""city"": ""Bengaluru"", ""country"": ""India"", ""state"": ""Karnataka""}",Corporate,2020-04-16,619548.76,Active
5939,Sneha Iyer 939,"{""email"": ""customer5939@example.com"", ""phone"": ""8926710732""}","{""city"": ""Delhi"", ""country"": ""India"", ""state"": ""Delhi""}",Corporate,2023-03-27,168527.08,Active
5940,Meena Kapoor 940,"{""email"": ""customer5940@example.com"", ""phone"": ""7500812192""}","{""city"": ""Kochi"", ""country"": ""India"", ""state"": ""Kerala""}",Retail,2020-02-24,796811.26,Active
5941,Arun Shah 941,"{""email"": ""customer5941@example.com"", ""phone"": ""6847303463""}","{""city"": ""Mumbai"", ""country"": ""India"", ""state"": ""Maharashtra""}",Corporate,2024-03-18,389441.2,Active
5942,Sneha Bose 942,"{""email"": ""customer5942@example.com"", ""phone"": ""6190263236""}","{""city"": ""Kochi"", ""country"": ""India"", ""state"": ""Kerala""}",Wholesale,2022-12-11,787377.48,Active
5943,Manoj Nair 943,"{""email"": ""customer5943@example.com"", ""phone"": ""8230770781""}","{""city"": ""Hyderabad"", ""country"": ""India"", ""state"": ""Telangana""}",Retail,2018-08-28,207502.39,Active
5944,Keerthi Singh 944,"{""email"": ""customer5944@example.com"", ""phone"": ""9724985763""}","{""city"": ""Kolkata"", ""country"": ""India"", ""state"": ""West Bengal""}",Retail,2025-12-06,47715.61,Active
5945,Meena Joshi 945,"{""email"": ""customer5945@example.com"", ""phone"": ""6083620601""}","{""city"": ""Coimbatore"", ""country"": ""India"", ""state"": ""Tamil Nadu""}",Individual,2023-09-15,383010.5,Active
5946,Meena Patel 946,"{""email"": ""customer5946@example.com"", ""phone"": ""7755647131""}","{""city"": ""Jaipur"", ""country"": ""India"", ""state"": ""Rajasthan""}",Retail,2020-07-05,388943.69,Active
5947,Ananya Mishra 947,"{""email"": ""customer5947@example.com"", ""phone"": ""9209478797""}","{""city"": ""Vellore"", ""country"": ""India"", ""state"": ""Tamil Nadu""}",Individual,2023-04-28,988500.03,Active
5948,Nikhil Menon 948,"{""email"": ""customer5948@example.com"", ""phone"": ""9251804409""}","{""city"": ""Hyderabad"", ""country"": ""India"", ""state"": ""Telangana""}",Retail,2019-05-15,854904.35,Active
5949,Nikhil Patel 949,"{""email"": ""customer5949@example.com"", ""phone"": ""7015200307""}","{""city"": ""Kochi"", ""country"": ""India"", ""state"": ""Kerala""}",Retail,2024-04-24,987909.76,Active
5950,Sneha Das 950,"{""email"": ""customer5950@example.com"", ""phone"": ""8172727263""}","{""city"": ""Delhi"", ""country"": ""India"", ""state"": ""Delhi""}",Corporate,2018-09-01,551133.78,Active
5951,Ananya Das 951,"{""email"": ""customer5951@example.com"", ""phone"": ""8830229927""}","{""city"": ""Kochi"", ""country"": ""India"", ""state"": ""Kerala""}",Retail,2019-03-23,806025.7,Active
5952,Nikhil Joshi 952,"{""email"": ""customer5952@example.com"", ""phone"": ""7158907650""}","{""city"": ""Kochi"", ""country"": ""India"", ""state"": ""Kerala""}",Wholesale,2023-04-25,348870.85,Active
5953,Ananya Kumar 953,"{""email"": ""customer5953@example.com"", ""phone"": ""8326378646""}","{""city"": ""Mumbai"", ""country"": ""India"", ""state"": ""Maharashtra""}",Corporate,2024-03-06,790302.92,Active
5954,Keerthi Joshi 954,"{""email"": ""customer5954@example.com"", ""phone"": ""6524088689""}","{""city"": ""Hyderabad"", ""country"": ""India"", ""state"": ""Telangana""}",Corporate,2022-03-19,529861.61,Active
5955,Amit Kapoor 955,"{""email"": ""customer5955@example.com"", ""phone"": ""8545289387""}","{""city"": ""Kolkata"", ""country"": ""India"", ""state"": ""West Bengal""}",Corporate,2024-01-24,615082.35,Active
5956,Swathi Singh 956,"{""email"": ""customer5956@example.com"", ""phone"": ""8227797530""}","{""city"": ""Vellore"", ""country"": ""India"", ""state"": ""Tamil Nadu""}",Corporate,2018-07-22,625944.03,Active
5957,Arun Rao 957,"{""email"": ""customer5957@example.com"", ""phone"": ""8980778392""}","{""city"": ""Coimbatore"", ""country"": ""India"", ""state"": ""Tamil Nadu""}",Corporate,2026-12-13,497625.05,Active
5958,Amit Singh 958,"{""email"": ""customer5958@example.com"", ""phone"": ""8722911670""}","{""city"": ""Delhi"", ""country"": ""India"", ""state"": ""Delhi""}",Individual,2019-01-08,376286.77,Active
5959,Priya Kapoor 959,"{""email"": ""customer5959@example.com"", ""phone"": ""7646344211""}","{""city"": ""Jaipur"", ""country"": ""India"", ""state"": ""Rajasthan""}",Wholesale,2024-03-11,96485.23,Active
5960,Aditya Kapoor 960,"{""email"": ""customer5960@example.com"", ""phone"": ""8899584221""}","{""city"": ""Coimbatore"", ""country"": ""India"", ""state"": ""Tamil Nadu""}",Individual,2026-09-18,685426.93,Inactive
5961,Arun Bose 961,"{""email"": ""customer5961@example.com"", ""phone"": ""6294590597""}","{""city"": ""Kolkata"", ""country"": ""India"", ""state"": ""West Bengal""}",Individual,2026-07-25,887285.91,Active
5962,Vikram Singh 962,"{""email"": ""customer5962@example.com"", ""phone"": ""9023615897""}","{""city"": ""Vellore"", ""country"": ""India"", ""state"": ""Tamil Nadu""}",Retail,2022-10-24,50025.43,Active
5963,Sneha Naidu 963,"{""email"": ""customer5963@example.com"", ""phone"": ""8844749985""}","{""city"": ""Pune"", ""country"": ""India"", ""state"": ""Maharashtra""}",Wholesale,2026-01-17,279544.23,Active
5964,Kavya Singh 964,"{""email"": ""customer5964@example.com"", ""phone"": ""6746405039""}","{""city"": ""Bengaluru"", ""country"": ""India"", ""state"": ""Karnataka""}",Retail,2025-03-25,862411.07,Active
5965,Manoj Das 965,"{""email"": ""customer5965@example.com"", ""phone"": ""9331935816""}","{""city"": ""Delhi"", ""country"": ""India"", ""state"": ""Delhi""}",Individual,2025-07-07,722225.7,Active
5966,Swathi Rao 966,"{""email"": ""customer5966@example.com"", ""phone"": ""8999727589""}","{""city"": ""Kolkata"", ""country"": ""India"", ""state"": ""West Bengal""}",Corporate,2018-05-08,70490.71,Active
5967,Neha Bose 967,"{""email"": ""customer5967@example.com"", ""phone"": ""9075067967""}","{""city"": ""Delhi"", ""country"": ""India"", ""state"": ""Delhi""}",Wholesale,2025-06-25,197162.11,Active
5968,Swathi Shah 968,"{""email"": ""customer5968@example.com"", ""phone"": ""7199470620""}","{""city"": ""Kolkata"", ""country"": ""India"", ""state"": ""West Bengal""}",Retail,2018-02-26,186978.37,Active
5969,Vikram Joshi 969,"{""email"": ""customer5969@example.com"", ""phone"": ""7532466049""}","{""city"": ""Kochi"", ""country"": ""India"", ""state"": ""Kerala""}",Retail,2021-02-04,326440.23,Active
5970,Kavya Iyer 970,"{""email"": ""customer5970@example.com"", ""phone"": ""6309952300""}","{""city"": ""Chennai"", ""country"": ""India"", ""state"": ""Tamil Nadu""}",Retail,2020-11-07,539628.81,Active
5971,Suresh Iyer 971,"{""email"": ""customer5971@example.com"", ""phone"": ""8121413221""}","{""city"": ""Chennai"", ""country"": ""India"", ""state"": ""Tamil Nadu""}",Wholesale,2022-03-23,537735.74,Active
5972,Vikram Kumar 972,"{""email"": ""customer5972@example.com"", ""phone"": ""7780285566""}","{""city"": ""Vellore"", ""country"": ""India"", ""state"": ""Tamil Nadu""}",Corporate,2026-06-20,48698.41,Active
5973,Pooja Nair 973,"{""email"": ""customer5973@example.com"", ""phone"": ""9765900906""}","{""city"": ""Pune"", ""country"": ""India"", ""state"": ""Maharashtra""}",Retail,2023-03-28,112195.06,Active
5974,Suresh Reddy 974,"{""email"": ""customer5974@example.com"", ""phone"": ""6182631487""}","{""city"": ""Vellore"", ""country"": ""India"", ""state"": ""Tamil Nadu""}",Individual,2018-10-12,974233.46,Active
5975,Suresh Joshi 975,"{""email"": ""customer5975@example.com"", ""phone"": ""9725631564""}","{""city"": ""Delhi"", ""country"": ""India"", ""state"": ""Delhi""}",Corporate,2020-06-03,177198.54,Active
5976,Pooja Sharma 976,"{""email"": ""customer5976@example.com"", ""phone"": ""6758607173""}","{""city"": ""Chennai"", ""country"": ""India"", ""state"": ""Tamil Nadu""}",Individual,2019-04-22,854307.41,Active
5977,Arun Patel 977,"{""email"": ""customer5977@example.com"", ""phone"": ""9717631013""}","{""city"": ""Kolkata"", ""country"": ""India"", ""state"": ""West Bengal""}",Wholesale,2019-10-10,403462.93,Active
5978,Pooja Shah 978,"{""email"": ""customer5978@example.com"", ""phone"": ""6613431517""}","{""city"": ""Kochi"", ""country"": ""India"", ""state"": ""Kerala""}",Retail,2021-07-02,177801.48,Active
5979,Keerthi Naidu 979,"{""email"": ""customer5979@example.com"", ""phone"": ""6030926514""}","{""city"": ""Hyderabad"", ""country"": ""India"", ""state"": ""Telangana""}",Retail,2023-01-23,742425.58,Active
5980,Meena Verma 980,"{""email"": ""customer5980@example.com"", ""phone"": ""6116919347""}","{""city"": ""Kochi"", ""country"": ""India"", ""state"": ""Kerala""}",Individual,2023-04-08,955850.26,Active
5981,Priya Rao 981,"{""email"": ""customer5981@example.com"", ""phone"": ""9621013680""}","{""city"": ""Pune"", ""country"": ""India"", ""state"": ""Maharashtra""}",Wholesale,2020-06-03,393419.42,Active
5982,Rahul Menon 982,"{""email"": ""customer5982@example.com"", ""phone"": ""6431621870""}","{""city"": ""Bengaluru"", ""country"": ""India"", ""state"": ""Karnataka""}",Corporate,2018-06-22,240805.44,Active
5983,Priya Kapoor 983,"{""email"": ""customer5983@example.com"", ""phone"": ""9585891040""}","{""city"": ""Ahmedabad"", ""country"": ""India"", ""state"": ""Gujarat""}",Corporate,2024-08-07,311081.03,Active
5984,Meena Menon 984,"{""email"": ""customer5984@example.com"", ""phone"": ""8435517755""}","{""city"": ""Hyderabad"", ""country"": ""India"", ""state"": ""Telangana""}",Retail,2019-11-27,429501.36,Active
5985,Neha Das 985,"{""email"": ""customer5985@example.com"", ""phone"": ""8838696052""}","{""city"": ""Ahmedabad"", ""country"": ""India"", ""state"": ""Gujarat""}",Wholesale,2018-04-26,493502.3,Active
5986,Swathi Kumar 986,"{""email"": ""customer5986@example.com"", ""phone"": ""9017518662""}","{""city"": ""Ahmedabad"", ""country"": ""India"", ""state"": ""Gujarat""}",Individual,2019-10-11,51972.89,Active
5987,Neha Shah 987,"{""email"": ""customer5987@example.com"", ""phone"": ""7548678342""}","{""city"": ""Vellore"", ""country"": ""India"", ""state"": ""Tamil Nadu""}",Individual,2024-03-22,115209.74,Active
5988,Divya Joshi 988,"{""email"": ""customer5988@example.com"", ""phone"": ""7557883280""}","{""city"": ""Kolkata"", ""country"": ""India"", ""state"": ""West Bengal""}",Individual,2021-11-04,965961.11,Active
5989,Ravi Bose 989,"{""email"": ""customer5989@example.com"", ""phone"": ""9077816090""}","{""city"": ""Bengaluru"", ""country"": ""India"", ""state"": ""Karnataka""}",Wholesale,2022-11-12,403797.35,Active
5990,Swathi Reddy 990,"{""email"": ""customer5990@example.com"", ""phone"": ""9276102416""}","{""city"": ""Jaipur"", ""country"": ""India"", ""state"": ""Rajasthan""}",Individual,2020-01-04,161933.51,Active
5991,Aditya Bose 991,"{""email"": ""customer5991@example.com"", ""phone"": ""8351697672""}","{""city"": ""Vellore"", ""country"": ""India"", ""state"": ""Tamil Nadu""}",Individual,2024-06-04,420818.54,Active
5992,Ravi Sharma 992,"{""email"": ""customer5992@example.com"", ""phone"": ""7960383942""}","{""city"": ""Ahmedabad"", ""country"": ""India"", ""state"": ""Gujarat""}",Wholesale,2019-08-25,141984.71,Inactive
5993,Pooja Shah 993,"{""email"": ""customer5993@example.com"", ""phone"": ""8722999174""}","{""city"": ""Ahmedabad"", ""country"": ""India"", ""state"": ""Gujarat""}",Wholesale,2020-07-27,807353.14,Active
5994,Ananya Bose 994,"{""email"": ""customer5994@example.com"", ""phone"": ""8694209593""}","{""city"": ""Vellore"", ""country"": ""India"", ""state"": ""Tamil Nadu""}",Wholesale,2024-11-06,991813.95,Active
5995,Manoj Naidu 995,"{""email"": ""customer5995@example.com"", ""phone"": ""9571800397""}","{""city"": ""Jaipur"", ""country"": ""India"", ""state"": ""Rajasthan""}",Retail,2024-06-14,789969.33,Active
5996,Manoj Shah 996,"{""email"": ""customer5996@example.com"", ""phone"": ""6345026610""}","{""city"": ""Coimbatore"", ""country"": ""India"", ""state"": ""Tamil Nadu""}",Individual,2018-05-28,832694.74,Active
5997,Nikhil Joshi 997,"{""email"": ""customer5997@example.com"", ""phone"": ""9230161373""}","{""city"": ""Jaipur"", ""country"": ""India"", ""state"": ""Rajasthan""}",Wholesale,2023-04-10,111177.66,Active
5998,Keerthi Mishra 998,"{""email"": ""customer5998@example.com"", ""phone"": ""7268880351""}","{""city"": ""Coimbatore"", ""country"": ""India"", ""state"": ""Tamil Nadu""}",Wholesale,2025-02-22,237435.79,Active
5999,Manoj Sharma 999,"{""email"": ""customer5999@example.com"", ""phone"": ""6213633868""}","{""city"": ""Mumbai"", ""country"": ""India"", ""state"": ""Maharashtra""}",Corporate,2023-06-01,637426.2,Active
6000,Meena Menon 1000,"{""email"": ""customer6000@example.com"", ""phone"": ""7824181355""}","{""city"": ""Pune"", ""country"": ""India"", ""state"": ""Maharashtra""}",Wholesale,2023-05-16,156850.4,Active
6001,Rahul Sharma 1001,"{""email"": ""customer6001@example.com"", ""phone"": ""9364355177""}","{""city"": ""Coimbatore"", ""country"": ""India"", ""state"": ""Tamil Nadu""}",Individual,2022-04-14,576355.49,Inactive
6002,Swathi Reddy 1002,"{""email"": ""customer6002@example.com"", ""phone"": ""7134371331""}","{""city"": ""Hyderabad"", ""country"": ""India"", ""state"": ""Telangana""}",Retail,2023-01-21,673388.77,Active
6003,Pooja Rao 1003,"{""email"": ""customer6003@example.com"", ""phone"": ""6482521278""}","{""city"": ""Coimbatore"", ""country"": ""India"", ""state"": ""Tamil Nadu""}",Retail,2021-07-01,82767.36,Active
6004,Sneha Menon 1004,"{""email"": ""customer6004@example.com"", ""phone"": ""9900115160""}","{""city"": ""Coimbatore"", ""country"": ""India"", ""state"": ""Tamil Nadu""}",Corporate,2020-06-06,669223.43,Active
6005,Vikram Nair 1005,"{""email"": ""customer6005@example.com"", ""phone"": ""8345007454""}","{""city"": ""Hyderabad"", ""country"": ""India"", ""state"": ""Telangana""}",Individual,2019-08-14,909793.8,Active
6006,Priya Reddy 1006,"{""email"": ""customer6006@example.com"", ""phone"": ""7668026911""}","{""city"": ""Vellore"", ""country"": ""India"", ""state"": ""Tamil Nadu""}",Corporate,2025-06-09,978028.5,Active
6007,Manoj Nair 1007,"{""email"": ""customer6007@example.com"", ""phone"": ""8378164325""}","{""city"": ""Chennai"", ""country"": ""India"", ""state"": ""Tamil Nadu""}",Individual,2023-09-09,459471.07,Active
6008,Kavya Kumar 1008,"{""email"": ""customer6008@example.com"", ""phone"": ""9267784607""}","{""city"": ""Bengaluru"", ""country"": ""India"", ""state"": ""Karnataka""}",Corporate,2024-10-21,806319.07,Active
6009,Ananya Sharma 1009,"{""email"": ""customer6009@example.com"", ""phone"": ""9356264187""}","{""city"": ""Jaipur"", ""country"": ""India"", ""state"": ""Rajasthan""}",Retail,2023-07-04,302769.38,Active
6010,Pooja Naidu 1010,"{""email"": ""customer6010@example.com"", ""phone"": ""9507251466""}","{""city"": ""Pune"", ""country"": ""India"", ""state"": ""Maharashtra""}",Wholesale,2025-07-09,397854.14,Active
6011,Priya Patel 1011,"{""email"": ""customer6011@example.com"", ""phone"": ""8786451094""}","{""city"": ""Chennai"", ""country"": ""India"", ""state"": ""Tamil Nadu""}",Wholesale,2026-05-12,266618.0,Inactive
6012,Arun Kapoor 1012,"{""email"": ""customer6012@example.com"", ""phone"": ""8486577652""}","{""city"": ""Ahmedabad"", ""country"": ""India"", ""state"": ""Gujarat""}",Corporate,2020-06-15,526775.43,Active
6013,Sneha Reddy 1013,"{""email"": ""customer6013@example.com"", ""phone"": ""7077539834""}","{""city"": ""Coimbatore"", ""country"": ""India"", ""state"": ""Tamil Nadu""}",Corporate,2026-06-21,540494.86,Active
6014,Suresh Nair 1014,"{""email"": ""customer6014@example.com"", ""phone"": ""9974988918""}","{""city"": ""Mumbai"", ""country"": ""India"", ""state"": ""Maharashtra""}",Retail,2023-03-01,353913.85,Active
6015,Swathi Sharma 1015,"{""email"": ""customer6015@example.com"", ""phone"": ""9345574470""}","{""city"": ""Kolkata"", ""country"": ""India"", ""state"": ""West Bengal""}",Wholesale,2019-10-26,206034.45,Active
6016,Arun Pillai 1016,"{""email"": ""customer6016@example.com"", ""phone"": ""8100179900""}","{""city"": ""Ahmedabad"", ""country"": ""India"", ""state"": ""Gujarat""}",Corporate,2018-06-07,892320.64,Active
6017,Manoj Bose 1017,"{""email"": ""customer6017@example.com"", ""phone"": ""7243432379""}","{""city"": ""Kolkata"", ""country"": ""India"", ""state"": ""West Bengal""}",Individual,2021-01-08,126988.37,Active
6018,Ananya Patel 1018,"{""email"": ""customer6018@example.com"", ""phone"": ""8498277165""}","{""city"": ""Delhi"", ""country"": ""India"", ""state"": ""Delhi""}",Individual,2025-07-19,741093.27,Active
6019,Priya Mehta 1019,"{""email"": ""customer6019@example.com"", ""phone"": ""7520399120""}","{""city"": ""Delhi"", ""country"": ""India"", ""state"": ""Delhi""}",Retail,2019-10-15,310906.45,Active
6020,Arun Pillai 1020,"{""email"": ""customer6020@example.com"", ""phone"": ""8538745094""}","{""city"": ""Hyderabad"", ""country"": ""India"", ""state"": ""Telangana""}",Individual,2023-12-09,892386.72,Active
6021,Manoj Rao 1021,"{""email"": ""customer6021@example.com"", ""phone"": ""7055201221""}","{""city"": ""Delhi"", ""country"": ""India"", ""state"": ""Delhi""}",Individual,2024-08-07,777414.46,Active
6022,Amit Mehta 1022,"{""email"": ""customer6022@example.com"", ""phone"": ""7350611677""}","{""city"": ""Mumbai"", ""country"": ""India"", ""state"": ""Maharashtra""}",Retail,2023-07-16,634308.44,Active
6023,Nikhil Singh 1023,"{""email"": ""customer6023@example.com"", ""phone"": ""6718973881""}","{""city"": ""Coimbatore"", ""country"": ""India"", ""state"": ""Tamil Nadu""}",Wholesale,2024-04-06,949075.87,Active
6024,Aditya Patel 1024,"{""email"": ""customer6024@example.com"", ""phone"": ""8452319426""}","{""city"": ""Chennai"", ""country"": ""India"", ""state"": ""Tamil Nadu""}",Individual,2021-11-28,343303.17,Active
6025,Suresh Rao 1025,"{""email"": ""customer6025@example.com"", ""phone"": ""6821168870""}","{""city"": ""Mumbai"", ""country"": ""India"", ""state"": ""Maharashtra""}",Individual,2019-05-03,895463.49,Active
6026,Swathi Mishra 1026,"{""email"": ""customer6026@example.com"", ""phone"": ""7652060252""}","{""city"": ""Jaipur"", ""country"": ""India"", ""state"": ""Rajasthan""}",Individual,2021-03-19,649916.99,Active
6027,Rahul Kapoor 1027,"{""email"": ""customer6027@example.com"", ""phone"": ""6443559937""}","{""city"": ""Chennai"", ""country"": ""India"", ""state"": ""Tamil Nadu""}",Retail,2023-12-21,797628.83,Active
6028,Suresh Mishra 1028,"{""email"": ""customer6028@example.com"", ""phone"": ""7075256346""}","{""city"": ""Hyderabad"", ""country"": ""India"", ""state"": ""Telangana""}",Corporate,2020-04-14,475934.06,Active
6029,Divya Singh 1029,"{""email"": ""customer6029@example.com"", ""phone"": ""7233698308""}","{""city"": ""Vellore"", ""country"": ""India"", ""state"": ""Tamil Nadu""}",Individual,2021-02-17,208731.16,Active
6030,Manoj Iyer 1030,"{""email"": ""customer6030@example.com"", ""phone"": ""7778349862""}","{""city"": ""Delhi"", ""country"": ""India"", ""state"": ""Delhi""}",Individual,2019-07-24,88745.05,Active
6031,Arun Mishra 1031,"{""email"": ""customer6031@example.com"", ""phone"": ""6880351115""}","{""city"": ""Hyderabad"", ""country"": ""India"", ""state"": ""Telangana""}",Wholesale,2025-07-06,474731.7,Active
6032,Divya Menon 1032,"{""email"": ""customer6032@example.com"", ""phone"": ""7498898057""}","{""city"": ""Bengaluru"", ""country"": ""India"", ""state"": ""Karnataka""}",Retail,2023-05-04,874050.91,Active
6033,Neha Bose 1033,"{""email"": ""customer6033@example.com"", ""phone"": ""8292619102""}","{""city"": ""Bengaluru"", ""country"": ""India"", ""state"": ""Karnataka""}",Wholesale,2019-11-04,602642.13,Active
6034,Arun Kumar 1034,"{""email"": ""customer6034@example.com"", ""phone"": ""8342636003""}","{""city"": ""Bengaluru"", ""country"": ""India"", ""state"": ""Karnataka""}",Wholesale,2025-11-24,243003.23,Active
6035,Ravi Shah 1035,"{""email"": ""customer6035@example.com"", ""phone"": ""8177988550""}","{""city"": ""Vellore"", ""country"": ""India"", ""state"": ""Tamil Nadu""}",Individual,2022-09-22,419485.87,Active
6036,Divya Patel 1036,"{""email"": ""customer6036@example.com"", ""phone"": ""8182940381""}","{""city"": ""Chennai"", ""country"": ""India"", ""state"": ""Tamil Nadu""}",Individual,2026-09-02,757279.14,Active
6037,Vikram Naidu 1037,"{""email"": ""customer6037@example.com"", ""phone"": ""8262839616""}","{""city"": ""Hyderabad"", ""country"": ""India"", ""state"": ""Telangana""}",Corporate,2022-07-26,446424.54,Active
6038,Manoj Mishra 1038,"{""email"": ""customer6038@example.com"", ""phone"": ""6934284382""}","{""city"": ""Hyderabad"", ""country"": ""India"", ""state"": ""Telangana""}",Retail,2024-01-26,838636.29,Active
6039,Swathi Patel 1039,"{""email"": ""customer6039@example.com"", ""phone"": ""6815980287""}","{""city"": ""Ahmedabad"", ""country"": ""India"", ""state"": ""Gujarat""}",Retail,2021-12-03,913126.39,Active
6040,Arun Rao 1040,"{""email"": ""customer6040@example.com"", ""phone"": ""7457552462""}","{""city"": ""Ahmedabad"", ""country"": ""India"", ""state"": ""Gujarat""}",Individual,2021-09-24,658685.45,Active
6041,Divya Kapoor 1041,"{""email"": ""customer6041@example.com"", ""phone"": ""6480799490""}","{""city"": ""Jaipur"", ""country"": ""India"", ""state"": ""Rajasthan""}",Individual,2026-12-08,416795.01,Active
6042,Meena Naidu 1042,"{""email"": ""customer6042@example.com"", ""phone"": ""8965406378""}","{""city"": ""Hyderabad"", ""country"": ""India"", ""state"": ""Telangana""}",Retail,2020-12-16,566108.51,Active
6043,Vikram Shah 1043,"{""email"": ""customer6043@example.com"", ""phone"": ""9478197678""}","{""city"": ""Bengaluru"", ""country"": ""India"", ""state"": ""Karnataka""}",Individual,2025-11-05,569309.12,Active
6044,Swathi Naidu 1044,"{""email"": ""customer6044@example.com"", ""phone"": ""7069749009""}","{""city"": ""Bengaluru"", ""country"": ""India"", ""state"": ""Karnataka""}",Individual,2020-06-23,934210.82,Active
6045,Priya Das 1045,"{""email"": ""customer6045@example.com"", ""phone"": ""7049479694""}","{""city"": ""Pune"", ""country"": ""India"", ""state"": ""Maharashtra""}",Wholesale,2025-02-14,95853.42,Active
6046,Ananya Bose 1046,"{""email"": ""customer6046@example.com"", ""phone"": ""8117921143""}","{""city"": ""Kolkata"", ""country"": ""India"", ""state"": ""West Bengal""}",Wholesale,2025-07-01,607901.67,Active
6047,Divya Bose 1047,"{""email"": ""customer6047@example.com"", ""phone"": ""8185331278""}","{""city"": ""Coimbatore"", ""country"": ""India"", ""state"": ""Tamil Nadu""}",Individual,2024-12-22,28705.65,Active
6048,Manoj Patel 1048,"{""email"": ""customer6048@example.com"", ""phone"": ""6745752431""}","{""city"": ""Bengaluru"", ""country"": ""India"", ""state"": ""Karnataka""}",Corporate,2019-07-16,458123.81,Active
6049,Keerthi Das 1049,"{""email"": ""customer6049@example.com"", ""phone"": ""9250572516""}","{""city"": ""Ahmedabad"", ""country"": ""India"", ""state"": ""Gujarat""}",Individual,2026-06-21,782666.65,Active
6050,Kavya Gupta 1050,"{""email"": ""customer6050@example.com"", ""phone"": ""7828362047""}","{""city"": ""Coimbatore"", ""country"": ""India"", ""state"": ""Tamil Nadu""}",Wholesale,2025-11-17,268679.39,Active
6051,Suresh Nair 1051,"{""email"": ""customer6051@example.com"", ""phone"": ""6183556293""}","{""city"": ""Pune"", ""country"": ""India"", ""state"": ""Maharashtra""}",Retail,2026-12-05,188208.44,Active
6052,Rahul Menon 1052,"{""email"": ""customer6052@example.com"", ""phone"": ""7854631508""}","{""city"": ""Kolkata"", ""country"": ""India"", ""state"": ""West Bengal""}",Corporate,2024-02-28,250418.96,Active
6053,Arun Patel 1053,"{""email"": ""customer6053@example.com"", ""phone"": ""8917023250""}","{""city"": ""Kochi"", ""country"": ""India"", ""state"": ""Kerala""}",Wholesale,2024-08-18,401073.09,Active
6054,Ananya Naidu 1054,"{""email"": ""customer6054@example.com"", ""phone"": ""9811251087""}","{""city"": ""Vellore"", ""country"": ""India"", ""state"": ""Tamil Nadu""}",Individual,2022-12-03,273940.19,Active
6055,Amit Iyer 1055,"{""email"": ""customer6055@example.com"", ""phone"": ""7223929112""}","{""city"": ""Coimbatore"", ""country"": ""India"", ""state"": ""Tamil Nadu""}",Retail,2018-09-07,324881.34,Active
6056,Manoj Pillai 1056,"{""email"": ""customer6056@example.com"", ""phone"": ""9017796852""}","{""city"": ""Coimbatore"", ""country"": ""India"", ""state"": ""Tamil Nadu""}",Individual,2021-08-18,492656.09,Active
6057,Arun Pillai 1057,"{""email"": ""customer6057@example.com"", ""phone"": ""9255914897""}","{""city"": ""Coimbatore"", ""country"": ""India"", ""state"": ""Tamil Nadu""}",Corporate,2025-08-14,620940.15,Active
6058,Amit Naidu 1058,"{""email"": ""customer6058@example.com"", ""phone"": ""8443883838""}","{""city"": ""Mumbai"", ""country"": ""India"", ""state"": ""Maharashtra""}",Individual,2019-12-08,440977.46,Active
6059,Keerthi Naidu 1059,"{""email"": ""customer6059@example.com"", ""phone"": ""7078070360""}","{""city"": ""Hyderabad"", ""country"": ""India"", ""state"": ""Telangana""}",Corporate,2019-12-14,959091.48,Active
6060,Nikhil Verma 1060,"{""email"": ""customer6060@example.com"", ""phone"": ""7788792766""}","{""city"": ""Kochi"", ""country"": ""India"", ""state"": ""Kerala""}",Individual,2021-11-08,908538.54,Active
6061,Pooja Shah 1061,"{""email"": ""customer6061@example.com"", ""phone"": ""9068648925""}","{""city"": ""Mumbai"", ""country"": ""India"", ""state"": ""Maharashtra""}",Retail,2021-06-16,891966.0,Active
6062,Suresh Pillai 1062,"{""email"": ""customer6062@example.com"", ""phone"": ""6316584423""}","{""city"": ""Coimbatore"", ""country"": ""India"", ""state"": ""Tamil Nadu""}",Corporate,2022-06-17,453816.35,Active
6063,Aditya Joshi 1063,"{""email"": ""customer6063@example.com"", ""phone"": ""6161196931""}","{""city"": ""Ahmedabad"", ""country"": ""India"", ""state"": ""Gujarat""}",Wholesale,2020-04-25,152263.82,Active
6064,Neha Shah 1064,"{""email"": ""customer6064@example.com"", ""phone"": ""8750633295""}","{""city"": ""Chennai"", ""country"": ""India"", ""state"": ""Tamil Nadu""}",Individual,2020-06-27,176520.59,Inactive
6065,Keerthi Naidu 1065,"{""email"": ""customer6065@example.com"", ""phone"": ""8347445412""}","{""city"": ""Kolkata"", ""country"": ""India"", ""state"": ""West Bengal""}",Individual,2020-10-11,915310.17,Active
6066,Amit Singh 1066,"{""email"": ""customer6066@example.com"", ""phone"": ""9281598142""}","{""city"": ""Kochi"", ""country"": ""India"", ""state"": ""Kerala""}",Corporate,2018-04-15,599372.5,Active
6067,Nikhil Gupta 1067,"{""email"": ""customer6067@example.com"", ""phone"": ""6386663282""}","{""city"": ""Kolkata"", ""country"": ""India"", ""state"": ""West Bengal""}",Corporate,2018-05-07,451117.2,Active
6068,Neha Menon 1068,"{""email"": ""customer6068@example.com"", ""phone"": ""7370187137""}","{""city"": ""Kolkata"", ""country"": ""India"", ""state"": ""West Bengal""}",Individual,2018-09-24,39800.21,Active
6069,Nikhil Bose 1069,"{""email"": ""customer6069@example.com"", ""phone"": ""6888964758""}","{""city"": ""Vellore"", ""country"": ""India"", ""state"": ""Tamil Nadu""}",Corporate,2025-01-28,686456.73,Active
6070,Nikhil Verma 1070,"{""email"": ""customer6070@example.com"", ""phone"": ""8525667904""}","{""city"": ""Ahmedabad"", ""country"": ""India"", ""state"": ""Gujarat""}",Wholesale,2022-01-06,202070.56,Active
6071,Ravi Verma 1071,"{""email"": ""customer6071@example.com"", ""phone"": ""7371568487""}","{""city"": ""Vellore"", ""country"": ""India"", ""state"": ""Tamil Nadu""}",Retail,2024-06-15,318748.61,Active
6072,Arun Shah 1072,"{""email"": ""customer6072@example.com"", ""phone"": ""8876074612""}","{""city"": ""Jaipur"", ""country"": ""India"", ""state"": ""Rajasthan""}",Individual,2020-09-03,789610.9,Active
6073,Swathi Rao 1073,"{""email"": ""customer6073@example.com"", ""phone"": ""6497347694""}","{""city"": ""Mumbai"", ""country"": ""India"", ""state"": ""Maharashtra""}",Individual,2023-08-07,582938.21,Active
6074,Kavya Pillai 1074,"{""email"": ""customer6074@example.com"", ""phone"": ""9773574261""}","{""city"": ""Chennai"", ""country"": ""India"", ""state"": ""Tamil Nadu""}",Individual,2024-07-27,668491.57,Active
6075,Arun Nair 1075,"{""email"": ""customer6075@example.com"", ""phone"": ""7259640538""}","{""city"": ""Vellore"", ""country"": ""India"", ""state"": ""Tamil Nadu""}",Wholesale,2025-07-13,701278.68,Active
6076,Karthik Singh 1076,"{""email"": ""customer6076@example.com"", ""phone"": ""6988457402""}","{""city"": ""Delhi"", ""country"": ""India"", ""state"": ""Delhi""}",Retail,2019-09-03,870138.64,Inactive
6077,Ravi Gupta 1077,"{""email"": ""customer6077@example.com"", ""phone"": ""7688776103""}","{""city"": ""Mumbai"", ""country"": ""India"", ""state"": ""Maharashtra""}",Individual,2025-06-28,399892.88,Active
6078,Meena Das 1078,"{""email"": ""customer6078@example.com"", ""phone"": ""9741230685""}","{""city"": ""Coimbatore"", ""country"": ""India"", ""state"": ""Tamil Nadu""}",Corporate,2024-01-12,817549.3,Active
6079,Neha Sharma 1079,"{""email"": ""customer6079@example.com"", ""phone"": ""8348208655""}","{""city"": ""Kochi"", ""country"": ""India"", ""state"": ""Kerala""}",Individual,2024-10-13,526046.16,Active
6080,Kavya Rao 1080,"{""email"": ""customer6080@example.com"", ""phone"": ""8746308619""}","{""city"": ""Kolkata"", ""country"": ""India"", ""state"": ""West Bengal""}",Individual,2026-01-10,213138.98,Inactive
6081,Sneha Reddy 1081,"{""email"": ""customer6081@example.com"", ""phone"": ""6593193331""}","{""city"": ""Hyderabad"", ""country"": ""India"", ""state"": ""Telangana""}",Retail,2026-08-09,142916.28,Active
6082,Vikram Nair 1082,"{""email"": ""customer6082@example.com"", ""phone"": ""8813008935""}","{""city"": ""Bengaluru"", ""country"": ""India"", ""state"": ""Karnataka""}",Corporate,2025-10-02,882194.51,Active
6083,Rahul Nair 1083,"{""email"": ""customer6083@example.com"", ""phone"": ""6364069924""}","{""city"": ""Kochi"", ""country"": ""India"", ""state"": ""Kerala""}",Corporate,2022-05-07,292811.01,Active
6084,Aditya Mehta 1084,"{""email"": ""customer6084@example.com"", ""phone"": ""6131232441""}","{""city"": ""Mumbai"", ""country"": ""India"", ""state"": ""Maharashtra""}",Individual,2023-08-20,488575.92,Active
6085,Suresh Sharma 1085,"{""email"": ""customer6085@example.com"", ""phone"": ""7638916706""}","{""city"": ""Pune"", ""country"": ""India"", ""state"": ""Maharashtra""}",Corporate,2026-08-05,942621.49,Active
6086,Rahul Verma 1086,"{""email"": ""customer6086@example.com"", ""phone"": ""6468835082""}","{""city"": ""Kolkata"", ""country"": ""India"", ""state"": ""West Bengal""}",Individual,2021-08-23,302697.83,Active
6087,Nikhil Mehta 1087,"{""email"": ""customer6087@example.com"", ""phone"": ""7551647714""}","{""city"": ""Delhi"", ""country"": ""India"", ""state"": ""Delhi""}",Corporate,2025-08-13,749797.77,Active
6088,Nikhil Singh 1088,"{""email"": ""customer6088@example.com"", ""phone"": ""8009677726""}","{""city"": ""Coimbatore"", ""country"": ""India"", ""state"": ""Tamil Nadu""}",Individual,2022-10-13,599619.49,Active
6089,Ananya Kumar 1089,"{""email"": ""customer6089@example.com"", ""phone"": ""9596972399""}","{""city"": ""Mumbai"", ""country"": ""India"", ""state"": ""Maharashtra""}",Wholesale,2025-10-04,351120.78,Active
6090,Divya Rao 1090,"{""email"": ""customer6090@example.com"", ""phone"": ""6873500322""}","{""city"": ""Coimbatore"", ""country"": ""India"", ""state"": ""Tamil Nadu""}",Corporate,2026-12-20,392641.02,Active
6091,Neha Joshi 1091,"{""email"": ""customer6091@example.com"", ""phone"": ""8091238390""}","{""city"": ""Pune"", ""country"": ""India"", ""state"": ""Maharashtra""}",Wholesale,2022-02-08,772369.09,Active
6092,Arun Bose 1092,"{""email"": ""customer6092@example.com"", ""phone"": ""9289988577""}","{""city"": ""Kolkata"", ""country"": ""India"", ""state"": ""West Bengal""}",Retail,2024-10-28,530261.68,Active
6093,Suresh Menon 1093,"{""email"": ""customer6093@example.com"", ""phone"": ""8508628357""}","{""city"": ""Vellore"", ""country"": ""India"", ""state"": ""Tamil Nadu""}",Individual,2022-02-18,752238.18,Active
6094,Karthik Gupta 1094,"{""email"": ""customer6094@example.com"", ""phone"": ""8003451067""}","{""city"": ""Hyderabad"", ""country"": ""India"", ""state"": ""Telangana""}",Wholesale,2018-11-10,206601.23,Active
6095,Sneha Iyer 1095,"{""email"": ""customer6095@example.com"", ""phone"": ""8063400217""}","{""city"": ""Coimbatore"", ""country"": ""India"", ""state"": ""Tamil Nadu""}",Retail,2023-05-09,87150.18,Active
6096,Manoj Shah 1096,"{""email"": ""customer6096@example.com"", ""phone"": ""7190847245""}","{""city"": ""Hyderabad"", ""country"": ""India"", ""state"": ""Telangana""}",Individual,2025-11-06,469964.55,Inactive
6097,Divya Joshi 1097,"{""email"": ""customer6097@example.com"", ""phone"": ""9426726413""}","{""city"": ""Ahmedabad"", ""country"": ""India"", ""state"": ""Gujarat""}",Individual,2021-10-04,258252.88,Active
6098,Amit Bose 1098,"{""email"": ""customer6098@example.com"", ""phone"": ""8569808034""}","{""city"": ""Kolkata"", ""country"": ""India"", ""state"": ""West Bengal""}",Individual,2018-04-11,684065.43,Active
6099,Nikhil Mishra 1099,"{""email"": ""customer6099@example.com"", ""phone"": ""6001822968""}","{""city"": ""Jaipur"", ""country"": ""India"", ""state"": ""Rajasthan""}",Retail,2023-09-16,374272.84,Active
6100,Vikram Menon 1100,"{""email"": ""customer6100@example.com"", ""phone"": ""7690884473""}","{""city"": ""Ahmedabad"", ""country"": ""India"", ""state"": ""Gujarat""}",Retail,2021-10-21,841585.7,Inactive
6101,Neha Das 1101,"{""email"": ""customer6101@example.com"", ""phone"": ""6395096171""}","{""city"": ""Delhi"", ""country"": ""India"", ""state"": ""Delhi""}",Retail,2022-11-26,783264.12,Active
6102,Pooja Bose 1102,"{""email"": ""customer6102@example.com"", ""phone"": ""7765928503""}","{""city"": ""Pune"", ""country"": ""India"", ""state"": ""Maharashtra""}",Individual,2020-07-14,418660.48,Active
6103,Manoj Reddy 1103,"{""email"": ""customer6103@example.com"", ""phone"": ""7038480674""}","{""city"": ""Bengaluru"", ""country"": ""India"", ""state"": ""Karnataka""}",Individual,2026-07-07,939991.85,Active
6104,Aditya Bose 1104,"{""email"": ""customer6104@example.com"", ""phone"": ""7809809349""}","{""city"": ""Pune"", ""country"": ""India"", ""state"": ""Maharashtra""}",Wholesale,2020-05-22,51545.24,Active
6105,Nikhil Mishra 1105,"{""email"": ""customer6105@example.com"", ""phone"": ""6130202525""}","{""city"": ""Pune"", ""country"": ""India"", ""state"": ""Maharashtra""}",Wholesale,2023-05-19,244372.96,Active
6106,Sneha Rao 1106,"{""email"": ""customer6106@example.com"", ""phone"": ""6443177726""}","{""city"": ""Bengaluru"", ""country"": ""India"", ""state"": ""Karnataka""}",Corporate,2022-10-21,131213.78,Active
6107,Priya Patel 1107,"{""email"": ""customer6107@example.com"", ""phone"": ""9009187198""}","{""city"": ""Coimbatore"", ""country"": ""India"", ""state"": ""Tamil Nadu""}",Corporate,2018-09-21,867435.93,Active
6108,Arun Kumar 1108,"{""email"": ""customer6108@example.com"", ""phone"": ""9392408060""}","{""city"": ""Hyderabad"", ""country"": ""India"", ""state"": ""Telangana""}",Corporate,2026-03-18,827248.24,Active
6109,Ravi Joshi 1109,"{""email"": ""customer6109@example.com"", ""phone"": ""8253296388""}","{""city"": ""Pune"", ""country"": ""India"", ""state"": ""Maharashtra""}",Retail,2023-01-10,628516.59,Active
6110,Meena Singh 1110,"{""email"": ""customer6110@example.com"", ""phone"": ""6384288123""}","{""city"": ""Chennai"", ""country"": ""India"", ""state"": ""Tamil Nadu""}",Wholesale,2019-10-06,154707.04,Active
6111,Pooja Menon 1111,"{""email"": ""customer6111@example.com"", ""phone"": ""8207738923""}","{""city"": ""Hyderabad"", ""country"": ""India"", ""state"": ""Telangana""}",Wholesale,2019-06-21,702811.1,Active
6112,Rahul Nair 1112,"{""email"": ""customer6112@example.com"", ""phone"": ""8063194337""}","{""city"": ""Pune"", ""country"": ""India"", ""state"": ""Maharashtra""}",Retail,2026-07-28,818818.15,Active
6113,Suresh Menon 1113,"{""email"": ""customer6113@example.com"", ""phone"": ""7872131078""}","{""city"": ""Ahmedabad"", ""country"": ""India"", ""state"": ""Gujarat""}",Wholesale,2021-04-08,906893.7,Active
6114,Sneha Mishra 1114,"{""email"": ""customer6114@example.com"", ""phone"": ""7691092785""}","{""city"": ""Kolkata"", ""country"": ""India"", ""state"": ""West Bengal""}",Retail,2022-05-26,106874.82,Active
6115,Ravi Sharma 1115,"{""email"": ""customer6115@example.com"", ""phone"": ""9141157273""}","{""city"": ""Kochi"", ""country"": ""India"", ""state"": ""Kerala""}",Retail,2020-10-27,299308.39,Active
6116,Nikhil Das 1116,"{""email"": ""customer6116@example.com"", ""phone"": ""8870609998""}","{""city"": ""Vellore"", ""country"": ""India"", ""state"": ""Tamil Nadu""}",Corporate,2026-05-03,647479.57,Active
6117,Amit Verma 1117,"{""email"": ""customer6117@example.com"", ""phone"": ""9011373926""}","{""city"": ""Coimbatore"", ""country"": ""India"", ""state"": ""Tamil Nadu""}",Wholesale,2021-05-21,299406.69,Active
6118,Manoj Gupta 1118,"{""email"": ""customer6118@example.com"", ""phone"": ""9167226460""}","{""city"": ""Coimbatore"", ""country"": ""India"", ""state"": ""Tamil Nadu""}",Retail,2018-04-25,468587.18,Active
6119,Rahul Mehta 1119,"{""email"": ""customer6119@example.com"", ""phone"": ""9530880737""}","{""city"": ""Hyderabad"", ""country"": ""India"", ""state"": ""Telangana""}",Corporate,2022-11-02,712726.77,Active
6120,Meena Menon 1120,"{""email"": ""customer6120@example.com"", ""phone"": ""6910619891""}","{""city"": ""Ahmedabad"", ""country"": ""India"", ""state"": ""Gujarat""}",Wholesale,2019-05-22,879574.83,Active
6121,Amit Iyer 1121,"{""email"": ""customer6121@example.com"", ""phone"": ""9562246444""}","{""city"": ""Coimbatore"", ""country"": ""India"", ""state"": ""Tamil Nadu""}",Retail,2023-11-23,810951.03,Active
6122,Suresh Bose 1122,"{""email"": ""customer6122@example.com"", ""phone"": ""7218591568""}","{""city"": ""Delhi"", ""country"": ""India"", ""state"": ""Delhi""}",Retail,2026-02-27,800211.9,Active
6123,Divya Mehta 1123,"{""email"": ""customer6123@example.com"", ""phone"": ""6378858581""}","{""city"": ""Bengaluru"", ""country"": ""India"", ""state"": ""Karnataka""}",Wholesale,2022-01-15,42994.77,Active
6124,Priya Verma 1124,"{""email"": ""customer6124@example.com"", ""phone"": ""8884585883""}","{""city"": ""Kolkata"", ""country"": ""India"", ""state"": ""West Bengal""}",Wholesale,2020-11-09,774621.36,Active
6125,Neha Mehta 1125,"{""email"": ""customer6125@example.com"", ""phone"": ""6099143446""}","{""city"": ""Mumbai"", ""country"": ""India"", ""state"": ""Maharashtra""}",Retail,2019-03-02,130933.35,Active
6126,Meena Mishra 1126,"{""email"": ""customer6126@example.com"", ""phone"": ""6668015222""}","{""city"": ""Kochi"", ""country"": ""India"", ""state"": ""Kerala""}",Wholesale,2023-10-15,257441.15,Active
6127,Neha Rao 1127,"{""email"": ""customer6127@example.com"", ""phone"": ""6978824517""}","{""city"": ""Vellore"", ""country"": ""India"", ""state"": ""Tamil Nadu""}",Wholesale,2023-09-09,289678.66,Active
6128,Sneha Gupta 1128,"{""email"": ""customer6128@example.com"", ""phone"": ""8889487868""}","{""city"": ""Coimbatore"", ""country"": ""India"", ""state"": ""Tamil Nadu""}",Individual,2026-01-23,84651.87,Inactive
6129,Ravi Sharma 1129,"{""email"": ""customer6129@example.com"", ""phone"": ""8027969380""}","{""city"": ""Kochi"", ""country"": ""India"", ""state"": ""Kerala""}",Retail,2021-02-19,261863.0,Active
6130,Priya Das 1130,"{""email"": ""customer6130@example.com"", ""phone"": ""9259906235""}","{""city"": ""Mumbai"", ""country"": ""India"", ""state"": ""Maharashtra""}",Wholesale,2021-10-01,643168.28,Active
6131,Vikram Joshi 1131,"{""email"": ""customer6131@example.com"", ""phone"": ""6610693353""}","{""city"": ""Bengaluru"", ""country"": ""India"", ""state"": ""Karnataka""}",Individual,2020-12-20,896266.22,Active
6132,Neha Iyer 1132,"{""email"": ""customer6132@example.com"", ""phone"": ""9814416002""}","{""city"": ""Kochi"", ""country"": ""India"", ""state"": ""Kerala""}",Wholesale,2023-12-12,616824.63,Active
6133,Suresh Das 1133,"{""email"": ""customer6133@example.com"", ""phone"": ""8552492174""}","{""city"": ""Mumbai"", ""country"": ""India"", ""state"": ""Maharashtra""}",Corporate,2025-09-23,612303.3,Active
6134,Ravi Patel 1134,"{""email"": ""customer6134@example.com"", ""phone"": ""8317119618""}","{""city"": ""Bengaluru"", ""country"": ""India"", ""state"": ""Karnataka""}",Wholesale,2019-01-19,767812.81,Active
6135,Arun Kapoor 1135,"{""email"": ""customer6135@example.com"", ""phone"": ""7460742757""}","{""city"": ""Kolkata"", ""country"": ""India"", ""state"": ""West Bengal""}",Retail,2020-09-28,200607.27,Active
6136,Swathi Singh 1136,"{""email"": ""customer6136@example.com"", ""phone"": ""6052042617""}","{""city"": ""Kolkata"", ""country"": ""India"", ""state"": ""West Bengal""}",Individual,2021-10-15,571833.14,Active
6137,Arun Mishra 1137,"{""email"": ""customer6137@example.com"", ""phone"": ""9237051414""}","{""city"": ""Mumbai"", ""country"": ""India"", ""state"": ""Maharashtra""}",Wholesale,2026-05-13,357935.72,Active
6138,Neha Mishra 1138,"{""email"": ""customer6138@example.com"", ""phone"": ""6015222392""}","{""city"": ""Jaipur"", ""country"": ""India"", ""state"": ""Rajasthan""}",Corporate,2023-11-24,914395.59,Active
6139,Swathi Mishra 1139,"{""email"": ""customer6139@example.com"", ""phone"": ""9532761192""}","{""city"": ""Kolkata"", ""country"": ""India"", ""state"": ""West Bengal""}",Wholesale,2026-08-12,77118.24,Active
6140,Sneha Iyer 1140,"{""email"": ""customer6140@example.com"", ""phone"": ""6196046763""}","{""city"": ""Chennai"", ""country"": ""India"", ""state"": ""Tamil Nadu""}",Wholesale,2020-01-16,415379.24,Active
6141,Keerthi Kumar 1141,"{""email"": ""customer6141@example.com"", ""phone"": ""8717801466""}","{""city"": ""Chennai"", ""country"": ""India"", ""state"": ""Tamil Nadu""}",Retail,2025-05-07,830235.53,Active
6142,Aditya Nair 1142,"{""email"": ""customer6142@example.com"", ""phone"": ""6177954660""}","{""city"": ""Hyderabad"", ""country"": ""India"", ""state"": ""Telangana""}",Corporate,2025-08-07,315425.34,Active
6143,Suresh Reddy 1143,"{""email"": ""customer6143@example.com"", ""phone"": ""8465986639""}","{""city"": ""Hyderabad"", ""country"": ""India"", ""state"": ""Telangana""}",Retail,2018-11-16,103688.89,Active
6144,Vikram Sharma 1144,"{""email"": ""customer6144@example.com"", ""phone"": ""9252536317""}","{""city"": ""Ahmedabad"", ""country"": ""India"", ""state"": ""Gujarat""}",Corporate,2018-02-03,763381.84,Active
6145,Aditya Gupta 1145,"{""email"": ""customer6145@example.com"", ""phone"": ""9984920359""}","{""city"": ""Coimbatore"", ""country"": ""India"", ""state"": ""Tamil Nadu""}",Corporate,2019-12-13,895876.75,Active
6146,Amit Gupta 1146,"{""email"": ""customer6146@example.com"", ""phone"": ""8076255790""}","{""city"": ""Jaipur"", ""country"": ""India"", ""state"": ""Rajasthan""}",Individual,2024-07-22,991235.9,Active
6147,Pooja Menon 1147,"{""email"": ""customer6147@example.com"", ""phone"": ""7805174874""}","{""city"": ""Ahmedabad"", ""country"": ""India"", ""state"": ""Gujarat""}",Wholesale,2021-06-06,156798.67,Active
6148,Meena Kumar 1148,"{""email"": ""customer6148@example.com"", ""phone"": ""8797825794""}","{""city"": ""Chennai"", ""country"": ""India"", ""state"": ""Tamil Nadu""}",Individual,2026-04-04,98354.42,Active
6149,Rahul Menon 1149,"{""email"": ""customer6149@example.com"", ""phone"": ""6680056527""}","{""city"": ""Jaipur"", ""country"": ""India"", ""state"": ""Rajasthan""}",Individual,2026-04-06,82929.56,Inactive
6150,Neha Gupta 1150,"{""email"": ""customer6150@example.com"", ""phone"": ""6905358591""}","{""city"": ""Hyderabad"", ""country"": ""India"", ""state"": ""Telangana""}",Individual,2019-12-13,561093.89,Active
6151,Suresh Reddy 1151,"{""email"": ""customer6151@example.com"", ""phone"": ""7708631077""}","{""city"": ""Hyderabad"", ""country"": ""India"", ""state"": ""Telangana""}",Retail,2020-09-28,161787.63,Active
6152,Divya Shah 1152,"{""email"": ""customer6152@example.com"", ""phone"": ""6496847270""}","{""city"": ""Hyderabad"", ""country"": ""India"", ""state"": ""Telangana""}",Individual,2024-12-09,396260.26,Active
6153,Suresh Shah 1153,"{""email"": ""customer6153@example.com"", ""phone"": ""9899345775""}","{""city"": ""Chennai"", ""country"": ""India"", ""state"": ""Tamil Nadu""}",Retail,2024-08-21,540154.38,Active
6154,Manoj Reddy 1154,"{""email"": ""customer6154@example.com"", ""phone"": ""6169028396""}","{""city"": ""Coimbatore"", ""country"": ""India"", ""state"": ""Tamil Nadu""}",Individual,2019-05-04,472653.38,Active
6155,Nikhil Mehta 1155,"{""email"": ""customer6155@example.com"", ""phone"": ""9478714910""}","{""city"": ""Chennai"", ""country"": ""India"", ""state"": ""Tamil Nadu""}",Individual,2026-11-09,733254.63,Active
6156,Neha Gupta 1156,"{""email"": ""customer6156@example.com"", ""phone"": ""7996947700""}","{""city"": ""Delhi"", ""country"": ""India"", ""state"": ""Delhi""}",Retail,2018-12-12,746693.87,Active
6157,Keerthi Kumar 1157,"{""email"": ""customer6157@example.com"", ""phone"": ""9807058015""}","{""city"": ""Mumbai"", ""country"": ""India"", ""state"": ""Maharashtra""}",Corporate,2025-06-15,810417.21,Active
6158,Keerthi Gupta 1158,"{""email"": ""customer6158@example.com"", ""phone"": ""9299443444""}","{""city"": ""Jaipur"", ""country"": ""India"", ""state"": ""Rajasthan""}",Retail,2025-12-11,933374.39,Inactive
6159,Nikhil Bose 1159,"{""email"": ""customer6159@example.com"", ""phone"": ""7212703558""}","{""city"": ""Chennai"", ""country"": ""India"", ""state"": ""Tamil Nadu""}",Retail,2021-12-27,331626.22,Active
6160,Sneha Singh 1160,"{""email"": ""customer6160@example.com"", ""phone"": ""6831490769""}","{""city"": ""Chennai"", ""country"": ""India"", ""state"": ""Tamil Nadu""}",Wholesale,2026-01-10,880052.6,Active
6161,Pooja Sharma 1161,"{""email"": ""customer6161@example.com"", ""phone"": ""6009211561""}","{""city"": ""Ahmedabad"", ""country"": ""India"", ""state"": ""Gujarat""}",Individual,2026-03-01,175066.91,Inactive
6162,Pooja Verma 1162,"{""email"": ""customer6162@example.com"", ""phone"": ""6868960244""}","{""city"": ""Delhi"", ""country"": ""India"", ""state"": ""Delhi""}",Retail,2023-06-09,809819.87,Active
6163,Ananya Menon 1163,"{""email"": ""customer6163@example.com"", ""phone"": ""6346468121""}","{""city"": ""Vellore"", ""country"": ""India"", ""state"": ""Tamil Nadu""}",Individual,2024-04-17,484327.6,Active
6164,Ravi Bose 1164,"{""email"": ""customer6164@example.com"", ""phone"": ""6703747424""}","{""city"": ""Jaipur"", ""country"": ""India"", ""state"": ""Rajasthan""}",Individual,2021-01-07,487832.58,Inactive
6165,Arun Naidu 1165,"{""email"": ""customer6165@example.com"", ""phone"": ""9292829876""}","{""city"": ""Pune"", ""country"": ""India"", ""state"": ""Maharashtra""}",Individual,2021-11-08,788200.35,Active
6166,Arun Naidu 1166,"{""email"": ""customer6166@example.com"", ""phone"": ""9818340922""}","{""city"": ""Hyderabad"", ""country"": ""India"", ""state"": ""Telangana""}",Retail,2026-11-21,883529.25,Active
6167,Karthik Rao 1167,"{""email"": ""customer6167@example.com"", ""phone"": ""9015443569""}","{""city"": ""Coimbatore"", ""country"": ""India"", ""state"": ""Tamil Nadu""}",Corporate,2023-09-01,83575.14,Inactive
6168,Rahul Reddy 1168,"{""email"": ""customer6168@example.com"", ""phone"": ""6573543160""}","{""city"": ""Jaipur"", ""country"": ""India"", ""state"": ""Rajasthan""}",Retail,2025-08-05,129342.18,Active
6169,Kavya Mishra 1169,"{""email"": ""customer6169@example.com"", ""phone"": ""7784852412""}","{""city"": ""Vellore"", ""country"": ""India"", ""state"": ""Tamil Nadu""}",Retail,2018-10-17,974821.75,Active
6170,Amit Shah 1170,"{""email"": ""customer6170@example.com"", ""phone"": ""6867482489""}","{""city"": ""Coimbatore"", ""country"": ""India"", ""state"": ""Tamil Nadu""}",Retail,2019-06-05,136682.29,Active
6171,Swathi Pillai 1171,"{""email"": ""customer6171@example.com"", ""phone"": ""7177218415""}","{""city"": ""Chennai"", ""country"": ""India"", ""state"": ""Tamil Nadu""}",Retail,2024-09-14,992296.1,Active
6172,Ravi Mehta 1172,"{""email"": ""customer6172@example.com"", ""phone"": ""9607383915""}","{""city"": ""Vellore"", ""country"": ""India"", ""state"": ""Tamil Nadu""}",Wholesale,2022-08-08,442038.07,Active
6173,Sneha Nair 1173,"{""email"": ""customer6173@example.com"", ""phone"": ""7363688336""}","{""city"": ""Bengaluru"", ""country"": ""India"", ""state"": ""Karnataka""}",Retail,2025-05-06,458151.44,Active
6174,Suresh Kapoor 1174,"{""email"": ""customer6174@example.com"", ""phone"": ""7606004712""}","{""city"": ""Ahmedabad"", ""country"": ""India"", ""state"": ""Gujarat""}",Individual,2025-12-16,403328.51,Active
6175,Suresh Shah 1175,"{""email"": ""customer6175@example.com"", ""phone"": ""9176553194""}","{""city"": ""Chennai"", ""country"": ""India"", ""state"": ""Tamil Nadu""}",Individual,2021-12-06,122352.56,Active
6176,Priya Mishra 1176,"{""email"": ""customer6176@example.com"", ""phone"": ""9418887545""}","{""city"": ""Chennai"", ""country"": ""India"", ""state"": ""Tamil Nadu""}",Individual,2023-12-21,367368.29,Inactive
6177,Suresh Iyer 1177,"{""email"": ""customer6177@example.com"", ""phone"": ""6960340589""}","{""city"": ""Vellore"", ""country"": ""India"", ""state"": ""Tamil Nadu""}",Individual,2024-12-22,659237.59,Active
6178,Keerthi Pillai 1178,"{""email"": ""customer6178@example.com"", ""phone"": ""6323419072""}","{""city"": ""Delhi"", ""country"": ""India"", ""state"": ""Delhi""}",Individual,2020-06-23,377363.05,Inactive
6179,Suresh Das 1179,"{""email"": ""customer6179@example.com"", ""phone"": ""9454663932""}","{""city"": ""Ahmedabad"", ""country"": ""India"", ""state"": ""Gujarat""}",Wholesale,2023-11-22,114335.44,Active
6180,Manoj Bose 1180,"{""email"": ""customer6180@example.com"", ""phone"": ""6374046137""}","{""city"": ""Jaipur"", ""country"": ""India"", ""state"": ""Rajasthan""}",Wholesale,2018-07-06,726648.54,Active
6181,Meena Kumar 1181,"{""email"": ""customer6181@example.com"", ""phone"": ""9994846936""}","{""city"": ""Pune"", ""country"": ""India"", ""state"": ""Maharashtra""}",Individual,2018-11-27,367575.16,Active
6182,Divya Kapoor 1182,"{""email"": ""customer6182@example.com"", ""phone"": ""6879749786""}","{""city"": ""Kolkata"", ""country"": ""India"", ""state"": ""West Bengal""}",Retail,2021-05-07,268436.65,Active
6183,Aditya Das 1183,"{""email"": ""customer6183@example.com"", ""phone"": ""7221379216""}","{""city"": ""Chennai"", ""country"": ""India"", ""state"": ""Tamil Nadu""}",Retail,2026-08-15,166348.9,Active
6184,Pooja Joshi 1184,"{""email"": ""customer6184@example.com"", ""phone"": ""6619530409""}","{""city"": ""Hyderabad"", ""country"": ""India"", ""state"": ""Telangana""}",Individual,2019-12-14,805719.24,Active
6185,Amit Rao 1185,"{""email"": ""customer6185@example.com"", ""phone"": ""8146522424""}","{""city"": ""Hyderabad"", ""country"": ""India"", ""state"": ""Telangana""}",Wholesale,2021-01-20,152220.89,Active
6186,Karthik Bose 1186,"{""email"": ""customer6186@example.com"", ""phone"": ""8074549424""}","{""city"": ""Coimbatore"", ""country"": ""India"", ""state"": ""Tamil Nadu""}",Individual,2024-09-08,613934.24,Inactive
6187,Vikram Naidu 1187,"{""email"": ""customer6187@example.com"", ""phone"": ""9047524042""}","{""city"": ""Coimbatore"", ""country"": ""India"", ""state"": ""Tamil Nadu""}",Individual,2023-02-14,567575.73,Active
6188,Pooja Shah 1188,"{""email"": ""customer6188@example.com"", ""phone"": ""9890291521""}","{""city"": ""Kolkata"", ""country"": ""India"", ""state"": ""West Bengal""}",Corporate,2020-07-05,242663.83,Active
6189,Ananya Naidu 1189,"{""email"": ""customer6189@example.com"", ""phone"": ""9915017666""}","{""city"": ""Coimbatore"", ""country"": ""India"", ""state"": ""Tamil Nadu""}",Retail,2023-09-04,408515.38,Active
6190,Kavya Mehta 1190,"{""email"": ""customer6190@example.com"", ""phone"": ""7899766896""}","{""city"": ""Hyderabad"", ""country"": ""India"", ""state"": ""Telangana""}",Wholesale,2018-05-26,279704.19,Inactive
6191,Ananya Rao 1191,"{""email"": ""customer6191@example.com"", ""phone"": ""7722004507""}","{""city"": ""Pune"", ""country"": ""India"", ""state"": ""Maharashtra""}",Retail,2023-12-06,528142.86,Active
6192,Rahul Shah 1192,"{""email"": ""customer6192@example.com"", ""phone"": ""7592173010""}","{""city"": ""Vellore"", ""country"": ""India"", ""state"": ""Tamil Nadu""}",Individual,2024-10-06,474840.59,Active
6193,Karthik Menon 1193,"{""email"": ""customer6193@example.com"", ""phone"": ""7119056226""}","{""city"": ""Kochi"", ""country"": ""India"", ""state"": ""Kerala""}",Retail,2020-11-18,53436.06,Active
6194,Ravi Mishra 1194,"{""email"": ""customer6194@example.com"", ""phone"": ""7115902728""}","{""city"": ""Mumbai"", ""country"": ""India"", ""state"": ""Maharashtra""}",Wholesale,2018-11-01,716495.39,Inactive
6195,Manoj Mishra 1195,"{""email"": ""customer6195@example.com"", ""phone"": ""8223320172""}","{""city"": ""Delhi"", ""country"": ""India"", ""state"": ""Delhi""}",Wholesale,2024-07-10,137155.51,Active
6196,Amit Sharma 1196,"{""email"": ""customer6196@example.com"", ""phone"": ""8127734424""}","{""city"": ""Bengaluru"", ""country"": ""India"", ""state"": ""Karnataka""}",Corporate,2019-03-15,216594.95,Active
6197,Ananya Gupta 1197,"{""email"": ""customer6197@example.com"", ""phone"": ""7556100457""}","{""city"": ""Kolkata"", ""country"": ""India"", ""state"": ""West Bengal""}",Corporate,2020-11-28,304764.2,Inactive
6198,Arun Singh 1198,"{""email"": ""customer6198@example.com"", ""phone"": ""9779390942""}","{""city"": ""Kolkata"", ""country"": ""India"", ""state"": ""West Bengal""}",Wholesale,2026-02-13,811752.57,Active
6199,Ravi Rao 1199,"{""email"": ""customer6199@example.com"", ""phone"": ""7749700723""}","{""city"": ""Delhi"", ""country"": ""India"", ""state"": ""Delhi""}",Individual,2024-12-27,812226.0,Active
6200,Kavya Rao 1200,"{""email"": ""customer6200@example.com"", ""phone"": ""8893016206""}","{""city"": ""Jaipur"", ""country"": ""India"", ""state"": ""Rajasthan""}",Retail,2019-01-21,867759.17,Active
6201,Keerthi Bose 1201,"{""email"": ""customer6201@example.com"", ""phone"": ""9519118045""}","{""city"": ""Jaipur"", ""country"": ""India"", ""state"": ""Rajasthan""}",Corporate,2019-11-06,942138.12,Active
6202,Arun Reddy 1202,"{""email"": ""customer6202@example.com"", ""phone"": ""6578397282""}","{""city"": ""Hyderabad"", ""country"": ""India"", ""state"": ""Telangana""}",Retail,2022-09-23,487955.23,Active
6203,Sneha Joshi 1203,"{""email"": ""customer6203@example.com"", ""phone"": ""8779594149""}","{""city"": ""Delhi"", ""country"": ""India"", ""state"": ""Delhi""}",Wholesale,2025-12-04,214769.56,Active
6204,Karthik Gupta 1204,"{""email"": ""customer6204@example.com"", ""phone"": ""8093596351""}","{""city"": ""Chennai"", ""country"": ""India"", ""state"": ""Tamil Nadu""}",Wholesale,2019-11-15,38658.9,Active
6205,Manoj Mehta 1205,"{""email"": ""customer6205@example.com"", ""phone"": ""9150893343""}","{""city"": ""Jaipur"", ""country"": ""India"", ""state"": ""Rajasthan""}",Corporate,2021-01-26,187409.98,Active
6206,Aditya Joshi 1206,"{""email"": ""customer6206@example.com"", ""phone"": ""7399269647""}","{""city"": ""Pune"", ""country"": ""India"", ""state"": ""Maharashtra""}",Wholesale,2022-02-20,57113.12,Active
6207,Sneha Iyer 1207,"{""email"": ""customer6207@example.com"", ""phone"": ""9528002848""}","{""city"": ""Bengaluru"", ""country"": ""India"", ""state"": ""Karnataka""}",Retail,2025-07-09,648956.59,Active
6208,Suresh Naidu 1208,"{""email"": ""customer6208@example.com"", ""phone"": ""9773428444""}","{""city"": ""Coimbatore"", ""country"": ""India"", ""state"": ""Tamil Nadu""}",Retail,2026-01-06,337240.55,Active
6209,Arun Verma 1209,"{""email"": ""customer6209@example.com"", ""phone"": ""8489424835""}","{""city"": ""Pune"", ""country"": ""India"", ""state"": ""Maharashtra""}",Individual,2018-01-18,677399.21,Active
6210,Arun Das 1210,"{""email"": ""customer6210@example.com"", ""phone"": ""6000218290""}","{""city"": ""Kolkata"", ""country"": ""India"", ""state"": ""West Bengal""}",Individual,2026-09-01,348875.29,Active
6211,Swathi Shah 1211,"{""email"": ""customer6211@example.com"", ""phone"": ""8704235146""}","{""city"": ""Kolkata"", ""country"": ""India"", ""state"": ""West Bengal""}",Corporate,2020-09-13,791327.21,Active
6212,Meena Kumar 1212,"{""email"": ""customer6212@example.com"", ""phone"": ""7951218148""}","{""city"": ""Jaipur"", ""country"": ""India"", ""state"": ""Rajasthan""}",Individual,2020-01-25,84878.78,Active
6213,Vikram Nair 1213,"{""email"": ""customer6213@example.com"", ""phone"": ""6880762485""}","{""city"": ""Vellore"", ""country"": ""India"", ""state"": ""Tamil Nadu""}",Retail,2024-10-24,394000.18,Active
6214,Rahul Verma 1214,"{""email"": ""customer6214@example.com"", ""phone"": ""9655964173""}","{""city"": ""Coimbatore"", ""country"": ""India"", ""state"": ""Tamil Nadu""}",Individual,2019-06-09,976150.56,Inactive
6215,Ananya Mishra 1215,"{""email"": ""customer6215@example.com"", ""phone"": ""9151880056""}","{""city"": ""Chennai"", ""country"": ""India"", ""state"": ""Tamil Nadu""}",Corporate,2025-01-27,629159.26,Active
6216,Manoj Pillai 1216,"{""email"": ""customer6216@example.com"", ""phone"": ""6930547744""}","{""city"": ""Kochi"", ""country"": ""India"", ""state"": ""Kerala""}",Wholesale,2022-03-22,549489.23,Active
6217,Meena Naidu 1217,"{""email"": ""customer6217@example.com"", ""phone"": ""8502359223""}","{""city"": ""Hyderabad"", ""country"": ""India"", ""state"": ""Telangana""}",Retail,2020-12-13,653743.68,Active
6218,Priya Mehta 1218,"{""email"": ""customer6218@example.com"", ""phone"": ""6604712405""}","{""city"": ""Mumbai"", ""country"": ""India"", ""state"": ""Maharashtra""}",Corporate,2023-10-03,941642.28,Active
6219,Ananya Bose 1219,"{""email"": ""customer6219@example.com"", ""phone"": ""8789405002""}","{""city"": ""Kolkata"", ""country"": ""India"", ""state"": ""West Bengal""}",Corporate,2026-06-15,280980.97,Active
6220,Amit Patel 1220,"{""email"": ""customer6220@example.com"", ""phone"": ""8845896904""}","{""city"": ""Jaipur"", ""country"": ""India"", ""state"": ""Rajasthan""}",Individual,2026-10-04,366391.13,Inactive
6221,Arun Iyer 1221,"{""email"": ""customer6221@example.com"", ""phone"": ""8521227785""}","{""city"": ""Kolkata"", ""country"": ""India"", ""state"": ""West Bengal""}",Retail,2025-06-07,109135.39,Active
6222,Aditya Rao 1222,"{""email"": ""customer6222@example.com"", ""phone"": ""6276957830""}","{""city"": ""Ahmedabad"", ""country"": ""India"", ""state"": ""Gujarat""}",Retail,2018-11-28,481315.8,Active
6223,Vikram Mishra 1223,"{""email"": ""customer6223@example.com"", ""phone"": ""8558935009""}","{""city"": ""Jaipur"", ""country"": ""India"", ""state"": ""Rajasthan""}",Individual,2020-11-02,292967.56,Active
6224,Aditya Reddy 1224,"{""email"": ""customer6224@example.com"", ""phone"": ""8032404069""}","{""city"": ""Kolkata"", ""country"": ""India"", ""state"": ""West Bengal""}",Corporate,2019-02-18,525490.01,Active
6225,Nikhil Gupta 1225,"{""email"": ""customer6225@example.com"", ""phone"": ""8520736883""}","{""city"": ""Kolkata"", ""country"": ""India"", ""state"": ""West Bengal""}",Wholesale,2022-09-24,66853.49,Active
6226,Swathi Joshi 1226,"{""email"": ""customer6226@example.com"", ""phone"": ""7488612912""}","{""city"": ""Coimbatore"", ""country"": ""India"", ""state"": ""Tamil Nadu""}",Individual,2024-03-18,980549.59,Active
6227,Arun Verma 1227,"{""email"": ""customer6227@example.com"", ""phone"": ""7962075173""}","{""city"": ""Coimbatore"", ""country"": ""India"", ""state"": ""Tamil Nadu""}",Individual,2018-01-18,103325.23,Active
6228,Sneha Mishra 1228,"{""email"": ""customer6228@example.com"", ""phone"": ""7380875450""}","{""city"": ""Hyderabad"", ""country"": ""India"", ""state"": ""Telangana""}",Corporate,2021-11-22,666155.92,Active
6229,Ravi Pillai 1229,"{""email"": ""customer6229@example.com"", ""phone"": ""8148420778""}","{""city"": ""Mumbai"", ""country"": ""India"", ""state"": ""Maharashtra""}",Individual,2023-12-25,709647.5,Active
6230,Sneha Naidu 1230,"{""email"": ""customer6230@example.com"", ""phone"": ""6477684435""}","{""city"": ""Pune"", ""country"": ""India"", ""state"": ""Maharashtra""}",Corporate,2018-01-04,785887.34,Active
6231,Karthik Mehta 1231,"{""email"": ""customer6231@example.com"", ""phone"": ""8772494224""}","{""city"": ""Coimbatore"", ""country"": ""India"", ""state"": ""Tamil Nadu""}",Wholesale,2022-12-06,790104.01,Active
6232,Keerthi Sharma 1232,"{""email"": ""customer6232@example.com"", ""phone"": ""7688551262""}","{""city"": ""Chennai"", ""country"": ""India"", ""state"": ""Tamil Nadu""}",Retail,2020-06-04,906543.77,Active
6233,Ravi Shah 1233,"{""email"": ""customer6233@example.com"", ""phone"": ""8959644615""}","{""city"": ""Hyderabad"", ""country"": ""India"", ""state"": ""Telangana""}",Retail,2024-01-20,900101.17,Active
6234,Pooja Joshi 1234,"{""email"": ""customer6234@example.com"", ""phone"": ""7042886924""}","{""city"": ""Kolkata"", ""country"": ""India"", ""state"": ""West Bengal""}",Individual,2025-08-10,945327.24,Active
6235,Manoj Mehta 1235,"{""email"": ""customer6235@example.com"", ""phone"": ""6127196798""}","{""city"": ""Mumbai"", ""country"": ""India"", ""state"": ""Maharashtra""}",Individual,2025-03-22,862188.15,Active
6236,Pooja Rao 1236,"{""email"": ""customer6236@example.com"", ""phone"": ""8695323134""}","{""city"": ""Chennai"", ""country"": ""India"", ""state"": ""Tamil Nadu""}",Individual,2024-04-09,517267.76,Active
6237,Vikram Singh 1237,"{""email"": ""customer6237@example.com"", ""phone"": ""6066185685""}","{""city"": ""Coimbatore"", ""country"": ""India"", ""state"": ""Tamil Nadu""}",Wholesale,2018-11-05,786460.89,Active
6238,Amit Naidu 1238,"{""email"": ""customer6238@example.com"", ""phone"": ""9327023897""}","{""city"": ""Mumbai"", ""country"": ""India"", ""state"": ""Maharashtra""}",Corporate,2025-04-07,932492.55,Active
6239,Ravi Verma 1239,"{""email"": ""customer6239@example.com"", ""phone"": ""6596065686""}","{""city"": ""Pune"", ""country"": ""India"", ""state"": ""Maharashtra""}",Wholesale,2023-08-12,521200.05,Active
6240,Amit Joshi 1240,"{""email"": ""customer6240@example.com"", ""phone"": ""7148359649""}","{""city"": ""Pune"", ""country"": ""India"", ""state"": ""Maharashtra""}",Retail,2026-06-01,537014.69,Active
6241,Suresh Sharma 1241,"{""email"": ""customer6241@example.com"", ""phone"": ""6220211022""}","{""city"": ""Hyderabad"", ""country"": ""India"", ""state"": ""Telangana""}",Individual,2026-08-04,196358.39,Active
6242,Suresh Das 1242,"{""email"": ""customer6242@example.com"", ""phone"": ""7227133042""}","{""city"": ""Pune"", ""country"": ""India"", ""state"": ""Maharashtra""}",Retail,2022-06-28,631161.5,Active
6243,Swathi Rao 1243,"{""email"": ""customer6243@example.com"", ""phone"": ""7236211151""}","{""city"": ""Ahmedabad"", ""country"": ""India"", ""state"": ""Gujarat""}",Retail,2022-11-21,30901.67,Active
6244,Sneha Joshi 1244,"{""email"": ""customer6244@example.com"", ""phone"": ""6910568316""}","{""city"": ""Kochi"", ""country"": ""India"", ""state"": ""Kerala""}",Corporate,2022-06-02,495322.92,Active
6245,Kavya Kapoor 1245,"{""email"": ""customer6245@example.com"", ""phone"": ""7691794167""}","{""city"": ""Mumbai"", ""country"": ""India"", ""state"": ""Maharashtra""}",Individual,2019-02-17,217877.95,Active
6246,Divya Nair 1246,"{""email"": ""customer6246@example.com"", ""phone"": ""6765210130""}","{""city"": ""Mumbai"", ""country"": ""India"", ""state"": ""Maharashtra""}",Individual,2023-06-19,673542.15,Active
6247,Aditya Mehta 1247,"{""email"": ""customer6247@example.com"", ""phone"": ""7976821440""}","{""city"": ""Jaipur"", ""country"": ""India"", ""state"": ""Rajasthan""}",Retail,2020-05-03,725830.63,Active
6248,Neha Mishra 1248,"{""email"": ""customer6248@example.com"", ""phone"": ""8994177286""}","{""city"": ""Chennai"", ""country"": ""India"", ""state"": ""Tamil Nadu""}",Retail,2019-12-23,312149.27,Active
6249,Aditya Kumar 1249,"{""email"": ""customer6249@example.com"", ""phone"": ""9719735268""}","{""city"": ""Pune"", ""country"": ""India"", ""state"": ""Maharashtra""}",Wholesale,2018-05-18,613524.41,Active
6250,Keerthi Gupta 1250,"{""email"": ""customer6250@example.com"", ""phone"": ""8020046948""}","{""city"": ""Hyderabad"", ""country"": ""India"", ""state"": ""Telangana""}",Wholesale,2021-11-14,998845.92,Active
6251,Swathi Naidu 1251,"{""email"": ""customer6251@example.com"", ""phone"": ""8500972252""}","{""city"": ""Jaipur"", ""country"": ""India"", ""state"": ""Rajasthan""}",Corporate,2022-08-13,722445.98,Active
6252,Nikhil Mishra 1252,"{""email"": ""customer6252@example.com"", ""phone"": ""7645399051""}","{""city"": ""Pune"", ""country"": ""India"", ""state"": ""Maharashtra""}",Wholesale,2019-12-17,968391.96,Active
6253,Meena Patel 1253,"{""email"": ""customer6253@example.com"", ""phone"": ""9390512548""}","{""city"": ""Jaipur"", ""country"": ""India"", ""state"": ""Rajasthan""}",Retail,2018-09-10,643617.46,Active
6254,Priya Kumar 1254,"{""email"": ""customer6254@example.com"", ""phone"": ""9691699980""}","{""city"": ""Vellore"", ""country"": ""India"", ""state"": ""Tamil Nadu""}",Wholesale,2025-10-24,213872.76,Active
6255,Nikhil Rao 1255,"{""email"": ""customer6255@example.com"", ""phone"": ""6266789508""}","{""city"": ""Pune"", ""country"": ""India"", ""state"": ""Maharashtra""}",Corporate,2018-06-11,909014.47,Inactive
6256,Ravi Naidu 1256,"{""email"": ""customer6256@example.com"", ""phone"": ""9274988138""}","{""city"": ""Kolkata"", ""country"": ""India"", ""state"": ""West Bengal""}",Retail,2022-06-20,437872.64,Active
6257,Amit Bose 1257,"{""email"": ""customer6257@example.com"", ""phone"": ""6388554998""}","{""city"": ""Ahmedabad"", ""country"": ""India"", ""state"": ""Gujarat""}",Corporate,2019-11-06,58874.43,Active
6258,Swathi Das 1258,"{""email"": ""customer6258@example.com"", ""phone"": ""7497025778""}","{""city"": ""Delhi"", ""country"": ""India"", ""state"": ""Delhi""}",Wholesale,2021-02-26,131385.31,Active
6259,Vikram Singh 1259,"{""email"": ""customer6259@example.com"", ""phone"": ""6757808580""}","{""city"": ""Kochi"", ""country"": ""India"", ""state"": ""Kerala""}",Wholesale,2022-06-19,700710.53,Active
6260,Sneha Shah 1260,"{""email"": ""customer6260@example.com"", ""phone"": ""6333120893""}","{""city"": ""Kochi"", ""country"": ""India"", ""state"": ""Kerala""}",Individual,2020-05-12,771710.08,Inactive
6261,Meena Menon 1261,"{""email"": ""customer6261@example.com"", ""phone"": ""6441024765""}","{""city"": ""Kochi"", ""country"": ""India"", ""state"": ""Kerala""}",Wholesale,2025-05-25,607005.98,Active
6262,Priya Iyer 1262,"{""email"": ""customer6262@example.com"", ""phone"": ""6882762883""}","{""city"": ""Pune"", ""country"": ""India"", ""state"": ""Maharashtra""}",Individual,2021-03-16,478055.12,Active
6263,Rahul Sharma 1263,"{""email"": ""customer6263@example.com"", ""phone"": ""7633544205""}","{""city"": ""Chennai"", ""country"": ""India"", ""state"": ""Tamil Nadu""}",Individual,2020-09-24,786645.9,Active
6264,Meena Singh 1264,"{""email"": ""customer6264@example.com"", ""phone"": ""7201882073""}","{""city"": ""Pune"", ""country"": ""India"", ""state"": ""Maharashtra""}",Retail,2021-05-09,27008.31,Active
6265,Ravi Joshi 1265,"{""email"": ""customer6265@example.com"", ""phone"": ""7192850359""}","{""city"": ""Kochi"", ""country"": ""India"", ""state"": ""Kerala""}",Individual,2024-04-08,717591.4,Active
6266,Priya Nair 1266,"{""email"": ""customer6266@example.com"", ""phone"": ""7420664143""}","{""city"": ""Ahmedabad"", ""country"": ""India"", ""state"": ""Gujarat""}",Corporate,2026-11-16,117271.93,Active
6267,Suresh Verma 1267,"{""email"": ""customer6267@example.com"", ""phone"": ""9669890469""}","{""city"": ""Vellore"", ""country"": ""India"", ""state"": ""Tamil Nadu""}",Individual,2022-11-21,487976.44,Active
6268,Priya Gupta 1268,"{""email"": ""customer6268@example.com"", ""phone"": ""9136277793""}","{""city"": ""Jaipur"", ""country"": ""India"", ""state"": ""Rajasthan""}",Wholesale,2024-09-12,547584.66,Active
6269,Sneha Rao 1269,"{""email"": ""customer6269@example.com"", ""phone"": ""8813796206""}","{""city"": ""Chennai"", ""country"": ""India"", ""state"": ""Tamil Nadu""}",Retail,2020-12-08,174921.01,Active
6270,Suresh Sharma 1270,"{""email"": ""customer6270@example.com"", ""phone"": ""9280682169""}","{""city"": ""Chennai"", ""country"": ""India"", ""state"": ""Tamil Nadu""}",Retail,2023-12-12,897498.02,Inactive
6271,Ravi Bose 1271,"{""email"": ""customer6271@example.com"", ""phone"": ""9920191050""}","{""city"": ""Bengaluru"", ""country"": ""India"", ""state"": ""Karnataka""}",Corporate,2018-01-09,486439.06,Active
6272,Swathi Shah 1272,"{""email"": ""customer6272@example.com"", ""phone"": ""6153591271""}","{""city"": ""Coimbatore"", ""country"": ""India"", ""state"": ""Tamil Nadu""}",Wholesale,2021-05-02,433359.2,Active
6273,Ravi Verma 1273,"{""email"": ""customer6273@example.com"", ""phone"": ""7725911613""}","{""city"": ""Jaipur"", ""country"": ""India"", ""state"": ""Rajasthan""}",Corporate,2021-04-11,521390.92,Active
6274,Divya Singh 1274,"{""email"": ""customer6274@example.com"", ""phone"": ""8630771689""}","{""city"": ""Vellore"", ""country"": ""India"", ""state"": ""Tamil Nadu""}",Retail,2026-03-18,314660.9,Active
6275,Ravi Verma 1275,"{""email"": ""customer6275@example.com"", ""phone"": ""8097366023""}","{""city"": ""Ahmedabad"", ""country"": ""India"", ""state"": ""Gujarat""}",Corporate,2026-01-02,829974.56,Active
6276,Ananya Joshi 1276,"{""email"": ""customer6276@example.com"", ""phone"": ""8704383752""}","{""city"": ""Kolkata"", ""country"": ""India"", ""state"": ""West Bengal""}",Retail,2018-08-20,25944.94,Active
6277,Ravi Kumar 1277,"{""email"": ""customer6277@example.com"", ""phone"": ""6440620219""}","{""city"": ""Chennai"", ""country"": ""India"", ""state"": ""Tamil Nadu""}",Retail,2022-05-15,812122.24,Active
6278,Sneha Bose 1278,"{""email"": ""customer6278@example.com"", ""phone"": ""8556593189""}","{""city"": ""Pune"", ""country"": ""India"", ""state"": ""Maharashtra""}",Individual,2024-06-26,654387.62,Active
6279,Ananya Nair 1279,"{""email"": ""customer6279@example.com"", ""phone"": ""6867392758""}","{""city"": ""Pune"", ""country"": ""India"", ""state"": ""Maharashtra""}",Corporate,2025-12-23,307236.38,Active
6280,Suresh Patel 1280,"{""email"": ""customer6280@example.com"", ""phone"": ""8465971826""}","{""city"": ""Bengaluru"", ""country"": ""India"", ""state"": ""Karnataka""}",Individual,2018-01-13,870718.44,Active
6281,Suresh Joshi 1281,"{""email"": ""customer6281@example.com"", ""phone"": ""9259021955""}","{""city"": ""Ahmedabad"", ""country"": ""India"", ""state"": ""Gujarat""}",Corporate,2025-02-24,356384.19,Active
6282,Ananya Sharma 1282,"{""email"": ""customer6282@example.com"", ""phone"": ""9592043803""}","{""city"": ""Jaipur"", ""country"": ""India"", ""state"": ""Rajasthan""}",Corporate,2019-05-23,558897.36,Active
6283,Amit Reddy 1283,"{""email"": ""customer6283@example.com"", ""phone"": ""7157790089""}","{""city"": ""Coimbatore"", ""country"": ""India"", ""state"": ""Tamil Nadu""}",Individual,2021-03-18,722877.93,Active
6284,Ananya Gupta 1284,"{""email"": ""customer6284@example.com"", ""phone"": ""9170731625""}","{""city"": ""Hyderabad"", ""country"": ""India"", ""state"": ""Telangana""}",Corporate,2023-05-05,191539.24,Active
6285,Priya Kumar 1285,"{""email"": ""customer6285@example.com"", ""phone"": ""6116949227""}","{""city"": ""Coimbatore"", ""country"": ""India"", ""state"": ""Tamil Nadu""}",Individual,2021-12-05,210914.39,Active
6286,Vikram Gupta 1286,"{""email"": ""customer6286@example.com"", ""phone"": ""8844525909""}","{""city"": ""Ahmedabad"", ""country"": ""India"", ""state"": ""Gujarat""}",Corporate,2020-09-22,349588.04,Active
6287,Sneha Das 1287,"{""email"": ""customer6287@example.com"", ""phone"": ""9259590424""}","{""city"": ""Delhi"", ""country"": ""India"", ""state"": ""Delhi""}",Corporate,2019-12-08,614061.93,Inactive
6288,Keerthi Gupta 1288,"{""email"": ""customer6288@example.com"", ""phone"": ""9840865721""}","{""city"": ""Vellore"", ""country"": ""India"", ""state"": ""Tamil Nadu""}",Wholesale,2025-07-06,422701.28,Active
6289,Manoj Mehta 1289,"{""email"": ""customer6289@example.com"", ""phone"": ""9728892608""}","{""city"": ""Pune"", ""country"": ""India"", ""state"": ""Maharashtra""}",Retail,2022-01-25,471912.71,Inactive
6290,Arun Naidu 1290,"{""email"": ""customer6290@example.com"", ""phone"": ""6812690282""}","{""city"": ""Bengaluru"", ""country"": ""India"", ""state"": ""Karnataka""}",Individual,2024-02-09,650890.21,Active
6291,Neha Sharma 1291,"{""email"": ""customer6291@example.com"", ""phone"": ""6553450579""}","{""city"": ""Chennai"", ""country"": ""India"", ""state"": ""Tamil Nadu""}",Retail,2024-04-08,949704.0,Active
6292,Vikram Pillai 1292,"{""email"": ""customer6292@example.com"", ""phone"": ""6295751788""}","{""city"": ""Kochi"", ""country"": ""India"", ""state"": ""Kerala""}",Retail,2023-07-16,752239.67,Active
6293,Ananya Rao 1293,"{""email"": ""customer6293@example.com"", ""phone"": ""7379763193""}","{""city"": ""Bengaluru"", ""country"": ""India"", ""state"": ""Karnataka""}",Retail,2024-03-19,715001.15,Active
6294,Vikram Rao 1294,"{""email"": ""customer6294@example.com"", ""phone"": ""6834275659""}","{""city"": ""Bengaluru"", ""country"": ""India"", ""state"": ""Karnataka""}",Corporate,2026-12-24,87427.19,Active
6295,Vikram Bose 1295,"{""email"": ""customer6295@example.com"", ""phone"": ""9668522545""}","{""city"": ""Ahmedabad"", ""country"": ""India"", ""state"": ""Gujarat""}",Corporate,2020-03-06,216873.5,Active
6296,Vikram Nair 1296,"{""email"": ""customer6296@example.com"", ""phone"": ""6934029167""}","{""city"": ""Vellore"", ""country"": ""India"", ""state"": ""Tamil Nadu""}",Wholesale,2021-09-11,611352.86,Active
6297,Keerthi Rao 1297,"{""email"": ""customer6297@example.com"", ""phone"": ""9948667801""}","{""city"": ""Coimbatore"", ""country"": ""India"", ""state"": ""Tamil Nadu""}",Individual,2025-11-01,880510.87,Active
6298,Karthik Menon 1298,"{""email"": ""customer6298@example.com"", ""phone"": ""9970448297""}","{""city"": ""Hyderabad"", ""country"": ""India"", ""state"": ""Telangana""}",Corporate,2022-02-06,205886.81,Inactive
6299,Arun Bose 1299,"{""email"": ""customer6299@example.com"", ""phone"": ""8857623347""}","{""city"": ""Hyderabad"", ""country"": ""India"", ""state"": ""Telangana""}",Corporate,2023-07-15,585899.99,Active
6300,Amit Nair 1300,"{""email"": ""customer6300@example.com"", ""phone"": ""8981299163""}","{""city"": ""Kochi"", ""country"": ""India"", ""state"": ""Kerala""}",Corporate,2023-01-09,216700.48,Inactive
6301,Sneha Naidu 1301,"{""email"": ""customer6301@example.com"", ""phone"": ""9517575185""}","{""city"": ""Hyderabad"", ""country"": ""India"", ""state"": ""Telangana""}",Corporate,2019-06-07,227042.31,Active
6302,Aditya Kumar 1302,"{""email"": ""customer6302@example.com"", ""phone"": ""7461772518""}","{""city"": ""Kolkata"", ""country"": ""India"", ""state"": ""West Bengal""}",Corporate,2023-10-03,768383.41,Active
6303,Nikhil Verma 1303,"{""email"": ""customer6303@example.com"", ""phone"": ""8449774013""}","{""city"": ""Kochi"", ""country"": ""India"", ""state"": ""Kerala""}",Wholesale,2022-06-18,82716.01,Active
6304,Suresh Nair 1304,"{""email"": ""customer6304@example.com"", ""phone"": ""9182818532""}","{""city"": ""Coimbatore"", ""country"": ""India"", ""state"": ""Tamil Nadu""}",Corporate,2023-08-05,38658.55,Active
6305,Amit Mehta 1305,"{""email"": ""customer6305@example.com"", ""phone"": ""9493472946""}","{""city"": ""Kolkata"", ""country"": ""India"", ""state"": ""West Bengal""}",Wholesale,2024-02-18,515381.44,Active
6306,Ravi Nair 1306,"{""email"": ""customer6306@example.com"", ""phone"": ""9191824480""}","{""city"": ""Jaipur"", ""country"": ""India"", ""state"": ""Rajasthan""}",Individual,2025-05-15,287155.27,Active
6307,Manoj Joshi 1307,"{""email"": ""customer6307@example.com"", ""phone"": ""8454041932""}","{""city"": ""Mumbai"", ""country"": ""India"", ""state"": ""Maharashtra""}",Corporate,2024-06-02,672957.52,Active
6308,Sneha Iyer 1308,"{""email"": ""customer6308@example.com"", ""phone"": ""8909786483""}","{""city"": ""Jaipur"", ""country"": ""India"", ""state"": ""Rajasthan""}",Wholesale,2018-12-06,807777.57,Active
6309,Kavya Sharma 1309,"{""email"": ""customer6309@example.com"", ""phone"": ""9831791631""}","{""city"": ""Kochi"", ""country"": ""India"", ""state"": ""Kerala""}",Wholesale,2022-11-04,371209.44,Active
6310,Amit Pillai 1310,"{""email"": ""customer6310@example.com"", ""phone"": ""7914256837""}","{""city"": ""Jaipur"", ""country"": ""India"", ""state"": ""Rajasthan""}",Retail,2022-02-05,898937.08,Active
6311,Sneha Kapoor 1311,"{""email"": ""customer6311@example.com"", ""phone"": ""7727849648""}","{""city"": ""Jaipur"", ""country"": ""India"", ""state"": ""Rajasthan""}",Wholesale,2022-01-24,496775.96,Active
6312,Karthik Menon 1312,"{""email"": ""customer6312@example.com"", ""phone"": ""9263011082""}","{""city"": ""Pune"", ""country"": ""India"", ""state"": ""Maharashtra""}",Corporate,2022-03-27,978952.57,Active
6313,Suresh Iyer 1313,"{""email"": ""customer6313@example.com"", ""phone"": ""7752242935""}","{""city"": ""Pune"", ""country"": ""India"", ""state"": ""Maharashtra""}",Individual,2023-05-28,312558.52,Active
6314,Ravi Iyer 1314,"{""email"": ""customer6314@example.com"", ""phone"": ""9820932876""}","{""city"": ""Chennai"", ""country"": ""India"", ""state"": ""Tamil Nadu""}",Wholesale,2021-08-03,210312.6,Active
6315,Amit Naidu 1315,"{""email"": ""customer6315@example.com"", ""phone"": ""7062825740""}","{""city"": ""Ahmedabad"", ""country"": ""India"", ""state"": ""Gujarat""}",Individual,2019-06-22,628618.67,Active
6316,Vikram Nair 1316,"{""email"": ""customer6316@example.com"", ""phone"": ""7561009929""}","{""city"": ""Mumbai"", ""country"": ""India"", ""state"": ""Maharashtra""}",Corporate,2021-12-03,744186.9,Active
6317,Manoj Mishra 1317,"{""email"": ""customer6317@example.com"", ""phone"": ""6265164209""}","{""city"": ""Hyderabad"", ""country"": ""India"", ""state"": ""Telangana""}",Retail,2025-05-15,452359.17,Active
6318,Swathi Pillai 1318,"{""email"": ""customer6318@example.com"", ""phone"": ""8694041056""}","{""city"": ""Pune"", ""country"": ""India"", ""state"": ""Maharashtra""}",Corporate,2022-05-06,61088.45,Inactive
6319,Rahul Sharma 1319,"{""email"": ""customer6319@example.com"", ""phone"": ""9142785774""}","{""city"": ""Kochi"", ""country"": ""India"", ""state"": ""Kerala""}",Individual,2018-08-17,739833.45,Active
6320,Arun Verma 1320,"{""email"": ""customer6320@example.com"", ""phone"": ""7682462485""}","{""city"": ""Hyderabad"", ""country"": ""India"", ""state"": ""Telangana""}",Wholesale,2022-09-25,943883.54,Active
6321,Keerthi Kumar 1321,"{""email"": ""customer6321@example.com"", ""phone"": ""6109601408""}","{""city"": ""Kochi"", ""country"": ""India"", ""state"": ""Kerala""}",Wholesale,2026-08-10,274772.6,Active
6322,Meena Patel 1322,"{""email"": ""customer6322@example.com"", ""phone"": ""9143767348""}","{""city"": ""Chennai"", ""country"": ""India"", ""state"": ""Tamil Nadu""}",Wholesale,2018-08-06,919577.55,Active
6323,Meena Kumar 1323,"{""email"": ""customer6323@example.com"", ""phone"": ""9062059413""}","{""city"": ""Chennai"", ""country"": ""India"", ""state"": ""Tamil Nadu""}",Retail,2022-10-20,306934.13,Active
6324,Pooja Sharma 1324,"{""email"": ""customer6324@example.com"", ""phone"": ""8882975680""}","{""city"": ""Vellore"", ""country"": ""India"", ""state"": ""Tamil Nadu""}",Wholesale,2020-02-02,692931.5,Active
6325,Arun Singh 1325,"{""email"": ""customer6325@example.com"", ""phone"": ""6378664194""}","{""city"": ""Chennai"", ""country"": ""India"", ""state"": ""Tamil Nadu""}",Wholesale,2023-06-26,734741.52,Active
6326,Amit Kumar 1326,"{""email"": ""customer6326@example.com"", ""phone"": ""9310416827""}","{""city"": ""Kolkata"", ""country"": ""India"", ""state"": ""West Bengal""}",Retail,2023-01-13,458750.4,Active
6327,Divya Bose 1327,"{""email"": ""customer6327@example.com"", ""phone"": ""6979012833""}","{""city"": ""Jaipur"", ""country"": ""India"", ""state"": ""Rajasthan""}",Wholesale,2019-05-04,938802.6,Active
6328,Ananya Mishra 1328,"{""email"": ""customer6328@example.com"", ""phone"": ""8036368483""}","{""city"": ""Chennai"", ""country"": ""India"", ""state"": ""Tamil Nadu""}",Individual,2023-02-09,693166.96,Active
6329,Kavya Menon 1329,"{""email"": ""customer6329@example.com"", ""phone"": ""6524693251""}","{""city"": ""Bengaluru"", ""country"": ""India"", ""state"": ""Karnataka""}",Individual,2026-07-04,102290.87,Active
6330,Meena Verma 1330,"{""email"": ""customer6330@example.com"", ""phone"": ""8647146508""}","{""city"": ""Coimbatore"", ""country"": ""India"", ""state"": ""Tamil Nadu""}",Corporate,2025-02-09,281663.54,Active
6331,Divya Shah 1331,"{""email"": ""customer6331@example.com"", ""phone"": ""6802192175""}","{""city"": ""Vellore"", ""country"": ""India"", ""state"": ""Tamil Nadu""}",Wholesale,2024-06-01,364068.91,Active
6332,Nikhil Patel 1332,"{""email"": ""customer6332@example.com"", ""phone"": ""6802697643""}","{""city"": ""Kochi"", ""country"": ""India"", ""state"": ""Kerala""}",Corporate,2018-08-07,31723.86,Active
6333,Karthik Menon 1333,"{""email"": ""customer6333@example.com"", ""phone"": ""9494747874""}","{""city"": ""Kochi"", ""country"": ""India"", ""state"": ""Kerala""}",Corporate,2018-09-21,318125.1,Active
6334,Priya Mehta 1334,"{""email"": ""customer6334@example.com"", ""phone"": ""7840452717""}","{""city"": ""Kolkata"", ""country"": ""India"", ""state"": ""West Bengal""}",Corporate,2024-12-26,334660.97,Inactive
6335,Arun Kapoor 1335,"{""email"": ""customer6335@example.com"", ""phone"": ""9158447014""}","{""city"": ""Bengaluru"", ""country"": ""India"", ""state"": ""Karnataka""}",Corporate,2024-01-04,787586.12,Active
6336,Divya Sharma 1336,"{""email"": ""customer6336@example.com"", ""phone"": ""6110553693""}","{""city"": ""Ahmedabad"", ""country"": ""India"", ""state"": ""Gujarat""}",Individual,2019-12-27,185622.35,Active
6337,Keerthi Iyer 1337,"{""email"": ""customer6337@example.com"", ""phone"": ""8842261964""}","{""city"": ""Ahmedabad"", ""country"": ""India"", ""state"": ""Gujarat""}",Corporate,2025-12-04,528439.34,Active
6338,Keerthi Gupta 1338,"{""email"": ""customer6338@example.com"", ""phone"": ""8674142875""}","{""city"": ""Hyderabad"", ""country"": ""India"", ""state"": ""Telangana""}",Corporate,2019-06-23,805508.92,Active
6339,Priya Iyer 1339,"{""email"": ""customer6339@example.com"", ""phone"": ""7740212470""}","{""city"": ""Bengaluru"", ""country"": ""India"", ""state"": ""Karnataka""}",Retail,2022-12-11,279083.9,Active
6340,Aditya Joshi 1340,"{""email"": ""customer6340@example.com"", ""phone"": ""9607114750""}","{""city"": ""Bengaluru"", ""country"": ""India"", ""state"": ""Karnataka""}",Retail,2026-12-14,896879.54,Active
6341,Vikram Kapoor 1341,"{""email"": ""customer6341@example.com"", ""phone"": ""8751110870""}","{""city"": ""Vellore"", ""country"": ""India"", ""state"": ""Tamil Nadu""}",Corporate,2018-06-03,706367.91,Active
6342,Amit Shah 1342,"{""email"": ""customer6342@example.com"", ""phone"": ""8021839616""}","{""city"": ""Hyderabad"", ""country"": ""India"", ""state"": ""Telangana""}",Retail,2021-01-24,627092.32,Active
6343,Rahul Kumar 1343,"{""email"": ""customer6343@example.com"", ""phone"": ""8118145912""}","{""city"": ""Pune"", ""country"": ""India"", ""state"": ""Maharashtra""}",Individual,2025-08-17,522913.55,Active
6344,Suresh Verma 1344,"{""email"": ""customer6344@example.com"", ""phone"": ""6357532227""}","{""city"": ""Hyderabad"", ""country"": ""India"", ""state"": ""Telangana""}",Corporate,2018-09-20,211220.5,Active
6345,Priya Naidu 1345,"{""email"": ""customer6345@example.com"", ""phone"": ""6774342805""}","{""city"": ""Mumbai"", ""country"": ""India"", ""state"": ""Maharashtra""}",Corporate,2025-10-06,796666.8,Active
6346,Arun Patel 1346,"{""email"": ""customer6346@example.com"", ""phone"": ""7916485955""}","{""city"": ""Kochi"", ""country"": ""India"", ""state"": ""Kerala""}",Corporate,2024-11-06,599889.71,Inactive
6347,Neha Joshi 1347,"{""email"": ""customer6347@example.com"", ""phone"": ""6248875180""}","{""city"": ""Kochi"", ""country"": ""India"", ""state"": ""Kerala""}",Retail,2019-11-05,952327.56,Active
6348,Divya Kumar 1348,"{""email"": ""customer6348@example.com"", ""phone"": ""8892265917""}","{""city"": ""Vellore"", ""country"": ""India"", ""state"": ""Tamil Nadu""}",Corporate,2019-01-18,634165.21,Active
6349,Meena Pillai 1349,"{""email"": ""customer6349@example.com"", ""phone"": ""6088641379""}","{""city"": ""Coimbatore"", ""country"": ""India"", ""state"": ""Tamil Nadu""}",Retail,2025-07-16,247813.32,Active
6350,Neha Joshi 1350,"{""email"": ""customer6350@example.com"", ""phone"": ""8760665746""}","{""city"": ""Bengaluru"", ""country"": ""India"", ""state"": ""Karnataka""}",Retail,2023-01-13,442503.29,Active
6351,Arun Sharma 1351,"{""email"": ""customer6351@example.com"", ""phone"": ""7459253784""}","{""city"": ""Mumbai"", ""country"": ""India"", ""state"": ""Maharashtra""}",Individual,2023-01-17,686807.28,Active
6352,Aditya Nair 1352,"{""email"": ""customer6352@example.com"", ""phone"": ""7549225226""}","{""city"": ""Bengaluru"", ""country"": ""India"", ""state"": ""Karnataka""}",Individual,2018-07-21,699545.12,Active
6353,Amit Rao 1353,"{""email"": ""customer6353@example.com"", ""phone"": ""7338437999""}","{""city"": ""Kolkata"", ""country"": ""India"", ""state"": ""West Bengal""}",Individual,2018-06-12,595412.71,Active
6354,Amit Patel 1354,"{""email"": ""customer6354@example.com"", ""phone"": ""7685508823""}","{""city"": ""Vellore"", ""country"": ""India"", ""state"": ""Tamil Nadu""}",Individual,2020-05-07,387506.9,Active
6355,Rahul Kapoor 1355,"{""email"": ""customer6355@example.com"", ""phone"": ""6505306046""}","{""city"": ""Ahmedabad"", ""country"": ""India"", ""state"": ""Gujarat""}",Individual,2018-08-13,748425.98,Active
6356,Nikhil Bose 1356,"{""email"": ""customer6356@example.com"", ""phone"": ""7131841254""}","{""city"": ""Ahmedabad"", ""country"": ""India"", ""state"": ""Gujarat""}",Individual,2026-04-14,256084.96,Active
6357,Keerthi Patel 1357,"{""email"": ""customer6357@example.com"", ""phone"": ""6510670865""}","{""city"": ""Vellore"", ""country"": ""India"", ""state"": ""Tamil Nadu""}",Retail,2025-08-09,449567.15,Active
6358,Nikhil Menon 1358,"{""email"": ""customer6358@example.com"", ""phone"": ""8756019946""}","{""city"": ""Chennai"", ""country"": ""India"", ""state"": ""Tamil Nadu""}",Corporate,2018-05-07,744365.27,Active
6359,Ananya Nair 1359,"{""email"": ""customer6359@example.com"", ""phone"": ""8666292317""}","{""city"": ""Delhi"", ""country"": ""India"", ""state"": ""Delhi""}",Wholesale,2023-11-22,76126.28,Active
6360,Keerthi Sharma 1360,"{""email"": ""customer6360@example.com"", ""phone"": ""6914435419""}","{""city"": ""Kolkata"", ""country"": ""India"", ""state"": ""West Bengal""}",Retail,2024-01-07,508309.6,Active
6361,Ravi Singh 1361,"{""email"": ""customer6361@example.com"", ""phone"": ""9315807836""}","{""city"": ""Delhi"", ""country"": ""India"", ""state"": ""Delhi""}",Wholesale,2023-07-16,943936.68,Active
6362,Nikhil Rao 1362,"{""email"": ""customer6362@example.com"", ""phone"": ""6867323646""}","{""city"": ""Bengaluru"", ""country"": ""India"", ""state"": ""Karnataka""}",Corporate,2022-11-23,509057.16,Active
6363,Priya Kumar 1363,"{""email"": ""customer6363@example.com"", ""phone"": ""6891155945""}","{""city"": ""Coimbatore"", ""country"": ""India"", ""state"": ""Tamil Nadu""}",Retail,2018-08-18,551279.02,Active
6364,Ananya Kumar 1364,"{""email"": ""customer6364@example.com"", ""phone"": ""8159415283""}","{""city"": ""Vellore"", ""country"": ""India"", ""state"": ""Tamil Nadu""}",Corporate,2018-04-21,850898.69,Active
6365,Aditya Kumar 1365,"{""email"": ""customer6365@example.com"", ""phone"": ""8477349782""}","{""city"": ""Vellore"", ""country"": ""India"", ""state"": ""Tamil Nadu""}",Retail,2024-01-20,363808.86,Active
6366,Neha Patel 1366,"{""email"": ""customer6366@example.com"", ""phone"": ""8415948515""}","{""city"": ""Kolkata"", ""country"": ""India"", ""state"": ""West Bengal""}",Individual,2023-02-13,511215.61,Active
6367,Divya Das 1367,"{""email"": ""customer6367@example.com"", ""phone"": ""9367583874""}","{""city"": ""Hyderabad"", ""country"": ""India"", ""state"": ""Telangana""}",Wholesale,2022-10-02,751234.82,Active
6368,Ananya Iyer 1368,"{""email"": ""customer6368@example.com"", ""phone"": ""8961219520""}","{""city"": ""Pune"", ""country"": ""India"", ""state"": ""Maharashtra""}",Corporate,2019-07-21,985560.97,Active
6369,Arun Menon 1369,"{""email"": ""customer6369@example.com"", ""phone"": ""7153488069""}","{""city"": ""Delhi"", ""country"": ""India"", ""state"": ""Delhi""}",Individual,2020-07-04,190138.91,Active
6370,Karthik Pillai 1370,"{""email"": ""customer6370@example.com"", ""phone"": ""7527722535""}","{""city"": ""Kochi"", ""country"": ""India"", ""state"": ""Kerala""}",Wholesale,2020-09-21,595106.88,Active
6371,Neha Naidu 1371,"{""email"": ""customer6371@example.com"", ""phone"": ""8178160751""}","{""city"": ""Kochi"", ""country"": ""India"", ""state"": ""Kerala""}",Retail,2026-10-11,905645.24,Active
6372,Keerthi Mishra 1372,"{""email"": ""customer6372@example.com"", ""phone"": ""7178661657""}","{""city"": ""Ahmedabad"", ""country"": ""India"", ""state"": ""Gujarat""}",Wholesale,2021-04-22,210438.16,Active
6373,Suresh Naidu 1373,"{""email"": ""customer6373@example.com"", ""phone"": ""7262875186""}","{""city"": ""Vellore"", ""country"": ""India"", ""state"": ""Tamil Nadu""}",Retail,2026-01-06,425354.05,Active
6374,Suresh Mishra 1374,"{""email"": ""customer6374@example.com"", ""phone"": ""9882638251""}","{""city"": ""Hyderabad"", ""country"": ""India"", ""state"": ""Telangana""}",Corporate,2022-05-08,393299.06,Active
6375,Pooja Menon 1375,"{""email"": ""customer6375@example.com"", ""phone"": ""6956593880""}","{""city"": ""Chennai"", ""country"": ""India"", ""state"": ""Tamil Nadu""}",Retail,2018-09-11,612778.96,Active
6376,Meena Gupta 1376,"{""email"": ""customer6376@example.com"", ""phone"": ""6771898292""}","{""city"": ""Bengaluru"", ""country"": ""India"", ""state"": ""Karnataka""}",Individual,2019-09-23,37702.87,Active
6377,Manoj Menon 1377,"{""email"": ""customer6377@example.com"", ""phone"": ""6674609773""}","{""city"": ""Ahmedabad"", ""country"": ""India"", ""state"": ""Gujarat""}",Corporate,2020-11-16,313017.74,Active
6378,Vikram Reddy 1378,"{""email"": ""customer6378@example.com"", ""phone"": ""9244822131""}","{""city"": ""Jaipur"", ""country"": ""India"", ""state"": ""Rajasthan""}",Retail,2019-06-03,504640.79,Active
6379,Arun Joshi 1379,"{""email"": ""customer6379@example.com"", ""phone"": ""9831798415""}","{""city"": ""Kolkata"", ""country"": ""India"", ""state"": ""West Bengal""}",Retail,2024-01-03,876861.56,Active
6380,Vikram Rao 1380,"{""email"": ""customer6380@example.com"", ""phone"": ""6555917580""}","{""city"": ""Ahmedabad"", ""country"": ""India"", ""state"": ""Gujarat""}",Wholesale,2025-09-22,851343.18,Active
6381,Sneha Gupta 1381,"{""email"": ""customer6381@example.com"", ""phone"": ""9016983595""}","{""city"": ""Coimbatore"", ""country"": ""India"", ""state"": ""Tamil Nadu""}",Individual,2021-09-27,637254.72,Active
6382,Suresh Kapoor 1382,"{""email"": ""customer6382@example.com"", ""phone"": ""8364528838""}","{""city"": ""Hyderabad"", ""country"": ""India"", ""state"": ""Telangana""}",Retail,2023-01-23,213797.59,Active
6383,Aditya Kumar 1383,"{""email"": ""customer6383@example.com"", ""phone"": ""8247020013""}","{""city"": ""Bengaluru"", ""country"": ""India"", ""state"": ""Karnataka""}",Individual,2022-07-13,998979.58,Active
6384,Aditya Joshi 1384,"{""email"": ""customer6384@example.com"", ""phone"": ""9408725596""}","{""city"": ""Kolkata"", ""country"": ""India"", ""state"": ""West Bengal""}",Wholesale,2024-01-05,988508.73,Active
6385,Meena Kumar 1385,"{""email"": ""customer6385@example.com"", ""phone"": ""8058886402""}","{""city"": ""Kolkata"", ""country"": ""India"", ""state"": ""West Bengal""}",Individual,2021-02-12,479638.22,Active
6386,Swathi Shah 1386,"{""email"": ""customer6386@example.com"", ""phone"": ""8217860249""}","{""city"": ""Vellore"", ""country"": ""India"", ""state"": ""Tamil Nadu""}",Retail,2018-05-23,945217.66,Active
6387,Suresh Das 1387,"{""email"": ""customer6387@example.com"", ""phone"": ""9993905724""}","{""city"": ""Chennai"", ""country"": ""India"", ""state"": ""Tamil Nadu""}",Wholesale,2026-12-25,814136.82,Active
6388,Divya Verma 1388,"{""email"": ""customer6388@example.com"", ""phone"": ""7174133453""}","{""city"": ""Ahmedabad"", ""country"": ""India"", ""state"": ""Gujarat""}",Individual,2026-03-20,520253.42,Active
6389,Karthik Shah 1389,"{""email"": ""customer6389@example.com"", ""phone"": ""9233092519""}","{""city"": ""Delhi"", ""country"": ""India"", ""state"": ""Delhi""}",Wholesale,2026-09-04,166087.91,Active
6390,Ananya Sharma 1390,"{""email"": ""customer6390@example.com"", ""phone"": ""9525224176""}","{""city"": ""Delhi"", ""country"": ""India"", ""state"": ""Delhi""}",Corporate,2022-04-17,604962.14,Active
6391,Amit Mishra 1391,"{""email"": ""customer6391@example.com"", ""phone"": ""7917531156""}","{""city"": ""Chennai"", ""country"": ""India"", ""state"": ""Tamil Nadu""}",Wholesale,2018-08-17,350697.63,Active
6392,Nikhil Joshi 1392,"{""email"": ""customer6392@example.com"", ""phone"": ""9062224223""}","{""city"": ""Mumbai"", ""country"": ""India"", ""state"": ""Maharashtra""}",Individual,2021-12-11,661002.55,Active
6393,Rahul Gupta 1393,"{""email"": ""customer6393@example.com"", ""phone"": ""6776373919""}","{""city"": ""Delhi"", ""country"": ""India"", ""state"": ""Delhi""}",Wholesale,2021-04-13,484968.71,Active
6394,Suresh Iyer 1394,"{""email"": ""customer6394@example.com"", ""phone"": ""8644924351""}","{""city"": ""Mumbai"", ""country"": ""India"", ""state"": ""Maharashtra""}",Wholesale,2019-07-24,450817.68,Active
6395,Vikram Gupta 1395,"{""email"": ""customer6395@example.com"", ""phone"": ""8802822089""}","{""city"": ""Jaipur"", ""country"": ""India"", ""state"": ""Rajasthan""}",Corporate,2022-09-25,431161.09,Active
6396,Pooja Verma 1396,"{""email"": ""customer6396@example.com"", ""phone"": ""9197947187""}","{""city"": ""Vellore"", ""country"": ""India"", ""state"": ""Tamil Nadu""}",Retail,2025-09-06,487220.65,Active
6397,Neha Kumar 1397,"{""email"": ""customer6397@example.com"", ""phone"": ""6343708107""}","{""city"": ""Pune"", ""country"": ""India"", ""state"": ""Maharashtra""}",Retail,2019-05-28,677956.43,Active
6398,Priya Sharma 1398,"{""email"": ""customer6398@example.com"", ""phone"": ""9544236762""}","{""city"": ""Ahmedabad"", ""country"": ""India"", ""state"": ""Gujarat""}",Corporate,2024-05-01,344218.72,Active
6399,Amit Iyer 1399,"{""email"": ""customer6399@example.com"", ""phone"": ""7916024082""}","{""city"": ""Bengaluru"", ""country"": ""India"", ""state"": ""Karnataka""}",Corporate,2023-10-21,635224.42,Inactive
6400,Sneha Gupta 1400,"{""email"": ""customer6400@example.com"", ""phone"": ""6000633855""}","{""city"": ""Delhi"", ""country"": ""India"", ""state"": ""Delhi""}",Corporate,2025-08-13,243801.14,Inactive
6401,Kavya Singh 1401,"{""email"": ""customer6401@example.com"", ""phone"": ""7940053549""}","{""city"": ""Delhi"", ""country"": ""India"", ""state"": ""Delhi""}",Wholesale,2019-05-12,667224.35,Active
6402,Vikram Pillai 1402,"{""email"": ""customer6402@example.com"", ""phone"": ""9515215756""}","{""city"": ""Coimbatore"", ""country"": ""India"", ""state"": ""Tamil Nadu""}",Wholesale,2026-11-26,802694.4,Active
6403,Suresh Joshi 1403,"{""email"": ""customer6403@example.com"", ""phone"": ""8055906484""}","{""city"": ""Pune"", ""country"": ""India"", ""state"": ""Maharashtra""}",Wholesale,2023-03-19,403780.95,Active
6404,Divya Kumar 1404,"{""email"": ""customer6404@example.com"", ""phone"": ""7006589437""}","{""city"": ""Hyderabad"", ""country"": ""India"", ""state"": ""Telangana""}",Wholesale,2023-11-27,594542.52,Inactive
6405,Ravi Mehta 1405,"{""email"": ""customer6405@example.com"", ""phone"": ""7537730884""}","{""city"": ""Ahmedabad"", ""country"": ""India"", ""state"": ""Gujarat""}",Wholesale,2021-10-15,255940.98,Active
6406,Priya Kapoor 1406,"{""email"": ""customer6406@example.com"", ""phone"": ""7125297301""}","{""city"": ""Jaipur"", ""country"": ""India"", ""state"": ""Rajasthan""}",Retail,2020-03-22,57785.76,Active
6407,Swathi Singh 1407,"{""email"": ""customer6407@example.com"", ""phone"": ""8621364489""}","{""city"": ""Hyderabad"", ""country"": ""India"", ""state"": ""Telangana""}",Individual,2025-07-12,91360.65,Active
6408,Aditya Nair 1408,"{""email"": ""customer6408@example.com"", ""phone"": ""9585529486""}","{""city"": ""Jaipur"", ""country"": ""India"", ""state"": ""Rajasthan""}",Retail,2025-07-25,85875.87,Active
6409,Ananya Bose 1409,"{""email"": ""customer6409@example.com"", ""phone"": ""7935930035""}","{""city"": ""Kolkata"", ""country"": ""India"", ""state"": ""West Bengal""}",Individual,2026-06-24,855006.7,Active
6410,Divya Das 1410,"{""email"": ""customer6410@example.com"", ""phone"": ""6105882152""}","{""city"": ""Kochi"", ""country"": ""India"", ""state"": ""Kerala""}",Corporate,2026-04-09,827395.16,Active
6411,Manoj Menon 1411,"{""email"": ""customer6411@example.com"", ""phone"": ""7334583407""}","{""city"": ""Jaipur"", ""country"": ""India"", ""state"": ""Rajasthan""}",Wholesale,2025-12-08,876028.34,Active
6412,Divya Naidu 1412,"{""email"": ""customer6412@example.com"", ""phone"": ""9284154854""}","{""city"": ""Hyderabad"", ""country"": ""India"", ""state"": ""Telangana""}",Individual,2018-03-20,319004.71,Active
6413,Aditya Naidu 1413,"{""email"": ""customer6413@example.com"", ""phone"": ""8732762834""}","{""city"": ""Kolkata"", ""country"": ""India"", ""state"": ""West Bengal""}",Individual,2024-12-24,550781.21,Active
6414,Nikhil Nair 1414,"{""email"": ""customer6414@example.com"", ""phone"": ""7320024591""}","{""city"": ""Bengaluru"", ""country"": ""India"", ""state"": ""Karnataka""}",Retail,2022-11-06,810085.5,Active
6415,Meena Shah 1415,"{""email"": ""customer6415@example.com"", ""phone"": ""9358872967""}","{""city"": ""Mumbai"", ""country"": ""India"", ""state"": ""Maharashtra""}",Individual,2025-09-15,357842.87,Active
6416,Nikhil Singh 1416,"{""email"": ""customer6416@example.com"", ""phone"": ""7623866291""}","{""city"": ""Pune"", ""country"": ""India"", ""state"": ""Maharashtra""}",Retail,2020-02-24,848625.51,Active
6417,Karthik Kumar 1417,"{""email"": ""customer6417@example.com"", ""phone"": ""9000886564""}","{""city"": ""Kolkata"", ""country"": ""India"", ""state"": ""West Bengal""}",Corporate,2025-04-03,908158.86,Active
6418,Kavya Pillai 1418,"{""email"": ""customer6418@example.com"", ""phone"": ""6728495449""}","{""city"": ""Vellore"", ""country"": ""India"", ""state"": ""Tamil Nadu""}",Wholesale,2024-07-14,753063.95,Active
6419,Keerthi Pillai 1419,"{""email"": ""customer6419@example.com"", ""phone"": ""8059516911""}","{""city"": ""Ahmedabad"", ""country"": ""India"", ""state"": ""Gujarat""}",Retail,2026-09-24,192985.41,Active
6420,Pooja Kapoor 1420,"{""email"": ""customer6420@example.com"", ""phone"": ""8702265245""}","{""city"": ""Kolkata"", ""country"": ""India"", ""state"": ""West Bengal""}",Corporate,2020-03-10,147809.77,Active
6421,Priya Mishra 1421,"{""email"": ""customer6421@example.com"", ""phone"": ""6440234335""}","{""city"": ""Jaipur"", ""country"": ""India"", ""state"": ""Rajasthan""}",Retail,2026-07-15,846050.42,Active
6422,Ravi Mishra 1422,"{""email"": ""customer6422@example.com"", ""phone"": ""8618575254""}","{""city"": ""Hyderabad"", ""country"": ""India"", ""state"": ""Telangana""}",Corporate,2026-11-19,350632.92,Active
6423,Ananya Mehta 1423,"{""email"": ""customer6423@example.com"", ""phone"": ""8159317791""}","{""city"": ""Kochi"", ""country"": ""India"", ""state"": ""Kerala""}",Individual,2020-04-11,981559.03,Active
6424,Rahul Das 1424,"{""email"": ""customer6424@example.com"", ""phone"": ""9338541257""}","{""city"": ""Ahmedabad"", ""country"": ""India"", ""state"": ""Gujarat""}",Retail,2021-05-25,258197.47,Active
6425,Kavya Patel 1425,"{""email"": ""customer6425@example.com"", ""phone"": ""7485464545""}","{""city"": ""Coimbatore"", ""country"": ""India"", ""state"": ""Tamil Nadu""}",Wholesale,2022-08-27,529946.72,Active
6426,Keerthi Menon 1426,"{""email"": ""customer6426@example.com"", ""phone"": ""6361830078""}","{""city"": ""Coimbatore"", ""country"": ""India"", ""state"": ""Tamil Nadu""}",Retail,2019-09-04,114776.94,Active
6427,Pooja Shah 1427,"{""email"": ""customer6427@example.com"", ""phone"": ""8805297007""}","{""city"": ""Chennai"", ""country"": ""India"", ""state"": ""Tamil Nadu""}",Retail,2025-01-14,975764.74,Active
6428,Neha Rao 1428,"{""email"": ""customer6428@example.com"", ""phone"": ""7343096329""}","{""city"": ""Vellore"", ""country"": ""India"", ""state"": ""Tamil Nadu""}",Corporate,2021-02-26,564698.25,Active
6429,Arun Das 1429,"{""email"": ""customer6429@example.com"", ""phone"": ""7549385355""}","{""city"": ""Hyderabad"", ""country"": ""India"", ""state"": ""Telangana""}",Corporate,2020-06-11,261996.78,Active
6430,Priya Reddy 1430,"{""email"": ""customer6430@example.com"", ""phone"": ""6689326235""}","{""city"": ""Kochi"", ""country"": ""India"", ""state"": ""Kerala""}",Wholesale,2020-12-03,949244.67,Active
6431,Karthik Kapoor 1431,"{""email"": ""customer6431@example.com"", ""phone"": ""8528717192""}","{""city"": ""Delhi"", ""country"": ""India"", ""state"": ""Delhi""}",Wholesale,2023-10-03,852848.02,Active
6432,Kavya Shah 1432,"{""email"": ""customer6432@example.com"", ""phone"": ""6008000926""}","{""city"": ""Delhi"", ""country"": ""India"", ""state"": ""Delhi""}",Wholesale,2025-01-08,442880.46,Active
6433,Vikram Sharma 1433,"{""email"": ""customer6433@example.com"", ""phone"": ""6287650092""}","{""city"": ""Coimbatore"", ""country"": ""India"", ""state"": ""Tamil Nadu""}",Wholesale,2023-09-07,806571.86,Active
6434,Meena Joshi 1434,"{""email"": ""customer6434@example.com"", ""phone"": ""9757197479""}","{""city"": ""Hyderabad"", ""country"": ""India"", ""state"": ""Telangana""}",Retail,2023-07-26,625675.94,Active
6435,Suresh Pillai 1435,"{""email"": ""customer6435@example.com"", ""phone"": ""8717453288""}","{""city"": ""Bengaluru"", ""country"": ""India"", ""state"": ""Karnataka""}",Wholesale,2024-09-14,983396.02,Active
6436,Neha Singh 1436,"{""email"": ""customer6436@example.com"", ""phone"": ""9228059488""}","{""city"": ""Hyderabad"", ""country"": ""India"", ""state"": ""Telangana""}",Corporate,2026-02-01,789385.24,Active
6437,Neha Kumar 1437,"{""email"": ""customer6437@example.com"", ""phone"": ""7180058899""}","{""city"": ""Bengaluru"", ""country"": ""India"", ""state"": ""Karnataka""}",Corporate,2020-11-01,870859.7,Active
6438,Aditya Nair 1438,"{""email"": ""customer6438@example.com"", ""phone"": ""7143991310""}","{""city"": ""Coimbatore"", ""country"": ""India"", ""state"": ""Tamil Nadu""}",Retail,2020-02-03,281078.17,Active
6439,Aditya Shah 1439,"{""email"": ""customer6439@example.com"", ""phone"": ""8325703645""}","{""city"": ""Jaipur"", ""country"": ""India"", ""state"": ""Rajasthan""}",Corporate,2023-01-14,83259.6,Active
6440,Kavya Reddy 1440,"{""email"": ""customer6440@example.com"", ""phone"": ""6594442639""}","{""city"": ""Bengaluru"", ""country"": ""India"", ""state"": ""Karnataka""}",Individual,2026-08-05,235142.26,Active
6441,Aditya Sharma 1441,"{""email"": ""customer6441@example.com"", ""phone"": ""6450346246""}","{""city"": ""Ahmedabad"", ""country"": ""India"", ""state"": ""Gujarat""}",Wholesale,2026-04-19,891551.65,Active
6442,Karthik Shah 1442,"{""email"": ""customer6442@example.com"", ""phone"": ""7828846847""}","{""city"": ""Jaipur"", ""country"": ""India"", ""state"": ""Rajasthan""}",Individual,2023-10-12,448712.11,Inactive
6443,Suresh Sharma 1443,"{""email"": ""customer6443@example.com"", ""phone"": ""7332979093""}","{""city"": ""Chennai"", ""country"": ""India"", ""state"": ""Tamil Nadu""}",Individual,2024-09-02,30978.82,Inactive
6444,Arun Patel 1444,"{""email"": ""customer6444@example.com"", ""phone"": ""9452527218""}","{""city"": ""Jaipur"", ""country"": ""India"", ""state"": ""Rajasthan""}",Corporate,2022-07-17,140542.8,Active
6445,Arun Verma 1445,"{""email"": ""customer6445@example.com"", ""phone"": ""8119997820""}","{""city"": ""Hyderabad"", ""country"": ""India"", ""state"": ""Telangana""}",Wholesale,2021-04-14,216129.03,Active
6446,Keerthi Menon 1446,"{""email"": ""customer6446@example.com"", ""phone"": ""8660516740""}","{""city"": ""Vellore"", ""country"": ""India"", ""state"": ""Tamil Nadu""}",Corporate,2019-06-09,588477.21,Active
6447,Aditya Sharma 1447,"{""email"": ""customer6447@example.com"", ""phone"": ""8586719560""}","{""city"": ""Delhi"", ""country"": ""India"", ""state"": ""Delhi""}",Individual,2019-10-13,254069.73,Active
6448,Keerthi Iyer 1448,"{""email"": ""customer6448@example.com"", ""phone"": ""6077604770""}","{""city"": ""Delhi"", ""country"": ""India"", ""state"": ""Delhi""}",Wholesale,2024-06-23,978813.44,Active
6449,Keerthi Kumar 1449,"{""email"": ""customer6449@example.com"", ""phone"": ""9821891697""}","{""city"": ""Jaipur"", ""country"": ""India"", ""state"": ""Rajasthan""}",Individual,2021-07-01,435031.91,Active
6450,Meena Pillai 1450,"{""email"": ""customer6450@example.com"", ""phone"": ""6077500557""}","{""city"": ""Vellore"", ""country"": ""India"", ""state"": ""Tamil Nadu""}",Retail,2019-06-27,309689.66,Active
6451,Aditya Shah 1451,"{""email"": ""customer6451@example.com"", ""phone"": ""6891523421""}","{""city"": ""Mumbai"", ""country"": ""India"", ""state"": ""Maharashtra""}",Corporate,2021-11-09,82350.87,Active
6452,Meena Menon 1452,"{""email"": ""customer6452@example.com"", ""phone"": ""6865268882""}","{""city"": ""Pune"", ""country"": ""India"", ""state"": ""Maharashtra""}",Individual,2018-02-12,374841.57,Active
6453,Karthik Naidu 1453,"{""email"": ""customer6453@example.com"", ""phone"": ""8348443677""}","{""city"": ""Mumbai"", ""country"": ""India"", ""state"": ""Maharashtra""}",Individual,2024-12-06,867549.37,Active
6454,Amit Gupta 1454,"{""email"": ""customer6454@example.com"", ""phone"": ""8368106749""}","{""city"": ""Ahmedabad"", ""country"": ""India"", ""state"": ""Gujarat""}",Wholesale,2025-01-09,339635.93,Inactive
6455,Meena Nair 1455,"{""email"": ""customer6455@example.com"", ""phone"": ""9081602778""}","{""city"": ""Vellore"", ""country"": ""India"", ""state"": ""Tamil Nadu""}",Wholesale,2024-10-24,55799.81,Active
6456,Karthik Reddy 1456,"{""email"": ""customer6456@example.com"", ""phone"": ""6345967421""}","{""city"": ""Jaipur"", ""country"": ""India"", ""state"": ""Rajasthan""}",Corporate,2025-11-26,385365.02,Active
6457,Keerthi Patel 1457,"{""email"": ""customer6457@example.com"", ""phone"": ""8979041040""}","{""city"": ""Jaipur"", ""country"": ""India"", ""state"": ""Rajasthan""}",Retail,2018-04-17,818965.19,Active
6458,Ravi Iyer 1458,"{""email"": ""customer6458@example.com"", ""phone"": ""6311407545""}","{""city"": ""Delhi"", ""country"": ""India"", ""state"": ""Delhi""}",Wholesale,2018-10-28,684540.02,Active
6459,Divya Singh 1459,"{""email"": ""customer6459@example.com"", ""phone"": ""8603210331""}","{""city"": ""Pune"", ""country"": ""India"", ""state"": ""Maharashtra""}",Wholesale,2026-12-02,165793.78,Active
6460,Sneha Naidu 1460,"{""email"": ""customer6460@example.com"", ""phone"": ""9558124382""}","{""city"": ""Kolkata"", ""country"": ""India"", ""state"": ""West Bengal""}",Wholesale,2026-10-05,496966.86,Active
6461,Nikhil Kumar 1461,"{""email"": ""customer6461@example.com"", ""phone"": ""6920641922""}","{""city"": ""Ahmedabad"", ""country"": ""India"", ""state"": ""Gujarat""}",Retail,2026-01-07,484705.2,Active
6462,Manoj Pillai 1462,"{""email"": ""customer6462@example.com"", ""phone"": ""8434694504""}","{""city"": ""Coimbatore"", ""country"": ""India"", ""state"": ""Tamil Nadu""}",Wholesale,2018-06-18,531377.82,Active
6463,Pooja Naidu 1463,"{""email"": ""customer6463@example.com"", ""phone"": ""6333469747""}","{""city"": ""Chennai"", ""country"": ""India"", ""state"": ""Tamil Nadu""}",Corporate,2025-05-17,274936.31,Active
6464,Kavya Gupta 1464,"{""email"": ""customer6464@example.com"", ""phone"": ""6061236110""}","{""city"": ""Ahmedabad"", ""country"": ""India"", ""state"": ""Gujarat""}",Wholesale,2023-12-21,80861.55,Active
6465,Neha Patel 1465,"{""email"": ""customer6465@example.com"", ""phone"": ""8122858685""}","{""city"": ""Vellore"", ""country"": ""India"", ""state"": ""Tamil Nadu""}",Individual,2021-12-28,27296.29,Inactive
6466,Kavya Iyer 1466,"{""email"": ""customer6466@example.com"", ""phone"": ""8929247583""}","{""city"": ""Kolkata"", ""country"": ""India"", ""state"": ""West Bengal""}",Corporate,2023-05-24,673805.3,Active
6467,Karthik Menon 1467,"{""email"": ""customer6467@example.com"", ""phone"": ""6710445636""}","{""city"": ""Vellore"", ""country"": ""India"", ""state"": ""Tamil Nadu""}",Wholesale,2018-12-19,343657.72,Active
6468,Ravi Pillai 1468,"{""email"": ""customer6468@example.com"", ""phone"": ""6336370445""}","{""city"": ""Ahmedabad"", ""country"": ""India"", ""state"": ""Gujarat""}",Wholesale,2024-03-11,287206.84,Inactive
6469,Rahul Sharma 1469,"{""email"": ""customer6469@example.com"", ""phone"": ""8629175958""}","{""city"": ""Jaipur"", ""country"": ""India"", ""state"": ""Rajasthan""}",Corporate,2026-08-02,669806.25,Active
6470,Amit Reddy 1470,"{""email"": ""customer6470@example.com"", ""phone"": ""6475378846""}","{""city"": ""Coimbatore"", ""country"": ""India"", ""state"": ""Tamil Nadu""}",Individual,2022-02-16,887700.92,Active
6471,Priya Mehta 1471,"{""email"": ""customer6471@example.com"", ""phone"": ""7744714769""}","{""city"": ""Bengaluru"", ""country"": ""India"", ""state"": ""Karnataka""}",Wholesale,2020-05-25,929876.6,Active
6472,Kavya Joshi 1472,"{""email"": ""customer6472@example.com"", ""phone"": ""9512446507""}","{""city"": ""Jaipur"", ""country"": ""India"", ""state"": ""Rajasthan""}",Retail,2024-02-05,996329.35,Active
6473,Priya Kumar 1473,"{""email"": ""customer6473@example.com"", ""phone"": ""6330782432""}","{""city"": ""Kolkata"", ""country"": ""India"", ""state"": ""West Bengal""}",Individual,2019-12-28,185579.55,Active
6474,Pooja Kapoor 1474,"{""email"": ""customer6474@example.com"", ""phone"": ""9545888336""}","{""city"": ""Kochi"", ""country"": ""India"", ""state"": ""Kerala""}",Retail,2018-02-14,353828.19,Active
6475,Suresh Naidu 1475,"{""email"": ""customer6475@example.com"", ""phone"": ""9122353312""}","{""city"": ""Pune"", ""country"": ""India"", ""state"": ""Maharashtra""}",Corporate,2025-04-06,403524.87,Active
6476,Neha Nair 1476,"{""email"": ""customer6476@example.com"", ""phone"": ""6752546489""}","{""city"": ""Hyderabad"", ""country"": ""India"", ""state"": ""Telangana""}",Individual,2021-05-10,756217.76,Active
6477,Swathi Kapoor 1477,"{""email"": ""customer6477@example.com"", ""phone"": ""9344492209""}","{""city"": ""Ahmedabad"", ""country"": ""India"", ""state"": ""Gujarat""}",Individual,2018-06-07,359170.57,Active
6478,Rahul Pillai 1478,"{""email"": ""customer6478@example.com"", ""phone"": ""8333886923""}","{""city"": ""Chennai"", ""country"": ""India"", ""state"": ""Tamil Nadu""}",Corporate,2022-03-17,412321.54,Active
6479,Arun Bose 1479,"{""email"": ""customer6479@example.com"", ""phone"": ""8106514847""}","{""city"": ""Delhi"", ""country"": ""India"", ""state"": ""Delhi""}",Corporate,2025-03-03,480192.87,Inactive
6480,Rahul Verma 1480,"{""email"": ""customer6480@example.com"", ""phone"": ""9183244846""}","{""city"": ""Vellore"", ""country"": ""India"", ""state"": ""Tamil Nadu""}",Retail,2018-06-19,907543.63,Active
6481,Sneha Patel 1481,"{""email"": ""customer6481@example.com"", ""phone"": ""8370004552""}","{""city"": ""Kochi"", ""country"": ""India"", ""state"": ""Kerala""}",Wholesale,2019-06-11,603131.72,Active
6482,Divya Das 1482,"{""email"": ""customer6482@example.com"", ""phone"": ""8692597385""}","{""city"": ""Mumbai"", ""country"": ""India"", ""state"": ""Maharashtra""}",Wholesale,2020-10-14,162046.9,Active
6483,Ananya Gupta 1483,"{""email"": ""customer6483@example.com"", ""phone"": ""9336695017""}","{""city"": ""Bengaluru"", ""country"": ""India"", ""state"": ""Karnataka""}",Retail,2020-09-10,928028.81,Active
6484,Vikram Kumar 1484,"{""email"": ""customer6484@example.com"", ""phone"": ""9827335044""}","{""city"": ""Ahmedabad"", ""country"": ""India"", ""state"": ""Gujarat""}",Corporate,2026-01-22,626787.87,Active
6485,Kavya Das 1485,"{""email"": ""customer6485@example.com"", ""phone"": ""9088055745""}","{""city"": ""Delhi"", ""country"": ""India"", ""state"": ""Delhi""}",Wholesale,2020-07-11,166969.17,Active
6486,Kavya Das 1486,"{""email"": ""customer6486@example.com"", ""phone"": ""6458228183""}","{""city"": ""Mumbai"", ""country"": ""India"", ""state"": ""Maharashtra""}",Wholesale,2025-09-25,378825.11,Active
6487,Suresh Sharma 1487,"{""email"": ""customer6487@example.com"", ""phone"": ""6939222850""}","{""city"": ""Pune"", ""country"": ""India"", ""state"": ""Maharashtra""}",Individual,2020-12-12,886617.98,Active
6488,Kavya Reddy 1488,"{""email"": ""customer6488@example.com"", ""phone"": ""6905953816""}","{""city"": ""Vellore"", ""country"": ""India"", ""state"": ""Tamil Nadu""}",Individual,2021-01-01,299648.99,Active
6489,Suresh Mishra 1489,"{""email"": ""customer6489@example.com"", ""phone"": ""8758201125""}","{""city"": ""Hyderabad"", ""country"": ""India"", ""state"": ""Telangana""}",Retail,2020-02-10,514618.61,Active
6490,Aditya Iyer 1490,"{""email"": ""customer6490@example.com"", ""phone"": ""9173917498""}","{""city"": ""Chennai"", ""country"": ""India"", ""state"": ""Tamil Nadu""}",Corporate,2023-06-22,894275.26,Inactive
6491,Karthik Kapoor 1491,"{""email"": ""customer6491@example.com"", ""phone"": ""8003084372""}","{""city"": ""Chennai"", ""country"": ""India"", ""state"": ""Tamil Nadu""}",Retail,2020-07-02,632376.31,Active
6492,Vikram Verma 1492,"{""email"": ""customer6492@example.com"", ""phone"": ""7730206760""}","{""city"": ""Ahmedabad"", ""country"": ""India"", ""state"": ""Gujarat""}",Retail,2026-08-23,656766.74,Active
6493,Pooja Pillai 1493,"{""email"": ""customer6493@example.com"", ""phone"": ""9376965779""}","{""city"": ""Vellore"", ""country"": ""India"", ""state"": ""Tamil Nadu""}",Wholesale,2021-06-01,627674.25,Active
6494,Meena Singh 1494,"{""email"": ""customer6494@example.com"", ""phone"": ""8425526552""}","{""city"": ""Coimbatore"", ""country"": ""India"", ""state"": ""Tamil Nadu""}",Retail,2025-12-13,518378.84,Inactive
6495,Karthik Shah 1495,"{""email"": ""customer6495@example.com"", ""phone"": ""7349384298""}","{""city"": ""Delhi"", ""country"": ""India"", ""state"": ""Delhi""}",Individual,2019-02-20,666708.46,Active
6496,Kavya Patel 1496,"{""email"": ""customer6496@example.com"", ""phone"": ""6618619195""}","{""city"": ""Jaipur"", ""country"": ""India"", ""state"": ""Rajasthan""}",Retail,2020-03-02,819195.66,Inactive
6497,Ravi Kapoor 1497,"{""email"": ""customer6497@example.com"", ""phone"": ""9113748758""}","{""city"": ""Kochi"", ""country"": ""India"", ""state"": ""Kerala""}",Corporate,2022-03-05,254582.89,Active
6498,Karthik Das 1498,"{""email"": ""customer6498@example.com"", ""phone"": ""6911373050""}","{""city"": ""Coimbatore"", ""country"": ""India"", ""state"": ""Tamil Nadu""}",Individual,2021-09-03,421124.6,Inactive
6499,Aditya Shah 1499,"{""email"": ""customer6499@example.com"", ""phone"": ""7320283434""}","{""city"": ""Vellore"", ""country"": ""India"", ""state"": ""Tamil Nadu""}",Wholesale,2024-07-24,913435.71,Active
6500,Kavya Mehta 1500,"{""email"": ""customer6500@example.com"", ""phone"": ""8263673665""}","{""city"": ""Delhi"", ""country"": ""India"", ""state"": ""Delhi""}",Wholesale,2018-08-04,900080.57,Active
