purchase_order_id,supplier_id,supplier_name,item_id,item_name,quantity,unit_cost,total_cost,order_date,expected_delivery,po_status
PO0001,SUP003,ABC Technologies,P109,Projector,42,20652.29,867396.18,2023-08-23,2023-09-01,Partially Delivered
PO0002,SUP004,Prime Supplies,P102,Printer,81,7603.48,615881.88,2023-10-13,2023-11-07,Ordered
PO0003,SUP010,Metro Distributors,P102,Printer,117,10106.18,1182423.06,2024-01-04,2024-01-27,Ordered
PO0004,SUP001,Metro Distributors,P111,Desktop,42,32370.06,1359542.52,2023-01-14,2023-01-23,Ordered
PO0005,SUP008,Smart Source,P105,Mouse,48,554.13,26598.24,2023-05-15,2023-05-24,Partially Delivered
PO0006,SUP006,Metro Distributors,P114,RAM,42,2882.82,121078.44,2023-04-16,2023-04-28,Ordered
PO0007,SUP001,National Electronics,P115,Headset,43,1682.4,72343.2,2024-03-03,2024-03-18,Partially Delivered
PO0008,SUP010,Metro Distributors,P107,Tablet,60,12119.05,727143.0,2023-02-28,2023-03-16,Cancelled
PO0009,SUP010,Bluechip Suppliers,P108,Scanner,127,6239.2,792378.4,2024-08-21,2024-08-29,Delivered
PO0010,SUP010,Global Components,P103,Monitor,28,6041.09,169150.52,2024-10-29,2024-11-08,Cancelled
PO0011,SUP001,Prime Supplies,P111,Desktop,28,29017.92,812501.76,2024-01-23,2024-02-16,Delivered
PO0012,SUP002,Apex Industrial,P102,Printer,17,7549.21,128336.57,2024-07-08,2024-07-21,Cancelled
PO0013,SUP004,Global Components,P107,Tablet,51,13095.52,667871.52,2023-03-25,2023-04-24,Cancelled
PO0014,SUP009,Vertex Traders,P108,Scanner,13,6653.1,86490.3,2024-01-11,2024-01-28,Cancelled
PO0015,SUP004,National Electronics,P114,RAM,110,2614.98,287647.8,2023-02-11,2023-02-28,Delivered
PO0016,SUP001,Reliable Systems,P102,Printer,141,9495.05,1338802.05,2024-01-06,2024-01-22,Partially Delivered
PO0017,SUP007,National Electronics,P113,SSD,75,3520.83,264062.25,2023-02-07,2023-02-26,Delivered
PO0018,SUP004,Apex Industrial,P111,Desktop,88,30718.71,2703246.48,2023-07-13,2023-08-09,Cancelled
PO0019,SUP003,Smart Source,P106,Router,12,2242.42,26909.04,2024-09-11,2024-09-28,Delivered
PO0020,SUP002,Reliable Systems,P103,Monitor,53,5324.82,282215.46,2024-03-20,2024-03-28,Delivered
PO0021,SUP006,Bluechip Suppliers,P105,Mouse,65,707.17,45966.05,2024-11-12,2024-11-21,Partially Delivered
PO0022,SUP001,Bluechip Suppliers,P105,Mouse,48,522.38,25074.24,2024-06-11,2024-07-02,Cancelled
PO0023,SUP004,Reliable Systems,P110,UPS,35,4631.83,162114.05,2024-02-22,2024-03-02,Ordered
PO0024,SUP006,Metro Distributors,P111,Desktop,107,26422.24,2827179.68,2023-07-25,2023-08-16,Delivered
PO0025,SUP001,Vertex Traders,P112,Webcam,82,2669.35,218886.7,2023-07-11,2023-07-27,Delivered
PO0026,SUP004,Global Components,P104,Keyboard,72,1130.8,81417.6,2023-07-27,2023-08-02,Ordered
PO0027,SUP007,ABC Technologies,P112,Webcam,103,2574.41,265164.23,2024-06-25,2024-07-15,Partially Delivered
PO0028,SUP007,Apex Industrial,P112,Webcam,78,2115.0,164970.0,2024-04-23,2024-05-22,Partially Delivered
PO0029,SUP005,Vertex Traders,P108,Scanner,94,7493.79,704416.26,2024-02-16,2024-03-10,Delivered
PO0030,SUP005,National Electronics,P106,Router,71,2383.42,169222.82,2024-07-31,2024-08-20,Cancelled
PO0031,SUP004,Reliable Systems,P115,Headset,138,1595.26,220145.88,2023-03-07,2023-03-25,Delivered
PO0032,SUP009,ABC Technologies,P102,Printer,55,7835.73,430965.15,2024-01-14,2024-01-19,Partially Delivered
PO0033,SUP007,Apex Industrial,P115,Headset,88,1685.79,148349.52,2023-12-16,2023-12-26,Delivered
PO0034,SUP008,Prime Supplies,P106,Router,105,2529.5,265597.5,2024-02-11,2024-02-25,Ordered
PO0035,SUP004,Vertex Traders,P114,RAM,71,2105.44,149486.24,2023-10-10,2023-10-19,Ordered
PO0036,SUP005,Bluechip Suppliers,P105,Mouse,56,598.9,33538.4,2023-10-20,2023-10-26,Delivered
PO0037,SUP006,Reliable Systems,P104,Keyboard,50,1498.12,74906.0,2023-04-30,2023-05-14,Delivered
PO0038,SUP008,Metro Distributors,P112,Webcam,24,2194.69,52672.56,2024-02-27,2024-03-10,Ordered
PO0039,SUP002,Smart Source,P115,Headset,14,1341.59,18782.26,2024-10-23,2024-11-18,Partially Delivered
PO0040,SUP006,Bluechip Suppliers,P115,Headset,52,1422.3,73959.6,2023-05-04,2023-05-11,Cancelled
PO0041,SUP005,Prime Supplies,P102,Printer,81,7746.01,627426.81,2023-08-03,2023-08-19,Cancelled
PO0042,SUP008,ABC Technologies,P115,Headset,139,1894.21,263295.19,2023-09-23,2023-10-06,Ordered
PO0043,SUP001,Bluechip Suppliers,P108,Scanner,59,7057.03,416364.77,2023-06-17,2023-07-12,Cancelled
PO0044,SUP008,Smart Source,P113,SSD,97,4469.26,433518.22,2023-06-01,2023-06-13,Cancelled
PO0045,SUP004,Metro Distributors,P103,Monitor,120,5360.73,643287.6,2023-11-28,2023-12-16,Cancelled
PO0046,SUP001,Vertex Traders,P101,Laptop,38,31679.86,1203834.68,2023-03-05,2023-03-30,Delivered
PO0047,SUP006,Vertex Traders,P114,RAM,122,3152.97,384662.34,2023-03-06,2023-03-11,Ordered
PO0048,SUP003,Prime Supplies,P101,Laptop,16,41311.62,660985.92,2024-05-10,2024-06-05,Ordered
PO0049,SUP002,National Electronics,P105,Mouse,57,581.34,33136.38,2024-11-09,2024-11-20,Ordered
PO0050,SUP002,Metro Distributors,P110,UPS,87,3708.08,322602.96,2024-08-10,2024-09-06,Cancelled
PO0051,SUP004,Global Components,P109,Projector,32,19552.77,625688.64,2023-06-18,2023-06-24,Delivered
PO0052,SUP007,Prime Supplies,P107,Tablet,98,14417.03,1412868.94,2023-06-07,2023-06-28,Ordered
PO0053,SUP004,Vertex Traders,P110,UPS,57,4336.1,247157.7,2024-10-08,2024-10-28,Delivered
PO0054,SUP004,Metro Distributors,P112,Webcam,105,2687.71,282209.55,2023-12-27,2024-01-22,Delivered
PO0055,SUP010,Metro Distributors,P103,Monitor,48,5935.85,284920.8,2024-03-29,2024-04-10,Delivered
PO0056,SUP004,Vertex Traders,P101,Laptop,83,32953.86,2735170.38,2024-04-30,2024-05-27,Delivered
PO0057,SUP006,ABC Technologies,P103,Monitor,68,5415.74,368270.32,2023-03-31,2023-04-21,Cancelled
PO0058,SUP001,Bluechip Suppliers,P107,Tablet,33,18088.83,596931.39,2024-07-18,2024-08-06,Delivered
PO0059,SUP009,Prime Supplies,P107,Tablet,137,17300.22,2370130.14,2023-05-04,2023-06-02,Delivered
PO0060,SUP003,National Electronics,P107,Tablet,19,12751.22,242273.18,2024-05-18,2024-05-26,Ordered
PO0061,SUP009,Prime Supplies,P106,Router,66,2862.6,188931.6,2024-07-25,2024-08-20,Ordered
PO0062,SUP005,Bluechip Suppliers,P114,RAM,136,2849.49,387530.64,2024-10-07,2024-10-25,Partially Delivered
PO0063,SUP005,Prime Supplies,P113,SSD,113,3814.49,431037.37,2023-11-29,2023-12-18,Delivered
PO0064,SUP003,Bluechip Suppliers,P104,Keyboard,65,1520.36,98823.4,2023-06-06,2023-06-15,Ordered
PO0065,SUP003,Vertex Traders,P111,Desktop,37,32605.2,1206392.4,2023-10-27,2023-11-09,Delivered
PO0066,SUP001,National Electronics,P112,Webcam,57,1931.49,110094.93,2023-12-29,2024-01-15,Delivered
PO0067,SUP007,Metro Distributors,P114,RAM,96,2330.61,223738.56,2024-11-02,2024-11-08,Cancelled
PO0068,SUP009,ABC Technologies,P114,RAM,72,2166.0,155952.0,2024-10-25,2024-11-02,Partially Delivered
PO0069,SUP008,Vertex Traders,P107,Tablet,135,13920.15,1879220.25,2023-08-30,2023-09-04,Delivered
PO0070,SUP006,Prime Supplies,P114,RAM,88,2970.27,261383.76,2024-10-30,2024-11-21,Ordered
PO0071,SUP007,ABC Technologies,P115,Headset,28,1478.22,41390.16,2024-01-30,2024-02-09,Partially Delivered
PO0072,SUP006,National Electronics,P111,Desktop,112,25988.41,2910701.92,2024-04-29,2024-05-25,Ordered
PO0073,SUP006,Reliable Systems,P106,Router,80,2755.29,220423.2,2023-02-16,2023-03-04,Ordered
PO0074,SUP006,Global Components,P113,SSD,54,4570.69,246817.26,2024-11-06,2024-11-13,Cancelled
PO0075,SUP006,Vertex Traders,P112,Webcam,78,1829.14,142672.92,2024-08-02,2024-08-31,Cancelled
PO0076,SUP010,National Electronics,P105,Mouse,14,648.79,9083.06,2024-11-17,2024-11-24,Delivered
PO0077,SUP003,ABC Technologies,P110,UPS,92,4111.55,378262.6,2024-05-23,2024-06-08,Cancelled
PO0078,SUP003,National Electronics,P113,SSD,10,4363.49,43634.9,2023-01-19,2023-02-01,Delivered
PO0079,SUP002,Prime Supplies,P111,Desktop,13,23996.12,311949.56,2024-10-29,2024-11-18,Ordered
PO0080,SUP004,National Electronics,P103,Monitor,88,4575.9,402679.2,2023-07-26,2023-08-18,Cancelled
PO0081,SUP001,Apex Industrial,P108,Scanner,146,6839.61,998583.06,2024-04-09,2024-04-26,Cancelled
PO0082,SUP004,Global Components,P104,Keyboard,28,1079.09,30214.52,2024-05-17,2024-06-06,Delivered
PO0083,SUP001,Smart Source,P103,Monitor,122,5964.88,727715.36,2024-11-22,2024-12-21,Partially Delivered
PO0084,SUP009,National Electronics,P112,Webcam,145,2273.37,329638.65,2024-05-01,2024-05-26,Partially Delivered
PO0085,SUP005,Metro Distributors,P104,Keyboard,63,1497.98,94372.74,2024-12-02,2024-12-25,Ordered
PO0086,SUP005,Metro Distributors,P110,UPS,33,4433.94,146320.02,2024-01-27,2024-02-11,Ordered
PO0087,SUP001,Prime Supplies,P109,Projector,95,16926.19,1607988.05,2023-05-08,2023-05-17,Ordered
PO0088,SUP006,Smart Source,P110,UPS,27,3933.55,106205.85,2023-01-25,2023-02-23,Cancelled
PO0089,SUP005,Smart Source,P105,Mouse,82,647.02,53055.64,2024-04-12,2024-05-12,Ordered
PO0090,SUP008,National Electronics,P112,Webcam,22,1761.14,38745.08,2024-03-06,2024-03-28,Partially Delivered
PO0091,SUP007,Reliable Systems,P105,Mouse,149,674.65,100522.85,2024-03-21,2024-04-10,Cancelled
PO0092,SUP004,National Electronics,P110,UPS,125,4962.04,620255.0,2023-04-02,2023-04-20,Partially Delivered
PO0093,SUP001,National Electronics,P107,Tablet,18,13795.75,248323.5,2023-12-05,2023-12-11,Delivered
PO0094,SUP001,Apex Industrial,P106,Router,90,2658.98,239308.2,2024-04-26,2024-05-07,Cancelled
PO0095,SUP002,Global Components,P105,Mouse,119,661.44,78711.36,2024-04-20,2024-05-09,Partially Delivered
PO0096,SUP006,Apex Industrial,P103,Monitor,107,4934.58,528000.06,2023-07-30,2023-08-05,Cancelled
PO0097,SUP003,Bluechip Suppliers,P112,Webcam,12,1932.08,23184.96,2023-12-25,2024-01-02,Delivered
PO0098,SUP004,Global Components,P108,Scanner,115,7147.1,821916.5,2024-03-12,2024-03-26,Partially Delivered
PO0099,SUP010,Vertex Traders,P110,UPS,84,4949.1,415724.4,2024-09-27,2024-10-19,Cancelled
PO0100,SUP005,Vertex Traders,P106,Router,82,2359.64,193490.48,2024-03-21,2024-04-02,Partially Delivered
PO0101,SUP005,Global Components,P114,RAM,84,2939.68,246933.12,2023-11-11,2023-12-08,Partially Delivered
PO0102,SUP004,Apex Industrial,P110,UPS,41,4011.94,164489.54,2024-09-09,2024-10-02,Delivered
PO0103,SUP004,Apex Industrial,P114,RAM,76,2404.4,182734.4,2024-04-06,2024-04-20,Partially Delivered
PO0104,SUP009,Prime Supplies,P115,Headset,114,1509.93,172132.02,2024-06-22,2024-07-21,Delivered
PO0105,SUP003,Apex Industrial,P104,Keyboard,22,1310.39,28828.58,2024-05-27,2024-06-14,Cancelled
PO0106,SUP009,Apex Industrial,P112,Webcam,65,2708.79,176071.35,2024-11-16,2024-12-08,Partially Delivered
PO0107,SUP010,Smart Source,P102,Printer,73,7167.7,523242.1,2023-01-09,2023-02-07,Delivered
PO0108,SUP001,Smart Source,P101,Laptop,54,29227.15,1578266.1,2024-05-05,2024-06-03,Partially Delivered
PO0109,SUP007,Vertex Traders,P105,Mouse,142,588.89,83622.38,2023-10-21,2023-11-15,Partially Delivered
PO0110,SUP004,ABC Technologies,P108,Scanner,43,7673.56,329963.08,2023-05-09,2023-05-15,Ordered
PO0111,SUP002,Prime Supplies,P105,Mouse,81,648.0,52488.0,2023-11-08,2023-11-25,Delivered
PO0112,SUP006,Global Components,P110,UPS,23,4781.33,109970.59,2023-05-25,2023-06-22,Delivered
PO0113,SUP007,Vertex Traders,P113,SSD,39,3361.67,131105.13,2024-04-17,2024-05-02,Cancelled
PO0114,SUP008,ABC Technologies,P104,Keyboard,94,1304.47,122620.18,2024-10-05,2024-10-31,Cancelled
PO0115,SUP002,Reliable Systems,P113,SSD,30,4547.45,136423.5,2024-09-16,2024-09-27,Partially Delivered
PO0116,SUP007,National Electronics,P109,Projector,86,16988.88,1461043.68,2024-12-13,2024-12-28,Delivered
PO0117,SUP006,ABC Technologies,P102,Printer,28,7402.16,207260.48,2024-07-09,2024-07-31,Delivered
PO0118,SUP003,ABC Technologies,P105,Mouse,56,546.43,30600.08,2024-02-22,2024-03-03,Delivered
PO0119,SUP007,Metro Distributors,P104,Keyboard,89,1237.06,110098.34,2023-07-07,2023-07-20,Ordered
PO0120,SUP010,National Electronics,P101,Laptop,87,30979.86,2695247.82,2024-04-06,2024-05-03,Cancelled
PO0121,SUP006,Prime Supplies,P113,SSD,148,4396.47,650677.56,2023-02-03,2023-02-25,Partially Delivered
PO0122,SUP008,Smart Source,P107,Tablet,22,13109.74,288414.28,2024-10-31,2024-11-07,Partially Delivered
PO0123,SUP004,Vertex Traders,P102,Printer,129,7548.59,973768.11,2023-02-08,2023-02-22,Ordered
PO0124,SUP003,Prime Supplies,P103,Monitor,68,5687.75,386767.0,2024-01-11,2024-01-17,Partially Delivered
PO0125,SUP006,Prime Supplies,P107,Tablet,110,14333.05,1576635.5,2024-04-04,2024-05-03,Delivered
PO0126,SUP004,ABC Technologies,P104,Keyboard,44,1270.97,55922.68,2023-06-06,2023-06-30,Delivered
PO0127,SUP004,Metro Distributors,P101,Laptop,44,32452.84,1427924.96,2024-08-10,2024-08-18,Ordered
PO0128,SUP008,Smart Source,P104,Keyboard,15,1108.51,16627.65,2023-09-17,2023-10-05,Ordered
PO0129,SUP008,Vertex Traders,P112,Webcam,41,2403.51,98543.91,2024-03-14,2024-04-13,Ordered
PO0130,SUP010,Vertex Traders,P108,Scanner,119,5629.68,669931.92,2024-05-04,2024-05-28,Partially Delivered
PO0131,SUP004,ABC Technologies,P104,Keyboard,24,1083.72,26009.28,2024-10-19,2024-11-04,Ordered
PO0132,SUP005,Smart Source,P115,Headset,54,1975.37,106669.98,2024-08-18,2024-09-09,Delivered
PO0133,SUP003,Bluechip Suppliers,P104,Keyboard,17,1107.06,18820.02,2023-05-15,2023-05-21,Partially Delivered
PO0134,SUP001,Global Components,P108,Scanner,27,7922.66,213911.82,2024-08-18,2024-09-17,Cancelled
PO0135,SUP003,Reliable Systems,P112,Webcam,51,2679.31,136644.81,2024-11-08,2024-12-08,Ordered
PO0136,SUP009,Smart Source,P115,Headset,105,1362.11,143021.55,2024-02-28,2024-03-12,Ordered
PO0137,SUP006,Reliable Systems,P114,RAM,131,2822.1,369695.1,2024-12-08,2024-12-28,Cancelled
PO0138,SUP006,Bluechip Suppliers,P102,Printer,56,9932.37,556212.72,2023-02-21,2023-03-10,Delivered
PO0139,SUP003,Vertex Traders,P109,Projector,122,16694.32,2036707.04,2024-11-24,2024-12-14,Ordered
PO0140,SUP010,Vertex Traders,P103,Monitor,49,5159.98,252839.02,2023-02-11,2023-03-13,Cancelled
PO0141,SUP003,Metro Distributors,P107,Tablet,146,13959.53,2038091.38,2023-09-18,2023-10-09,Cancelled
PO0142,SUP003,Global Components,P104,Keyboard,58,1233.74,71556.92,2023-03-20,2023-04-19,Delivered
PO0143,SUP008,Bluechip Suppliers,P102,Printer,32,10125.58,324018.56,2023-05-03,2023-05-24,Ordered
PO0144,SUP010,ABC Technologies,P104,Keyboard,98,1520.56,149014.88,2024-07-20,2024-08-07,Ordered
PO0145,SUP001,Metro Distributors,P108,Scanner,22,7684.42,169057.24,2024-05-11,2024-05-25,Delivered
PO0146,SUP005,Vertex Traders,P106,Router,36,2542.14,91517.04,2024-09-26,2024-10-20,Delivered
PO0147,SUP002,Prime Supplies,P110,UPS,91,4623.39,420728.49,2023-04-23,2023-05-13,Delivered
PO0148,SUP004,Bluechip Suppliers,P103,Monitor,136,6668.83,906960.88,2023-09-18,2023-09-30,Cancelled
PO0149,SUP003,Global Components,P103,Monitor,51,4451.51,227027.01,2023-10-24,2023-11-02,Cancelled
PO0150,SUP005,Apex Industrial,P103,Monitor,106,6029.91,639170.46,2024-12-02,2025-01-01,Cancelled
PO0151,SUP009,Metro Distributors,P114,RAM,59,3126.0,184434.0,2023-01-02,2023-01-29,Delivered
PO0152,SUP009,Bluechip Suppliers,P105,Mouse,85,576.55,49006.75,2023-01-19,2023-02-02,Cancelled
PO0153,SUP003,ABC Technologies,P109,Projector,94,15498.65,1456873.1,2024-04-20,2024-04-25,Partially Delivered
PO0154,SUP002,Apex Industrial,P110,UPS,106,4678.72,495944.32,2024-12-01,2024-12-17,Partially Delivered
PO0155,SUP003,National Electronics,P104,Keyboard,124,1258.29,156027.96,2024-09-30,2024-10-27,Cancelled
PO0156,SUP006,National Electronics,P111,Desktop,63,25115.47,1582274.61,2024-09-04,2024-10-02,Delivered
PO0157,SUP006,Prime Supplies,P105,Mouse,57,617.13,35176.41,2024-05-24,2024-06-13,Delivered
PO0158,SUP002,National Electronics,P115,Headset,101,1728.41,174569.41,2023-01-18,2023-02-05,Partially Delivered
PO0159,SUP001,Vertex Traders,P109,Projector,31,16590.78,514314.18,2024-09-11,2024-09-20,Delivered
PO0160,SUP007,Metro Distributors,P103,Monitor,83,4680.86,388511.38,2023-11-27,2023-12-26,Ordered
PO0161,SUP010,National Electronics,P103,Monitor,91,5157.93,469371.63,2024-11-11,2024-12-08,Delivered
PO0162,SUP007,Prime Supplies,P107,Tablet,72,15157.6,1091347.2,2023-06-07,2023-07-02,Partially Delivered
PO0163,SUP006,Reliable Systems,P111,Desktop,56,23638.59,1323761.04,2024-01-22,2024-01-29,Ordered
PO0164,SUP002,Metro Distributors,P111,Desktop,96,24323.41,2335047.36,2023-07-29,2023-08-26,Ordered
PO0165,SUP003,Global Components,P101,Laptop,79,36108.45,2852567.55,2023-08-18,2023-09-14,Ordered
PO0166,SUP002,Vertex Traders,P103,Monitor,48,4626.47,222070.56,2023-06-27,2023-07-27,Partially Delivered
PO0167,SUP007,Bluechip Suppliers,P109,Projector,38,21374.32,812224.16,2024-07-05,2024-07-14,Cancelled
PO0168,SUP002,Apex Industrial,P109,Projector,137,23728.05,3250742.85,2023-11-02,2023-11-07,Ordered
PO0169,SUP007,Reliable Systems,P109,Projector,93,17602.01,1636986.93,2024-07-04,2024-07-10,Partially Delivered
PO0170,SUP001,National Electronics,P113,SSD,44,4406.33,193878.52,2024-11-20,2024-11-25,Delivered
PO0171,SUP009,Smart Source,P110,UPS,138,4948.02,682826.76,2024-05-24,2024-06-12,Delivered
PO0172,SUP007,Reliable Systems,P114,RAM,90,2683.69,241532.1,2024-02-02,2024-02-27,Cancelled
PO0173,SUP007,Prime Supplies,P112,Webcam,89,2504.07,222862.23,2023-05-02,2023-05-26,Delivered
PO0174,SUP007,Prime Supplies,P105,Mouse,56,525.18,29410.08,2023-05-25,2023-06-21,Delivered
PO0175,SUP002,ABC Technologies,P102,Printer,59,7258.88,428273.92,2023-11-09,2023-12-06,Partially Delivered
PO0176,SUP008,Bluechip Suppliers,P103,Monitor,74,5676.55,420064.7,2023-04-26,2023-05-10,Ordered
PO0177,SUP007,Apex Industrial,P102,Printer,130,9705.72,1261743.6,2024-04-02,2024-04-11,Partially Delivered
PO0178,SUP004,Global Components,P110,UPS,144,3473.76,500221.44,2023-06-14,2023-07-05,Ordered
PO0179,SUP001,Prime Supplies,P101,Laptop,66,40627.75,2681431.5,2024-03-08,2024-03-26,Ordered
PO0180,SUP003,Bluechip Suppliers,P101,Laptop,11,32717.53,359892.83,2023-07-21,2023-08-18,Partially Delivered
PO0181,SUP006,ABC Technologies,P104,Keyboard,149,1203.86,179375.14,2023-04-09,2023-04-14,Partially Delivered
PO0182,SUP009,ABC Technologies,P113,SSD,55,3470.75,190891.25,2024-06-26,2024-07-08,Partially Delivered
PO0183,SUP010,Apex Industrial,P109,Projector,51,23169.2,1181629.2,2024-09-22,2024-10-02,Ordered
PO0184,SUP003,Smart Source,P101,Laptop,125,33471.61,4183951.25,2024-12-15,2025-01-02,Cancelled
PO0185,SUP004,Bluechip Suppliers,P115,Headset,72,1937.61,139507.92,2023-07-01,2023-07-23,Cancelled
PO0186,SUP002,Bluechip Suppliers,P111,Desktop,62,25802.58,1599759.96,2024-05-10,2024-05-28,Partially Delivered
PO0187,SUP007,Prime Supplies,P111,Desktop,39,34229.24,1334940.36,2024-07-09,2024-08-08,Cancelled
PO0188,SUP002,ABC Technologies,P108,Scanner,36,5931.32,213527.52,2024-07-19,2024-08-02,Ordered
PO0189,SUP004,Apex Industrial,P104,Keyboard,49,1348.46,66074.54,2023-06-10,2023-06-21,Delivered
PO0190,SUP003,Smart Source,P102,Printer,148,9656.94,1429227.12,2023-08-18,2023-09-03,Ordered
PO0191,SUP007,Smart Source,P109,Projector,132,18133.08,2393566.56,2024-12-18,2024-12-23,Cancelled
PO0192,SUP006,Apex Industrial,P107,Tablet,34,16394.24,557404.16,2024-03-08,2024-04-06,Delivered
PO0193,SUP004,Global Components,P101,Laptop,147,35339.7,5194935.9,2024-10-31,2024-11-13,Delivered
PO0194,SUP009,Global Components,P108,Scanner,123,7951.09,977984.07,2023-04-30,2023-05-19,Partially Delivered
PO0195,SUP004,Bluechip Suppliers,P110,UPS,117,4343.2,508154.4,2024-06-30,2024-07-25,Partially Delivered
PO0196,SUP003,National Electronics,P106,Router,137,2112.1,289357.7,2024-11-22,2024-11-27,Cancelled
PO0197,SUP006,Apex Industrial,P106,Router,112,2485.56,278382.72,2023-06-24,2023-07-18,Ordered
PO0198,SUP009,Apex Industrial,P103,Monitor,92,5475.72,503766.24,2023-11-12,2023-12-06,Delivered
PO0199,SUP007,ABC Technologies,P106,Router,93,2159.69,200851.17,2023-10-07,2023-11-02,Cancelled
PO0200,SUP001,Smart Source,P112,Webcam,86,2611.13,224557.18,2024-08-16,2024-09-09,Partially Delivered
PO0201,SUP007,Apex Industrial,P111,Desktop,131,24898.26,3261672.06,2024-09-24,2024-10-12,Partially Delivered
PO0202,SUP001,Bluechip Suppliers,P102,Printer,122,8666.74,1057342.28,2024-02-10,2024-03-01,Ordered
PO0203,SUP005,Bluechip Suppliers,P109,Projector,127,17978.75,2283301.25,2024-11-27,2024-12-17,Partially Delivered
PO0204,SUP004,Apex Industrial,P111,Desktop,82,28210.91,2313294.62,2023-03-19,2023-04-09,Partially Delivered
PO0205,SUP009,Vertex Traders,P102,Printer,115,8263.36,950286.4,2023-10-23,2023-11-11,Delivered
PO0206,SUP005,Apex Industrial,P107,Tablet,147,17435.62,2563036.14,2023-04-20,2023-05-07,Ordered
PO0207,SUP009,National Electronics,P105,Mouse,84,580.33,48747.72,2024-09-11,2024-09-21,Ordered
PO0208,SUP007,Prime Supplies,P106,Router,53,2049.18,108606.54,2023-02-02,2023-02-12,Cancelled
PO0209,SUP001,ABC Technologies,P101,Laptop,111,33503.22,3718857.42,2024-07-20,2024-08-13,Delivered
PO0210,SUP002,Metro Distributors,P105,Mouse,146,720.06,105128.76,2024-01-03,2024-01-24,Ordered
PO0211,SUP001,Vertex Traders,P109,Projector,148,20214.33,2991720.84,2023-07-14,2023-08-09,Cancelled
PO0212,SUP008,Reliable Systems,P105,Mouse,148,643.79,95280.92,2024-09-25,2024-10-19,Ordered
PO0213,SUP003,Smart Source,P109,Projector,98,18894.35,1851646.3,2023-08-31,2023-09-05,Partially Delivered
PO0214,SUP006,National Electronics,P115,Headset,13,1354.02,17602.26,2023-08-06,2023-08-12,Cancelled
PO0215,SUP007,Reliable Systems,P102,Printer,101,8922.18,901140.18,2023-01-18,2023-02-03,Ordered
PO0216,SUP009,Reliable Systems,P109,Projector,76,21844.93,1660214.68,2023-07-16,2023-08-04,Cancelled
PO0217,SUP001,Global Components,P108,Scanner,23,6657.56,153123.88,2024-05-06,2024-06-03,Cancelled
PO0218,SUP002,Metro Distributors,P103,Monitor,116,6507.65,754887.4,2023-02-05,2023-02-10,Cancelled
PO0219,SUP005,Reliable Systems,P106,Router,41,1974.99,80974.59,2023-10-05,2023-10-19,Delivered
PO0220,SUP006,National Electronics,P110,UPS,21,4008.11,84170.31,2023-10-08,2023-11-03,Cancelled
PO0221,SUP003,Prime Supplies,P114,RAM,105,2277.91,239180.55,2023-02-09,2023-02-26,Ordered
PO0222,SUP003,Vertex Traders,P106,Router,98,2566.85,251551.3,2024-03-22,2024-04-11,Cancelled
PO0223,SUP010,ABC Technologies,P113,SSD,55,3328.99,183094.45,2023-07-05,2023-07-13,Partially Delivered
PO0224,SUP005,Smart Source,P104,Keyboard,65,1493.21,97058.65,2024-10-25,2024-11-20,Ordered
PO0225,SUP009,Reliable Systems,P105,Mouse,137,577.97,79181.89,2024-02-03,2024-02-17,Partially Delivered
PO0226,SUP002,Metro Distributors,P106,Router,67,2555.82,171239.94,2023-12-01,2023-12-11,Delivered
PO0227,SUP005,Vertex Traders,P106,Router,11,2438.55,26824.05,2023-03-25,2023-04-03,Partially Delivered
PO0228,SUP001,Metro Distributors,P104,Keyboard,36,1079.76,38871.36,2024-09-02,2024-09-08,Cancelled
PO0229,SUP008,Metro Distributors,P103,Monitor,57,6671.61,380281.77,2023-03-11,2023-04-07,Delivered
PO0230,SUP005,Bluechip Suppliers,P111,Desktop,128,29332.63,3754576.64,2024-03-11,2024-04-09,Delivered
PO0231,SUP006,Bluechip Suppliers,P110,UPS,98,4300.23,421422.54,2024-12-30,2025-01-25,Partially Delivered
PO0232,SUP006,Prime Supplies,P103,Monitor,56,5802.69,324950.64,2023-11-09,2023-11-19,Partially Delivered
PO0233,SUP008,Vertex Traders,P102,Printer,113,7016.36,792848.68,2024-05-29,2024-06-13,Ordered
PO0234,SUP001,Vertex Traders,P108,Scanner,27,5381.01,145287.27,2023-02-23,2023-03-16,Partially Delivered
PO0235,SUP005,Smart Source,P110,UPS,33,3764.99,124244.67,2024-04-10,2024-04-24,Delivered
PO0236,SUP003,Reliable Systems,P113,SSD,103,4078.74,420110.22,2024-01-01,2024-01-30,Cancelled
PO0237,SUP008,Global Components,P114,RAM,145,2924.25,424016.25,2023-10-30,2023-11-07,Partially Delivered
PO0238,SUP004,Reliable Systems,P110,UPS,86,4564.19,392520.34,2024-08-07,2024-08-26,Partially Delivered
PO0239,SUP009,Bluechip Suppliers,P114,RAM,62,2131.78,132170.36,2023-08-25,2023-09-14,Ordered
PO0240,SUP002,Global Components,P104,Keyboard,59,1057.4,62386.6,2023-08-11,2023-08-29,Delivered
PO0241,SUP001,Bluechip Suppliers,P104,Keyboard,143,1485.96,212492.28,2023-07-06,2023-07-24,Cancelled
PO0242,SUP006,Prime Supplies,P109,Projector,146,22872.85,3339436.1,2024-07-24,2024-07-31,Cancelled
PO0243,SUP007,Prime Supplies,P109,Projector,131,17048.91,2233407.21,2023-10-20,2023-11-11,Partially Delivered
PO0244,SUP005,National Electronics,P111,Desktop,26,27049.61,703289.86,2023-05-06,2023-05-25,Partially Delivered
PO0245,SUP009,ABC Technologies,P114,RAM,64,3146.3,201363.2,2023-08-20,2023-09-09,Ordered
PO0246,SUP004,Reliable Systems,P109,Projector,37,18392.42,680519.54,2024-12-03,2024-12-23,Partially Delivered
PO0247,SUP007,Prime Supplies,P114,RAM,107,2656.08,284200.56,2024-05-05,2024-05-24,Cancelled
PO0248,SUP007,Prime Supplies,P110,UPS,26,5076.49,131988.74,2023-08-18,2023-08-29,Partially Delivered
PO0249,SUP006,ABC Technologies,P115,Headset,106,1772.96,187933.76,2024-03-16,2024-03-29,Ordered
PO0250,SUP009,Vertex Traders,P112,Webcam,19,1867.68,35485.92,2024-06-29,2024-07-23,Cancelled
PO0251,SUP006,Prime Supplies,P104,Keyboard,14,1276.9,17876.6,2023-08-28,2023-09-23,Ordered
PO0252,SUP009,Reliable Systems,P112,Webcam,31,2278.69,70639.39,2024-02-24,2024-03-21,Partially Delivered
PO0253,SUP009,Reliable Systems,P103,Monitor,85,5335.67,453531.95,2024-06-10,2024-07-09,Cancelled
PO0254,SUP008,Vertex Traders,P110,UPS,104,4088.47,425200.88,2024-07-28,2024-08-13,Partially Delivered
PO0255,SUP002,Apex Industrial,P113,SSD,143,3233.59,462403.37,2024-06-14,2024-07-12,Ordered
PO0256,SUP009,Apex Industrial,P103,Monitor,46,4571.5,210289.0,2024-08-20,2024-09-08,Ordered
PO0257,SUP010,Smart Source,P114,RAM,45,2431.13,109400.85,2024-07-07,2024-07-18,Ordered
PO0258,SUP005,Reliable Systems,P108,Scanner,13,7864.76,102241.88,2024-08-17,2024-09-07,Partially Delivered
PO0259,SUP008,Prime Supplies,P113,SSD,35,4328.35,151492.25,2023-07-31,2023-08-18,Cancelled
PO0260,SUP001,Metro Distributors,P109,Projector,36,16097.2,579499.2,2023-08-11,2023-09-05,Partially Delivered
PO0261,SUP002,Apex Industrial,P113,SSD,121,4425.72,535512.12,2023-04-27,2023-05-26,Delivered
PO0262,SUP006,Apex Industrial,P110,UPS,135,4801.73,648233.55,2023-03-23,2023-04-05,Ordered
PO0263,SUP010,Prime Supplies,P115,Headset,15,1851.28,27769.2,2024-09-24,2024-10-20,Ordered
PO0264,SUP003,Bluechip Suppliers,P108,Scanner,129,6869.71,886192.59,2024-01-15,2024-01-30,Cancelled
PO0265,SUP006,Global Components,P115,Headset,118,1741.34,205478.12,2023-08-15,2023-09-14,Partially Delivered
PO0266,SUP008,ABC Technologies,P112,Webcam,139,2276.92,316491.88,2023-01-22,2023-02-20,Partially Delivered
PO0267,SUP002,Global Components,P104,Keyboard,42,1353.6,56851.2,2023-01-21,2023-02-18,Delivered
PO0268,SUP010,Smart Source,P113,SSD,30,3042.22,91266.6,2024-06-29,2024-07-08,Partially Delivered
PO0269,SUP007,ABC Technologies,P103,Monitor,90,5238.95,471505.5,2023-09-07,2023-10-05,Ordered
PO0270,SUP002,Bluechip Suppliers,P112,Webcam,145,2074.97,300870.65,2024-07-01,2024-07-31,Ordered
PO0271,SUP004,Smart Source,P101,Laptop,82,32416.1,2658120.2,2023-05-19,2023-06-02,Delivered
PO0272,SUP009,Smart Source,P107,Tablet,27,18078.13,488109.51,2024-12-14,2025-01-13,Delivered
PO0273,SUP004,Vertex Traders,P107,Tablet,112,13023.08,1458584.96,2024-03-26,2024-04-02,Cancelled
PO0274,SUP010,ABC Technologies,P110,UPS,72,3676.17,264684.24,2023-09-05,2023-10-05,Ordered
PO0275,SUP006,Reliable Systems,P111,Desktop,95,29961.36,2846329.2,2024-03-16,2024-03-23,Cancelled
PO0276,SUP007,Metro Distributors,P111,Desktop,73,24182.95,1765355.35,2023-12-09,2023-12-26,Cancelled
PO0277,SUP007,Reliable Systems,P110,UPS,57,3942.72,224735.04,2023-04-29,2023-05-07,Delivered
PO0278,SUP008,Smart Source,P107,Tablet,20,16456.16,329123.2,2024-06-04,2024-06-16,Delivered
PO0279,SUP007,National Electronics,P108,Scanner,17,7662.49,130262.33,2024-07-11,2024-08-04,Cancelled
PO0280,SUP009,Global Components,P101,Laptop,97,41211.69,3997533.93,2023-10-30,2023-11-09,Cancelled
PO0281,SUP007,Global Components,P113,SSD,75,3448.1,258607.5,2024-12-22,2025-01-17,Ordered
PO0282,SUP006,Metro Distributors,P115,Headset,36,1768.89,63680.04,2024-12-14,2025-01-02,Partially Delivered
PO0283,SUP006,Global Components,P109,Projector,86,18840.6,1620291.6,2023-09-29,2023-10-05,Ordered
PO0284,SUP001,Reliable Systems,P104,Keyboard,149,990.66,147608.34,2024-05-17,2024-05-28,Delivered
PO0285,SUP002,Reliable Systems,P108,Scanner,117,5819.31,680859.27,2023-05-18,2023-06-08,Partially Delivered
PO0286,SUP010,Metro Distributors,P111,Desktop,79,28811.42,2276102.18,2024-06-25,2024-07-24,Partially Delivered
PO0287,SUP010,ABC Technologies,P113,SSD,64,4553.83,291445.12,2024-08-12,2024-08-30,Cancelled
PO0288,SUP001,Apex Industrial,P108,Scanner,112,5966.36,668232.32,2024-11-06,2024-11-30,Delivered
PO0289,SUP009,Smart Source,P103,Monitor,139,5687.79,790602.81,2023-10-12,2023-11-05,Partially Delivered
PO0290,SUP004,Vertex Traders,P114,RAM,91,2950.01,268450.91,2023-12-26,2024-01-03,Cancelled
PO0291,SUP001,National Electronics,P103,Monitor,135,4695.89,633945.15,2023-09-30,2023-10-11,Ordered
PO0292,SUP001,Metro Distributors,P113,SSD,37,4274.97,158173.89,2023-10-05,2023-11-03,Partially Delivered
PO0293,SUP008,Metro Distributors,P104,Keyboard,138,1400.4,193255.2,2023-03-08,2023-03-29,Cancelled
PO0294,SUP004,Metro Distributors,P108,Scanner,101,7966.13,804579.13,2023-08-16,2023-09-13,Cancelled
PO0295,SUP004,ABC Technologies,P105,Mouse,131,616.37,80744.47,2023-09-15,2023-09-23,Ordered
PO0296,SUP009,National Electronics,P110,UPS,38,4995.74,189838.12,2023-12-24,2024-01-04,Ordered
PO0297,SUP005,Prime Supplies,P103,Monitor,149,4706.52,701271.48,2023-05-17,2023-06-02,Ordered
PO0298,SUP002,Apex Industrial,P115,Headset,77,1368.83,105399.91,2023-06-24,2023-07-06,Ordered
PO0299,SUP005,Reliable Systems,P112,Webcam,101,2192.2,221412.2,2023-05-18,2023-05-23,Ordered
PO0300,SUP010,Reliable Systems,P101,Laptop,24,38109.14,914619.36,2024-05-21,2024-06-17,Ordered
PO0301,SUP004,Bluechip Suppliers,P110,UPS,65,3587.21,233168.65,2024-01-16,2024-02-14,Ordered
PO0302,SUP003,Prime Supplies,P101,Laptop,133,38218.8,5083100.4,2023-11-13,2023-11-21,Partially Delivered
PO0303,SUP003,National Electronics,P109,Projector,129,15636.55,2017114.95,2024-07-25,2024-08-14,Partially Delivered
PO0304,SUP002,Smart Source,P114,RAM,114,2323.34,264860.76,2023-07-01,2023-07-17,Partially Delivered
PO0305,SUP004,Prime Supplies,P113,SSD,46,3331.11,153231.06,2023-01-15,2023-01-28,Cancelled
PO0306,SUP001,Metro Distributors,P102,Printer,37,8520.85,315271.45,2024-09-28,2024-10-04,Partially Delivered
PO0307,SUP004,ABC Technologies,P107,Tablet,144,14948.7,2152612.8,2024-12-05,2024-12-22,Cancelled
PO0308,SUP003,ABC Technologies,P101,Laptop,48,35692.33,1713231.84,2024-04-04,2024-05-01,Delivered
PO0309,SUP004,National Electronics,P113,SSD,18,3077.47,55394.46,2023-12-10,2024-01-08,Cancelled
PO0310,SUP007,Bluechip Suppliers,P112,Webcam,44,1827.28,80400.32,2024-01-05,2024-01-16,Ordered
PO0311,SUP001,ABC Technologies,P101,Laptop,96,34472.7,3309379.2,2024-09-11,2024-09-26,Ordered
PO0312,SUP001,Smart Source,P108,Scanner,72,5614.2,404222.4,2024-07-30,2024-08-04,Delivered
PO0313,SUP008,Prime Supplies,P110,UPS,128,3461.06,443015.68,2023-02-05,2023-03-02,Delivered
PO0314,SUP001,Bluechip Suppliers,P102,Printer,37,7335.1,271398.7,2024-01-25,2024-02-17,Cancelled
PO0315,SUP003,Global Components,P115,Headset,29,1791.66,51958.14,2024-05-22,2024-05-31,Ordered
PO0316,SUP005,National Electronics,P113,SSD,74,3546.75,262459.5,2024-12-27,2025-01-25,Ordered
PO0317,SUP002,Smart Source,P108,Scanner,38,6848.02,260224.76,2024-07-14,2024-08-13,Ordered
PO0318,SUP003,Metro Distributors,P108,Scanner,75,6098.22,457366.5,2024-02-21,2024-02-27,Partially Delivered
PO0319,SUP007,ABC Technologies,P105,Mouse,43,544.59,23417.37,2023-05-28,2023-06-04,Delivered
PO0320,SUP002,Prime Supplies,P106,Router,56,2150.41,120422.96,2024-08-24,2024-09-06,Ordered
PO0321,SUP008,Prime Supplies,P110,UPS,79,3849.16,304083.64,2024-04-01,2024-05-01,Cancelled
PO0322,SUP006,Vertex Traders,P110,UPS,15,3674.84,55122.6,2023-07-07,2023-07-25,Ordered
PO0323,SUP008,Apex Industrial,P104,Keyboard,43,1243.98,53491.14,2023-03-22,2023-04-16,Partially Delivered
PO0324,SUP005,Vertex Traders,P112,Webcam,16,2691.69,43067.04,2024-11-24,2024-12-03,Partially Delivered
PO0325,SUP003,Global Components,P110,UPS,148,3931.36,581841.28,2024-01-27,2024-02-02,Ordered
PO0326,SUP002,Prime Supplies,P110,UPS,38,3875.4,147265.2,2024-07-03,2024-07-26,Cancelled
PO0327,SUP010,Bluechip Suppliers,P109,Projector,113,23744.29,2683104.77,2024-12-20,2025-01-03,Cancelled
PO0328,SUP007,Prime Supplies,P105,Mouse,132,645.12,85155.84,2024-06-10,2024-07-06,Delivered
PO0329,SUP009,Reliable Systems,P108,Scanner,107,8072.51,863758.57,2023-01-10,2023-01-31,Partially Delivered
PO0330,SUP009,Global Components,P108,Scanner,76,5292.36,402219.36,2023-08-25,2023-09-13,Ordered
PO0331,SUP003,Global Components,P110,UPS,18,4183.25,75298.5,2024-09-26,2024-10-19,Cancelled
PO0332,SUP009,Metro Distributors,P105,Mouse,21,508.6,10680.6,2024-08-07,2024-09-04,Cancelled
PO0333,SUP005,Bluechip Suppliers,P110,UPS,42,4800.49,201620.58,2023-11-30,2023-12-12,Partially Delivered
PO0334,SUP003,Global Components,P109,Projector,121,17671.52,2138253.92,2023-02-10,2023-03-03,Delivered
PO0335,SUP003,Prime Supplies,P110,UPS,145,4038.39,585566.55,2023-10-08,2023-10-26,Ordered
PO0336,SUP008,Prime Supplies,P103,Monitor,26,6794.89,176667.14,2023-07-24,2023-08-21,Ordered
PO0337,SUP004,ABC Technologies,P106,Router,94,1926.56,181096.64,2023-08-02,2023-08-31,Ordered
PO0338,SUP005,National Electronics,P101,Laptop,14,35728.16,500194.24,2024-01-21,2024-02-02,Cancelled
PO0339,SUP009,Apex Industrial,P104,Keyboard,38,1320.58,50182.04,2023-01-04,2023-01-25,Ordered
PO0340,SUP010,Global Components,P102,Printer,74,7028.8,520131.2,2023-01-03,2023-01-08,Cancelled
PO0341,SUP008,Metro Distributors,P110,UPS,48,4776.72,229282.56,2023-05-23,2023-06-18,Cancelled
PO0342,SUP008,Apex Industrial,P112,Webcam,146,2667.27,389421.42,2024-08-14,2024-09-11,Ordered
PO0343,SUP009,Global Components,P107,Tablet,12,15675.73,188108.76,2023-12-11,2023-12-25,Cancelled
PO0344,SUP001,Apex Industrial,P108,Scanner,76,6332.25,481251.0,2023-02-11,2023-02-17,Partially Delivered
PO0345,SUP004,Smart Source,P111,Desktop,66,26237.92,1731702.72,2023-05-02,2023-05-10,Ordered
PO0346,SUP002,Apex Industrial,P115,Headset,34,1696.84,57692.56,2023-03-29,2023-04-13,Partially Delivered
PO0347,SUP010,Reliable Systems,P112,Webcam,76,2076.54,157817.04,2023-05-25,2023-06-23,Delivered
PO0348,SUP002,Vertex Traders,P101,Laptop,58,37038.83,2148252.14,2024-11-11,2024-11-16,Delivered
PO0349,SUP008,Vertex Traders,P106,Router,71,2216.62,157380.02,2024-02-25,2024-03-01,Cancelled
PO0350,SUP007,National Electronics,P110,UPS,74,3810.09,281946.66,2024-12-21,2025-01-03,Cancelled
PO0351,SUP005,ABC Technologies,P103,Monitor,23,4629.18,106471.14,2024-07-17,2024-07-26,Delivered
PO0352,SUP003,Prime Supplies,P112,Webcam,148,2633.84,389808.32,2024-12-06,2024-12-27,Delivered
PO0353,SUP003,National Electronics,P109,Projector,124,20410.29,2530875.96,2023-10-23,2023-10-28,Delivered
PO0354,SUP005,Vertex Traders,P101,Laptop,145,32699.76,4741465.2,2023-03-13,2023-04-02,Delivered
PO0355,SUP004,National Electronics,P108,Scanner,68,7475.56,508338.08,2024-01-03,2024-01-28,Partially Delivered
PO0356,SUP001,Reliable Systems,P103,Monitor,66,5226.66,344959.56,2024-04-10,2024-04-15,Ordered
PO0357,SUP009,Vertex Traders,P103,Monitor,34,6781.98,230587.32,2024-07-27,2024-08-05,Ordered
PO0358,SUP003,Vertex Traders,P109,Projector,39,21167.6,825536.4,2023-03-13,2023-04-07,Partially Delivered
PO0359,SUP001,ABC Technologies,P110,UPS,14,3816.36,53429.04,2024-02-12,2024-02-20,Cancelled
PO0360,SUP007,ABC Technologies,P110,UPS,54,3694.31,199492.74,2023-09-28,2023-10-16,Ordered
PO0361,SUP008,Global Components,P102,Printer,42,8621.61,362107.62,2024-06-18,2024-06-27,Ordered
PO0362,SUP007,Global Components,P102,Printer,54,7321.81,395377.74,2023-05-11,2023-06-03,Partially Delivered
PO0363,SUP006,ABC Technologies,P102,Printer,42,6705.71,281639.82,2023-09-28,2023-10-20,Cancelled
PO0364,SUP005,Reliable Systems,P112,Webcam,119,2177.82,259160.58,2023-11-29,2023-12-11,Cancelled
PO0365,SUP003,Prime Supplies,P112,Webcam,21,2691.82,56528.22,2023-11-09,2023-12-04,Cancelled
PO0366,SUP001,Global Components,P107,Tablet,66,17724.06,1169787.96,2023-11-04,2023-11-21,Ordered
PO0367,SUP004,Reliable Systems,P106,Router,70,1932.19,135253.3,2024-05-26,2024-06-23,Cancelled
PO0368,SUP007,Global Components,P114,RAM,48,2385.8,114518.4,2023-12-25,2024-01-16,Cancelled
PO0369,SUP002,Prime Supplies,P107,Tablet,146,13215.91,1929522.86,2023-11-22,2023-12-21,Cancelled
PO0370,SUP007,National Electronics,P111,Desktop,56,28067.44,1571776.64,2023-01-04,2023-01-25,Cancelled
PO0371,SUP003,Reliable Systems,P115,Headset,99,1990.96,197105.04,2024-02-14,2024-02-23,Ordered
PO0372,SUP008,Bluechip Suppliers,P115,Headset,123,1956.39,240635.97,2024-02-23,2024-03-16,Partially Delivered
PO0373,SUP003,Apex Industrial,P113,SSD,85,3805.95,323505.75,2023-03-24,2023-04-19,Ordered
PO0374,SUP002,Bluechip Suppliers,P111,Desktop,63,27656.23,1742342.49,2023-02-07,2023-02-25,Partially Delivered
PO0375,SUP004,Vertex Traders,P109,Projector,133,23744.74,3158050.42,2023-05-30,2023-06-08,Partially Delivered
PO0376,SUP007,National Electronics,P113,SSD,63,3532.54,222550.02,2023-11-11,2023-12-09,Delivered
PO0377,SUP005,Apex Industrial,P102,Printer,48,6912.77,331812.96,2024-10-14,2024-11-01,Partially Delivered
PO0378,SUP007,Reliable Systems,P103,Monitor,101,5016.27,506643.27,2023-06-26,2023-07-01,Partially Delivered
PO0379,SUP010,Smart Source,P111,Desktop,32,32756.83,1048218.56,2023-04-14,2023-05-10,Delivered
PO0380,SUP004,ABC Technologies,P109,Projector,150,16074.59,2411188.5,2023-05-31,2023-06-19,Cancelled
PO0381,SUP005,Bluechip Suppliers,P104,Keyboard,88,1111.69,97828.72,2024-11-24,2024-12-17,Delivered
PO0382,SUP007,Bluechip Suppliers,P112,Webcam,26,2267.11,58944.86,2023-10-11,2023-11-03,Ordered
PO0383,SUP002,Global Components,P107,Tablet,113,13813.82,1560961.66,2023-01-19,2023-02-04,Ordered
PO0384,SUP004,Reliable Systems,P103,Monitor,33,4786.39,157950.87,2024-01-15,2024-01-29,Ordered
PO0385,SUP007,ABC Technologies,P113,SSD,57,3432.77,195667.89,2023-01-31,2023-02-08,Partially Delivered
PO0386,SUP003,Global Components,P110,UPS,145,4062.99,589133.55,2023-09-03,2023-09-23,Cancelled
PO0387,SUP004,Global Components,P101,Laptop,24,30539.54,732948.96,2023-03-05,2023-04-01,Cancelled
PO0388,SUP001,Metro Distributors,P109,Projector,22,16073.53,353617.66,2023-10-10,2023-10-16,Partially Delivered
PO0389,SUP008,Global Components,P115,Headset,131,1905.57,249629.67,2023-09-04,2023-09-12,Cancelled
PO0390,SUP007,Prime Supplies,P113,SSD,116,3100.22,359625.52,2023-04-18,2023-05-13,Partially Delivered
PO0391,SUP010,Reliable Systems,P111,Desktop,23,32194.16,740465.68,2023-09-22,2023-09-30,Cancelled
PO0392,SUP002,Global Components,P114,RAM,144,2464.67,354912.48,2024-01-09,2024-01-14,Delivered
PO0393,SUP002,ABC Technologies,P108,Scanner,97,5861.85,568599.45,2024-06-26,2024-07-06,Cancelled
PO0394,SUP009,ABC Technologies,P115,Headset,52,1721.84,89535.68,2024-11-23,2024-12-12,Cancelled
PO0395,SUP004,Smart Source,P103,Monitor,129,5836.99,752971.71,2023-02-27,2023-03-26,Ordered
PO0396,SUP009,Global Components,P107,Tablet,37,14916.56,551912.72,2024-07-19,2024-08-15,Cancelled
PO0397,SUP010,Apex Industrial,P114,RAM,49,2237.95,109659.55,2023-07-27,2023-08-22,Cancelled
PO0398,SUP004,Smart Source,P105,Mouse,133,627.41,83445.53,2023-05-04,2023-05-26,Partially Delivered
PO0399,SUP002,ABC Technologies,P114,RAM,68,2135.96,145245.28,2024-03-05,2024-03-27,Delivered
PO0400,SUP009,Vertex Traders,P113,SSD,83,3927.6,325990.8,2024-11-20,2024-12-18,Partially Delivered
PO0401,SUP005,Reliable Systems,P108,Scanner,138,5314.71,733429.98,2023-06-23,2023-07-18,Delivered
PO0402,SUP003,Global Components,P113,SSD,44,3376.92,148584.48,2024-02-09,2024-02-19,Cancelled
PO0403,SUP007,Bluechip Suppliers,P110,UPS,19,4720.82,89695.58,2024-01-29,2024-02-22,Partially Delivered
PO0404,SUP001,National Electronics,P114,RAM,126,2385.92,300625.92,2024-11-13,2024-12-03,Cancelled
PO0405,SUP002,Metro Distributors,P111,Desktop,101,23935.29,2417464.29,2024-09-26,2024-10-23,Partially Delivered
PO0406,SUP002,National Electronics,P112,Webcam,46,1845.86,84909.56,2023-02-26,2023-03-26,Partially Delivered
PO0407,SUP001,Metro Distributors,P114,RAM,47,2532.77,119040.19,2023-01-05,2023-01-25,Delivered
PO0408,SUP005,Prime Supplies,P106,Router,21,2953.19,62016.99,2024-10-26,2024-11-16,Partially Delivered
PO0409,SUP010,Bluechip Suppliers,P114,RAM,64,2891.21,185037.44,2024-12-12,2024-12-20,Delivered
PO0410,SUP002,Metro Distributors,P110,UPS,45,3819.41,171873.45,2023-10-27,2023-11-17,Ordered
PO0411,SUP002,ABC Technologies,P101,Laptop,87,41193.12,3583801.44,2024-03-11,2024-04-04,Partially Delivered
PO0412,SUP002,National Electronics,P114,RAM,68,2143.41,145751.88,2023-04-14,2023-04-30,Cancelled
PO0413,SUP005,National Electronics,P112,Webcam,103,2493.1,256789.3,2024-07-17,2024-08-03,Delivered
PO0414,SUP002,ABC Technologies,P104,Keyboard,94,1115.64,104870.16,2024-07-17,2024-07-24,Partially Delivered
PO0415,SUP007,Reliable Systems,P101,Laptop,40,40706.97,1628278.8,2023-10-10,2023-10-30,Delivered
PO0416,SUP007,Global Components,P108,Scanner,139,7562.75,1051222.25,2024-08-22,2024-09-21,Partially Delivered
PO0417,SUP002,Prime Supplies,P108,Scanner,73,6797.66,496229.18,2023-11-25,2023-12-23,Ordered
PO0418,SUP002,Prime Supplies,P115,Headset,124,1973.48,244711.52,2023-12-04,2024-01-03,Delivered
PO0419,SUP002,Vertex Traders,P110,UPS,105,4677.14,491099.7,2024-05-24,2024-06-14,Partially Delivered
PO0420,SUP010,Smart Source,P105,Mouse,49,596.62,29234.38,2024-10-16,2024-10-22,Delivered
PO0421,SUP005,National Electronics,P104,Keyboard,108,1000.18,108019.44,2023-10-30,2023-11-29,Partially Delivered
PO0422,SUP003,ABC Technologies,P113,SSD,81,3722.7,301538.7,2024-04-18,2024-05-07,Partially Delivered
PO0423,SUP001,Bluechip Suppliers,P102,Printer,123,6966.28,856852.44,2024-04-16,2024-04-27,Cancelled
PO0424,SUP008,Bluechip Suppliers,P102,Printer,102,7983.39,814305.78,2023-09-27,2023-10-26,Delivered
PO0425,SUP005,Metro Distributors,P108,Scanner,25,5842.06,146051.5,2024-05-13,2024-05-28,Ordered
PO0426,SUP005,Bluechip Suppliers,P113,SSD,57,4491.3,256004.1,2023-10-31,2023-11-07,Partially Delivered
PO0427,SUP003,Apex Industrial,P112,Webcam,127,2404.85,305415.95,2024-01-28,2024-02-03,Delivered
PO0428,SUP009,National Electronics,P106,Router,76,2734.11,207792.36,2024-02-08,2024-03-05,Delivered
PO0429,SUP001,Smart Source,P115,Headset,125,1453.87,181733.75,2024-06-12,2024-06-26,Cancelled
PO0430,SUP007,Metro Distributors,P107,Tablet,74,12998.3,961874.2,2024-04-01,2024-04-26,Delivered
PO0431,SUP006,Metro Distributors,P108,Scanner,27,7675.05,207226.35,2024-12-24,2025-01-04,Cancelled
PO0432,SUP003,Metro Distributors,P108,Scanner,116,7196.14,834752.24,2024-01-02,2024-01-26,Cancelled
PO0433,SUP007,ABC Technologies,P112,Webcam,139,2562.46,356181.94,2024-09-13,2024-09-19,Partially Delivered
PO0434,SUP004,Prime Supplies,P109,Projector,143,23746.64,3395769.52,2024-08-28,2024-09-23,Ordered
PO0435,SUP001,Vertex Traders,P112,Webcam,95,2508.97,238352.15,2023-08-29,2023-09-11,Ordered
PO0436,SUP003,Smart Source,P111,Desktop,144,34989.24,5038450.56,2024-09-10,2024-10-09,Delivered
PO0437,SUP008,National Electronics,P110,UPS,117,4635.97,542408.49,2023-12-02,2023-12-26,Partially Delivered
PO0438,SUP006,National Electronics,P113,SSD,12,3543.55,42522.6,2024-11-29,2024-12-24,Cancelled
PO0439,SUP006,Vertex Traders,P101,Laptop,131,35002.87,4585375.97,2024-04-19,2024-05-09,Partially Delivered
PO0440,SUP001,Metro Distributors,P103,Monitor,121,6441.29,779396.09,2024-08-23,2024-09-19,Partially Delivered
PO0441,SUP003,Smart Source,P103,Monitor,56,5544.46,310489.76,2024-02-17,2024-03-16,Delivered
PO0442,SUP003,Smart Source,P103,Monitor,25,6094.8,152370.0,2023-06-29,2023-07-24,Ordered
PO0443,SUP008,National Electronics,P102,Printer,29,9609.3,278669.7,2024-01-15,2024-02-09,Ordered
PO0444,SUP005,Prime Supplies,P108,Scanner,37,6430.36,237923.32,2023-02-28,2023-03-29,Partially Delivered
PO0445,SUP010,Bluechip Suppliers,P102,Printer,83,7565.54,627939.82,2024-07-19,2024-08-05,Delivered
PO0446,SUP010,ABC Technologies,P101,Laptop,105,30135.82,3164261.1,2023-04-17,2023-05-05,Delivered
PO0447,SUP007,Apex Industrial,P110,UPS,55,3636.92,200030.6,2023-07-04,2023-08-01,Ordered
PO0448,SUP008,Global Components,P102,Printer,78,7263.79,566575.62,2024-02-12,2024-02-25,Ordered
PO0449,SUP008,ABC Technologies,P107,Tablet,149,12266.8,1827753.2,2023-03-15,2023-04-03,Delivered
PO0450,SUP001,Vertex Traders,P113,SSD,30,3685.1,110553.0,2023-07-18,2023-08-06,Ordered
PO0451,SUP007,Smart Source,P101,Laptop,84,36249.54,3044961.36,2023-08-02,2023-08-12,Delivered
PO0452,SUP008,Prime Supplies,P105,Mouse,81,596.72,48334.32,2023-08-18,2023-08-26,Partially Delivered
PO0453,SUP001,Bluechip Suppliers,P113,SSD,123,3739.83,459999.09,2023-09-05,2023-09-27,Delivered
PO0454,SUP001,Prime Supplies,P110,UPS,18,4634.58,83422.44,2023-11-29,2023-12-12,Partially Delivered
PO0455,SUP004,Apex Industrial,P110,UPS,150,3885.09,582763.5,2024-12-16,2025-01-09,Delivered
PO0456,SUP009,Global Components,P103,Monitor,128,6081.71,778458.88,2024-05-20,2024-05-30,Delivered
PO0457,SUP001,Reliable Systems,P115,Headset,40,1912.02,76480.8,2023-08-16,2023-09-01,Cancelled
PO0458,SUP007,Vertex Traders,P101,Laptop,42,39956.68,1678180.56,2024-03-05,2024-03-24,Delivered
PO0459,SUP004,Apex Industrial,P108,Scanner,52,6800.95,353649.4,2023-11-08,2023-11-24,Cancelled
PO0460,SUP009,National Electronics,P105,Mouse,105,501.32,52638.6,2023-01-01,2023-01-22,Partially Delivered
PO0461,SUP007,ABC Technologies,P114,RAM,10,2567.31,25673.1,2024-05-22,2024-06-07,Delivered
PO0462,SUP003,Apex Industrial,P101,Laptop,149,27653.44,4120362.56,2023-04-16,2023-05-09,Ordered
PO0463,SUP005,Metro Distributors,P103,Monitor,57,6251.95,356361.15,2024-01-16,2024-02-14,Ordered
PO0464,SUP004,Prime Supplies,P105,Mouse,76,641.4,48746.4,2023-02-05,2023-02-28,Delivered
PO0465,SUP003,Metro Distributors,P106,Router,59,2184.63,128893.17,2023-06-27,2023-07-02,Partially Delivered
PO0466,SUP006,Vertex Traders,P102,Printer,20,7154.27,143085.4,2024-01-19,2024-02-13,Ordered
PO0467,SUP001,Metro Distributors,P102,Printer,67,10161.52,680821.84,2023-10-18,2023-11-02,Cancelled
PO0468,SUP004,Apex Industrial,P110,UPS,139,4763.69,662152.91,2024-07-27,2024-08-10,Delivered
PO0469,SUP004,National Electronics,P113,SSD,72,3343.03,240698.16,2023-06-16,2023-06-30,Delivered
PO0470,SUP006,Apex Industrial,P110,UPS,119,3538.07,421030.33,2024-07-04,2024-07-09,Delivered
PO0471,SUP005,Global Components,P102,Printer,42,9593.95,402945.9,2023-10-03,2023-11-01,Delivered
PO0472,SUP010,National Electronics,P115,Headset,24,1639.92,39358.08,2023-12-08,2024-01-06,Partially Delivered
PO0473,SUP004,Smart Source,P115,Headset,44,2004.99,88219.56,2023-05-01,2023-05-10,Cancelled
PO0474,SUP006,Reliable Systems,P104,Keyboard,29,1249.81,36244.49,2023-11-13,2023-12-06,Delivered
PO0475,SUP005,Global Components,P102,Printer,13,7982.15,103767.95,2024-09-01,2024-09-30,Delivered
PO0476,SUP003,Prime Supplies,P115,Headset,124,1566.17,194205.08,2023-04-11,2023-05-04,Cancelled
PO0477,SUP006,Metro Distributors,P108,Scanner,29,7228.52,209627.08,2023-04-13,2023-05-03,Cancelled
PO0478,SUP006,Prime Supplies,P103,Monitor,118,6451.93,761327.74,2023-10-08,2023-10-28,Cancelled
PO0479,SUP001,Apex Industrial,P105,Mouse,108,522.78,56460.24,2023-05-26,2023-06-22,Cancelled
PO0480,SUP001,Apex Industrial,P102,Printer,124,9511.15,1179382.6,2023-08-23,2023-08-28,Delivered
PO0481,SUP005,ABC Technologies,P111,Desktop,146,34470.06,5032628.76,2023-11-19,2023-11-28,Delivered
PO0482,SUP006,Vertex Traders,P103,Monitor,37,4550.71,168376.27,2024-12-08,2024-12-20,Ordered
PO0483,SUP010,Global Components,P106,Router,34,2209.45,75121.3,2023-05-23,2023-05-31,Partially Delivered
PO0484,SUP010,Smart Source,P104,Keyboard,22,1269.41,27927.02,2024-03-28,2024-04-17,Delivered
PO0485,SUP005,Prime Supplies,P105,Mouse,129,658.48,84943.92,2023-05-10,2023-05-26,Delivered
PO0486,SUP006,Bluechip Suppliers,P102,Printer,138,8562.92,1181682.96,2024-12-26,2025-01-08,Ordered
PO0487,SUP009,Smart Source,P110,UPS,56,4624.72,258984.32,2023-01-08,2023-01-22,Cancelled
PO0488,SUP004,Metro Distributors,P101,Laptop,120,34890.64,4186876.8,2024-01-27,2024-02-19,Delivered
PO0489,SUP006,Global Components,P113,SSD,53,3996.7,211825.1,2024-07-25,2024-08-12,Partially Delivered
PO0490,SUP009,Reliable Systems,P114,RAM,24,2279.16,54699.84,2024-04-23,2024-05-20,Cancelled
PO0491,SUP009,Vertex Traders,P105,Mouse,24,733.52,17604.48,2023-12-08,2024-01-02,Delivered
PO0492,SUP007,Smart Source,P114,RAM,148,2285.85,338305.8,2023-11-25,2023-12-22,Delivered
PO0493,SUP007,Smart Source,P107,Tablet,54,12218.73,659811.42,2024-06-04,2024-06-17,Delivered
PO0494,SUP006,Vertex Traders,P111,Desktop,53,27666.4,1466319.2,2023-08-10,2023-09-08,Ordered
PO0495,SUP003,Vertex Traders,P113,SSD,110,3303.48,363382.8,2023-06-12,2023-06-22,Ordered
PO0496,SUP007,Prime Supplies,P113,SSD,37,3904.92,144482.04,2023-12-28,2024-01-25,Partially Delivered
PO0497,SUP005,Prime Supplies,P108,Scanner,54,6799.54,367175.16,2023-07-13,2023-08-05,Ordered
PO0498,SUP002,Reliable Systems,P102,Printer,53,9454.51,501089.03,2023-09-09,2023-09-22,Delivered
PO0499,SUP007,National Electronics,P110,UPS,12,4718.51,56622.12,2024-09-12,2024-10-09,Delivered
PO0500,SUP001,Reliable Systems,P114,RAM,123,2135.32,262644.36,2024-02-24,2024-03-12,Partially Delivered
PO0501,SUP004,Prime Supplies,P114,RAM,23,3187.68,73316.64,2024-01-05,2024-01-23,Ordered
PO0502,SUP004,Apex Industrial,P108,Scanner,82,7069.0,579658.0,2023-01-20,2023-02-16,Ordered
PO0503,SUP004,Bluechip Suppliers,P101,Laptop,31,36123.81,1119838.11,2023-09-09,2023-09-25,Delivered
PO0504,SUP002,Apex Industrial,P103,Monitor,51,5114.91,260860.41,2024-04-19,2024-04-26,Delivered
PO0505,SUP009,Prime Supplies,P107,Tablet,11,16685.86,183544.46,2024-03-05,2024-03-10,Cancelled
PO0506,SUP002,National Electronics,P108,Scanner,19,6138.06,116623.14,2023-10-15,2023-11-01,Ordered
PO0507,SUP004,Bluechip Suppliers,P108,Scanner,121,7705.38,932350.98,2024-02-05,2024-02-19,Partially Delivered
PO0508,SUP003,Metro Distributors,P101,Laptop,13,36086.64,469126.32,2023-08-22,2023-09-10,Partially Delivered
PO0509,SUP003,Metro Distributors,P107,Tablet,33,15034.97,496154.01,2024-03-11,2024-04-06,Ordered
PO0510,SUP010,Reliable Systems,P104,Keyboard,60,1414.71,84882.6,2023-04-28,2023-05-03,Partially Delivered
PO0511,SUP004,Global Components,P112,Webcam,33,2686.4,88651.2,2023-11-03,2023-11-12,Cancelled
PO0512,SUP004,Smart Source,P106,Router,80,2869.92,229593.6,2023-10-22,2023-10-30,Delivered
PO0513,SUP006,Smart Source,P108,Scanner,130,7101.7,923221.0,2024-02-02,2024-02-23,Cancelled
PO0514,SUP005,Apex Industrial,P115,Headset,18,1623.83,29228.94,2024-12-10,2024-12-21,Partially Delivered
PO0515,SUP002,Smart Source,P103,Monitor,21,6365.09,133666.89,2024-03-14,2024-04-13,Partially Delivered
PO0516,SUP001,Global Components,P114,RAM,97,2204.1,213797.7,2024-07-17,2024-08-05,Cancelled
PO0517,SUP001,Prime Supplies,P110,UPS,58,3610.38,209402.04,2024-12-15,2024-12-25,Partially Delivered
PO0518,SUP005,Global Components,P109,Projector,66,19140.49,1263272.34,2023-10-01,2023-10-30,Cancelled
PO0519,SUP006,Metro Distributors,P103,Monitor,66,5044.8,332956.8,2024-03-14,2024-04-12,Cancelled
PO0520,SUP006,Reliable Systems,P110,UPS,75,4107.54,308065.5,2023-01-12,2023-01-22,Partially Delivered
PO0521,SUP009,Apex Industrial,P112,Webcam,67,2123.36,142265.12,2023-05-21,2023-06-08,Ordered
PO0522,SUP005,Global Components,P105,Mouse,129,541.7,69879.3,2024-06-12,2024-06-30,Ordered
PO0523,SUP006,Smart Source,P101,Laptop,96,30907.05,2967076.8,2023-12-12,2024-01-06,Partially Delivered
PO0524,SUP006,Apex Industrial,P103,Monitor,33,5337.96,176152.68,2023-10-13,2023-10-25,Ordered
PO0525,SUP009,Global Components,P114,RAM,18,2752.97,49553.46,2023-08-14,2023-09-03,Partially Delivered
PO0526,SUP007,Global Components,P111,Desktop,119,23728.88,2823736.72,2024-05-15,2024-06-09,Partially Delivered
PO0527,SUP005,Metro Distributors,P104,Keyboard,126,1262.8,159112.8,2024-06-19,2024-07-02,Cancelled
PO0528,SUP008,Vertex Traders,P101,Laptop,111,38416.12,4264189.32,2023-03-26,2023-04-17,Cancelled
PO0529,SUP007,Metro Distributors,P105,Mouse,116,724.25,84013.0,2023-05-15,2023-06-10,Cancelled
PO0530,SUP002,Bluechip Suppliers,P109,Projector,27,18489.04,499204.08,2023-11-01,2023-11-28,Partially Delivered
PO0531,SUP001,Prime Supplies,P114,RAM,142,2941.06,417630.52,2024-08-07,2024-08-13,Cancelled
PO0532,SUP009,Reliable Systems,P108,Scanner,52,6869.06,357191.12,2023-04-23,2023-04-28,Partially Delivered
PO0533,SUP001,Reliable Systems,P101,Laptop,126,37247.18,4693144.68,2024-07-29,2024-08-15,Delivered
PO0534,SUP006,ABC Technologies,P106,Router,115,2715.54,312287.1,2024-03-14,2024-03-20,Delivered
PO0535,SUP009,Metro Distributors,P112,Webcam,73,2186.44,159610.12,2024-03-11,2024-04-03,Delivered
PO0536,SUP004,ABC Technologies,P101,Laptop,111,34745.7,3856772.7,2024-03-26,2024-04-21,Cancelled
PO0537,SUP003,National Electronics,P108,Scanner,40,6786.78,271471.2,2023-05-19,2023-05-29,Cancelled
PO0538,SUP002,Apex Industrial,P115,Headset,131,1976.08,258866.48,2024-10-19,2024-11-01,Ordered
PO0539,SUP007,Vertex Traders,P113,SSD,141,3771.0,531711.0,2024-10-24,2024-11-14,Delivered
PO0540,SUP008,Metro Distributors,P109,Projector,94,21080.52,1981568.88,2023-02-17,2023-03-06,Cancelled
PO0541,SUP009,Apex Industrial,P104,Keyboard,87,1357.06,118064.22,2023-06-23,2023-07-20,Cancelled
PO0542,SUP006,ABC Technologies,P107,Tablet,16,16996.48,271943.68,2023-11-19,2023-12-19,Partially Delivered
PO0543,SUP008,ABC Technologies,P110,UPS,45,3550.2,159759.0,2023-05-01,2023-05-28,Partially Delivered
PO0544,SUP007,Smart Source,P111,Desktop,118,32738.93,3863193.74,2023-03-21,2023-04-12,Ordered
PO0545,SUP002,National Electronics,P107,Tablet,110,13459.16,1480507.6,2023-03-04,2023-04-02,Delivered
PO0546,SUP003,Bluechip Suppliers,P110,UPS,13,4154.22,54004.86,2024-08-17,2024-09-09,Ordered
PO0547,SUP009,Prime Supplies,P111,Desktop,147,34824.16,5119151.52,2024-05-17,2024-05-25,Cancelled
PO0548,SUP004,Smart Source,P112,Webcam,92,2687.14,247216.88,2023-07-28,2023-08-26,Ordered
PO0549,SUP005,Prime Supplies,P108,Scanner,11,6746.6,74212.6,2023-11-12,2023-12-06,Cancelled
PO0550,SUP010,Bluechip Suppliers,P110,UPS,84,3583.92,301049.28,2023-07-31,2023-08-27,Delivered
PO0551,SUP005,Apex Industrial,P115,Headset,32,1805.69,57782.08,2023-09-01,2023-09-16,Ordered
PO0552,SUP007,Smart Source,P102,Printer,82,7891.65,647115.3,2024-08-02,2024-08-26,Ordered
PO0553,SUP008,Metro Distributors,P107,Tablet,55,12519.16,688553.8,2023-12-15,2024-01-06,Ordered
PO0554,SUP005,Metro Distributors,P106,Router,76,2971.05,225799.8,2024-06-27,2024-07-07,Partially Delivered
PO0555,SUP002,Smart Source,P111,Desktop,72,33327.71,2399595.12,2024-12-15,2024-12-24,Ordered
PO0556,SUP007,Reliable Systems,P107,Tablet,130,15413.19,2003714.7,2023-01-06,2023-01-23,Delivered
PO0557,SUP010,ABC Technologies,P111,Desktop,39,27431.12,1069813.68,2024-10-22,2024-11-12,Ordered
PO0558,SUP003,Bluechip Suppliers,P107,Tablet,74,17924.4,1326405.6,2024-08-17,2024-09-14,Ordered
PO0559,SUP001,Global Components,P106,Router,10,2134.7,21347.0,2024-04-04,2024-05-03,Cancelled
PO0560,SUP008,ABC Technologies,P101,Laptop,49,33683.99,1650515.51,2023-11-02,2023-11-08,Delivered
PO0561,SUP002,Smart Source,P101,Laptop,141,36936.56,5208054.96,2023-02-02,2023-02-23,Delivered
PO0562,SUP009,Prime Supplies,P107,Tablet,48,15589.37,748289.76,2024-09-07,2024-09-25,Partially Delivered
PO0563,SUP001,ABC Technologies,P114,RAM,86,3050.39,262333.54,2023-12-01,2023-12-30,Cancelled
PO0564,SUP010,Prime Supplies,P103,Monitor,142,5618.34,797804.28,2024-08-16,2024-08-31,Cancelled
PO0565,SUP001,National Electronics,P111,Desktop,80,24219.1,1937528.0,2024-03-05,2024-03-27,Ordered
PO0566,SUP008,National Electronics,P112,Webcam,108,2584.24,279097.92,2023-06-25,2023-07-25,Cancelled
PO0567,SUP001,Metro Distributors,P103,Monitor,13,5737.93,74593.09,2024-06-27,2024-07-06,Ordered
PO0568,SUP004,Reliable Systems,P108,Scanner,24,7036.47,168875.28,2023-06-29,2023-07-17,Partially Delivered
PO0569,SUP003,Reliable Systems,P105,Mouse,65,583.04,37897.6,2024-09-01,2024-09-18,Partially Delivered
PO0570,SUP001,Reliable Systems,P109,Projector,134,22959.92,3076629.28,2023-03-25,2023-04-04,Delivered
PO0571,SUP007,Apex Industrial,P105,Mouse,51,672.56,34300.56,2024-01-18,2024-01-29,Ordered
PO0572,SUP008,Vertex Traders,P110,UPS,33,4989.82,164664.06,2023-06-09,2023-06-21,Delivered
PO0573,SUP008,National Electronics,P101,Laptop,56,35769.8,2003108.8,2023-09-30,2023-10-23,Ordered
PO0574,SUP003,Reliable Systems,P104,Keyboard,106,1340.47,142089.82,2024-04-04,2024-04-09,Delivered
PO0575,SUP001,Vertex Traders,P107,Tablet,91,12977.52,1180954.32,2024-12-07,2024-12-21,Partially Delivered
PO0576,SUP009,Smart Source,P104,Keyboard,118,1128.15,133121.7,2023-03-23,2023-04-19,Partially Delivered
PO0577,SUP005,Bluechip Suppliers,P113,SSD,81,4146.45,335862.45,2023-09-06,2023-09-23,Delivered
PO0578,SUP008,Metro Distributors,P102,Printer,100,9747.4,974740.0,2024-08-06,2024-08-25,Partially Delivered
PO0579,SUP004,National Electronics,P105,Mouse,112,606.0,67872.0,2023-07-22,2023-07-31,Ordered
PO0580,SUP010,Bluechip Suppliers,P107,Tablet,113,17424.86,1969009.18,2024-09-10,2024-10-09,Cancelled
PO0581,SUP010,Smart Source,P105,Mouse,28,529.92,14837.76,2024-08-18,2024-09-01,Delivered
PO0582,SUP009,National Electronics,P103,Monitor,22,6683.16,147029.52,2023-07-10,2023-08-03,Delivered
PO0583,SUP007,National Electronics,P103,Monitor,115,5752.82,661574.3,2023-05-12,2023-05-17,Cancelled
PO0584,SUP007,Prime Supplies,P102,Printer,126,10015.06,1261897.56,2024-08-05,2024-08-28,Delivered
PO0585,SUP003,Apex Industrial,P115,Headset,98,1591.41,155958.18,2024-08-27,2024-09-20,Delivered
PO0586,SUP009,Bluechip Suppliers,P104,Keyboard,92,1395.81,128414.52,2024-05-03,2024-05-20,Cancelled
PO0587,SUP007,ABC Technologies,P112,Webcam,136,2192.9,298234.4,2023-07-11,2023-07-27,Partially Delivered
PO0588,SUP009,Reliable Systems,P102,Printer,73,7517.31,548763.63,2023-06-26,2023-07-02,Delivered
PO0589,SUP004,Apex Industrial,P102,Printer,93,7320.51,680807.43,2024-06-24,2024-07-22,Ordered
PO0590,SUP002,Reliable Systems,P103,Monitor,42,5365.88,225366.96,2023-01-31,2023-02-05,Partially Delivered
PO0591,SUP002,Reliable Systems,P101,Laptop,129,41449.19,5346945.51,2023-05-31,2023-06-24,Delivered
PO0592,SUP004,Reliable Systems,P114,RAM,18,3082.62,55487.16,2024-07-31,2024-08-07,Ordered
PO0593,SUP006,Prime Supplies,P101,Laptop,62,35248.79,2185424.98,2024-08-11,2024-08-31,Cancelled
PO0594,SUP006,National Electronics,P103,Monitor,18,5819.45,104750.1,2024-07-07,2024-07-25,Partially Delivered
PO0595,SUP010,Prime Supplies,P103,Monitor,44,5112.44,224947.36,2023-01-12,2023-01-27,Ordered
PO0596,SUP010,Smart Source,P109,Projector,56,17361.67,972253.52,2023-08-26,2023-08-31,Cancelled
PO0597,SUP010,National Electronics,P107,Tablet,36,16207.74,583478.64,2023-09-25,2023-10-17,Delivered
PO0598,SUP006,National Electronics,P115,Headset,149,1983.28,295508.72,2023-02-04,2023-03-01,Delivered
PO0599,SUP004,ABC Technologies,P115,Headset,11,1381.33,15194.63,2024-11-05,2024-11-21,Cancelled
PO0600,SUP010,Vertex Traders,P110,UPS,114,4036.27,460134.78,2024-06-22,2024-07-10,Cancelled
PO0601,SUP004,Reliable Systems,P103,Monitor,84,6438.98,540874.32,2023-01-07,2023-01-21,Cancelled
PO0602,SUP002,Metro Distributors,P105,Mouse,40,686.92,27476.8,2023-11-22,2023-12-04,Cancelled
PO0603,SUP001,Smart Source,P111,Desktop,90,33815.29,3043376.1,2023-04-10,2023-04-15,Cancelled
PO0604,SUP006,ABC Technologies,P108,Scanner,60,7055.74,423344.4,2023-03-17,2023-04-06,Delivered
PO0605,SUP001,Prime Supplies,P107,Tablet,32,17099.96,547198.72,2024-11-10,2024-11-20,Partially Delivered
PO0606,SUP004,Metro Distributors,P114,RAM,28,2763.5,77378.0,2024-06-12,2024-07-02,Cancelled
PO0607,SUP005,Reliable Systems,P101,Laptop,58,31974.05,1854494.9,2023-07-08,2023-08-07,Partially Delivered
PO0608,SUP005,Smart Source,P114,RAM,124,2416.74,299675.76,2024-09-15,2024-09-20,Cancelled
PO0609,SUP003,Metro Distributors,P101,Laptop,123,38746.89,4765867.47,2024-07-01,2024-07-19,Partially Delivered
PO0610,SUP006,Global Components,P102,Printer,11,9090.58,99996.38,2024-04-26,2024-05-14,Ordered
PO0611,SUP006,Global Components,P113,SSD,130,4064.29,528357.7,2024-12-05,2024-12-27,Cancelled
PO0612,SUP010,Vertex Traders,P112,Webcam,71,2682.57,190462.47,2023-06-20,2023-07-12,Ordered
PO0613,SUP010,Global Components,P105,Mouse,100,598.55,59855.0,2023-09-19,2023-09-25,Partially Delivered
PO0614,SUP002,Global Components,P109,Projector,10,18292.23,182922.3,2024-07-11,2024-08-08,Partially Delivered
PO0615,SUP006,Metro Distributors,P115,Headset,125,1507.61,188451.25,2024-09-26,2024-10-13,Ordered
PO0616,SUP001,ABC Technologies,P115,Headset,111,1353.76,150267.36,2024-05-18,2024-06-07,Partially Delivered
PO0617,SUP005,Vertex Traders,P101,Laptop,72,40883.91,2943641.52,2023-01-13,2023-02-09,Partially Delivered
PO0618,SUP004,Apex Industrial,P102,Printer,148,7594.65,1124008.2,2023-01-19,2023-02-17,Delivered
PO0619,SUP004,Apex Industrial,P103,Monitor,30,6330.25,189907.5,2023-01-25,2023-02-20,Cancelled
PO0620,SUP009,Vertex Traders,P107,Tablet,51,17163.39,875332.89,2023-02-10,2023-02-22,Cancelled
PO0621,SUP001,Smart Source,P111,Desktop,81,31017.11,2512385.91,2024-12-11,2025-01-08,Ordered
PO0622,SUP006,Global Components,P103,Monitor,110,5172.07,568927.7,2024-09-14,2024-10-11,Cancelled
PO0623,SUP004,Vertex Traders,P105,Mouse,121,686.51,83067.71,2023-07-31,2023-08-11,Cancelled
PO0624,SUP008,Reliable Systems,P103,Monitor,61,4533.19,276524.59,2023-07-14,2023-08-07,Partially Delivered
PO0625,SUP007,Smart Source,P114,RAM,15,2663.58,39953.7,2024-06-03,2024-06-09,Ordered
PO0626,SUP003,ABC Technologies,P109,Projector,133,23736.16,3156909.28,2023-02-13,2023-03-09,Ordered
PO0627,SUP005,Metro Distributors,P110,UPS,33,4273.53,141026.49,2024-12-10,2025-01-04,Ordered
PO0628,SUP007,National Electronics,P102,Printer,61,9050.7,552092.7,2023-05-29,2023-06-28,Ordered
PO0629,SUP009,ABC Technologies,P102,Printer,95,8533.61,810692.95,2024-07-20,2024-08-04,Partially Delivered
PO0630,SUP002,Apex Industrial,P103,Monitor,112,4978.33,557572.96,2024-11-04,2024-11-12,Cancelled
PO0631,SUP003,Prime Supplies,P101,Laptop,85,42412.92,3605098.2,2024-12-01,2024-12-27,Ordered
PO0632,SUP001,Smart Source,P106,Router,67,2555.65,171228.55,2024-04-26,2024-05-22,Cancelled
PO0633,SUP001,Bluechip Suppliers,P105,Mouse,103,687.02,70763.06,2023-10-31,2023-11-20,Delivered
PO0634,SUP007,Global Components,P115,Headset,60,1377.55,82653.0,2023-03-07,2023-03-21,Partially Delivered
PO0635,SUP008,National Electronics,P112,Webcam,72,2313.52,166573.44,2024-03-07,2024-04-06,Cancelled
PO0636,SUP010,National Electronics,P103,Monitor,114,4831.52,550793.28,2023-12-01,2023-12-28,Ordered
PO0637,SUP007,Global Components,P106,Router,69,2950.03,203552.07,2023-05-22,2023-06-19,Partially Delivered
PO0638,SUP001,Metro Distributors,P101,Laptop,43,33109.55,1423710.65,2024-07-22,2024-08-10,Cancelled
PO0639,SUP004,ABC Technologies,P109,Projector,112,15806.72,1770352.64,2023-02-23,2023-03-12,Cancelled
PO0640,SUP001,Prime Supplies,P107,Tablet,71,14964.22,1062459.62,2023-01-09,2023-01-25,Ordered
PO0641,SUP009,Apex Industrial,P111,Desktop,119,26451.37,3147713.03,2023-01-09,2023-02-02,Ordered
PO0642,SUP003,ABC Technologies,P101,Laptop,65,36299.62,2359475.3,2024-08-29,2024-09-06,Delivered
PO0643,SUP010,Reliable Systems,P111,Desktop,17,24903.85,423365.45,2023-05-19,2023-05-24,Partially Delivered
PO0644,SUP006,Apex Industrial,P103,Monitor,61,6241.74,380746.14,2024-04-16,2024-05-15,Cancelled
PO0645,SUP003,National Electronics,P112,Webcam,103,1982.01,204147.03,2023-04-25,2023-05-18,Ordered
PO0646,SUP006,Smart Source,P101,Laptop,146,33955.74,4957538.04,2023-05-17,2023-06-05,Partially Delivered
PO0647,SUP010,Prime Supplies,P111,Desktop,92,26348.15,2424029.8,2023-10-07,2023-11-01,Ordered
PO0648,SUP005,Vertex Traders,P106,Router,83,2709.52,224890.16,2024-09-11,2024-09-25,Delivered
PO0649,SUP009,Global Components,P109,Projector,33,16444.59,542671.47,2023-01-17,2023-02-11,Cancelled
PO0650,SUP006,National Electronics,P106,Router,99,2480.86,245605.14,2023-10-18,2023-11-01,Cancelled
PO0651,SUP003,Global Components,P103,Monitor,52,5833.08,303320.16,2024-12-03,2024-12-19,Cancelled
PO0652,SUP007,ABC Technologies,P110,UPS,136,3394.2,461611.2,2024-12-17,2025-01-04,Delivered
PO0653,SUP005,Bluechip Suppliers,P113,SSD,114,3194.21,364139.94,2024-03-06,2024-03-15,Cancelled
PO0654,SUP003,National Electronics,P101,Laptop,124,27657.28,3429502.72,2024-04-04,2024-04-29,Cancelled
PO0655,SUP009,Vertex Traders,P101,Laptop,43,30451.1,1309397.3,2023-03-06,2023-03-22,Ordered
PO0656,SUP002,Smart Source,P102,Printer,105,10037.61,1053949.05,2024-11-28,2024-12-03,Delivered
PO0657,SUP007,ABC Technologies,P111,Desktop,33,28431.82,938250.06,2023-04-07,2023-04-22,Partially Delivered
PO0658,SUP003,Reliable Systems,P109,Projector,122,20205.49,2465069.78,2024-01-18,2024-01-27,Partially Delivered
PO0659,SUP008,Apex Industrial,P102,Printer,63,7483.06,471432.78,2023-12-01,2023-12-15,Partially Delivered
PO0660,SUP002,Vertex Traders,P101,Laptop,106,42029.44,4455120.64,2024-01-10,2024-01-21,Cancelled
PO0661,SUP010,Global Components,P110,UPS,23,3874.77,89119.71,2024-04-16,2024-04-24,Cancelled
PO0662,SUP004,National Electronics,P107,Tablet,86,17694.24,1521704.64,2024-02-19,2024-03-13,Partially Delivered
PO0663,SUP010,Smart Source,P107,Tablet,41,15754.61,645939.01,2023-07-19,2023-08-03,Partially Delivered
PO0664,SUP008,ABC Technologies,P111,Desktop,127,28089.45,3567360.15,2023-01-08,2023-01-24,Delivered
PO0665,SUP005,Metro Distributors,P104,Keyboard,132,1447.69,191095.08,2023-04-01,2023-04-23,Ordered
PO0666,SUP010,Vertex Traders,P113,SSD,35,3955.04,138426.4,2023-06-17,2023-06-22,Cancelled
PO0667,SUP010,Smart Source,P108,Scanner,71,5843.49,414887.79,2023-05-28,2023-06-24,Delivered
PO0668,SUP005,ABC Technologies,P113,SSD,44,3372.05,148370.2,2024-02-19,2024-03-04,Delivered
PO0669,SUP008,National Electronics,P114,RAM,44,2457.26,108119.44,2023-06-17,2023-07-04,Delivered
PO0670,SUP003,Metro Distributors,P105,Mouse,52,613.61,31907.72,2023-08-31,2023-09-24,Partially Delivered
PO0671,SUP003,ABC Technologies,P111,Desktop,46,23688.85,1089687.1,2023-09-02,2023-09-28,Ordered
PO0672,SUP004,Prime Supplies,P105,Mouse,10,512.62,5126.2,2024-09-23,2024-10-04,Partially Delivered
PO0673,SUP002,Apex Industrial,P105,Mouse,45,552.35,24855.75,2023-11-01,2023-11-21,Delivered
PO0674,SUP006,Global Components,P115,Headset,12,1895.78,22749.36,2024-05-09,2024-05-24,Partially Delivered
PO0675,SUP001,Smart Source,P114,RAM,78,2876.65,224378.7,2023-05-10,2023-05-27,Partially Delivered
PO0676,SUP001,ABC Technologies,P107,Tablet,27,13431.48,362649.96,2023-08-15,2023-08-23,Cancelled
PO0677,SUP003,Prime Supplies,P113,SSD,82,4649.72,381277.04,2023-08-07,2023-09-02,Cancelled
PO0678,SUP008,Smart Source,P111,Desktop,48,34611.5,1661352.0,2024-05-19,2024-06-07,Delivered
PO0679,SUP001,National Electronics,P104,Keyboard,29,1213.65,35195.85,2024-06-02,2024-06-29,Cancelled
PO0680,SUP008,ABC Technologies,P115,Headset,86,1845.68,158728.48,2023-01-29,2023-02-28,Delivered
PO0681,SUP001,Vertex Traders,P109,Projector,102,15839.82,1615661.64,2024-01-23,2024-02-22,Partially Delivered
PO0682,SUP005,Global Components,P103,Monitor,138,6310.76,870884.88,2023-05-19,2023-06-13,Ordered
PO0683,SUP001,Prime Supplies,P111,Desktop,131,33067.68,4331866.08,2023-11-01,2023-11-29,Cancelled
PO0684,SUP006,Bluechip Suppliers,P105,Mouse,14,677.36,9483.04,2024-03-20,2024-04-09,Delivered
PO0685,SUP001,National Electronics,P107,Tablet,126,14873.64,1874078.64,2024-01-16,2024-02-08,Delivered
PO0686,SUP009,Vertex Traders,P101,Laptop,20,31176.65,623533.0,2024-02-19,2024-03-01,Cancelled
PO0687,SUP010,Smart Source,P115,Headset,77,2001.02,154078.54,2023-03-14,2023-03-28,Partially Delivered
PO0688,SUP009,Metro Distributors,P106,Router,134,2602.97,348797.98,2023-08-02,2023-08-10,Cancelled
PO0689,SUP002,Reliable Systems,P112,Webcam,148,2439.74,361081.52,2024-09-04,2024-10-04,Cancelled
PO0690,SUP010,Metro Distributors,P101,Laptop,90,39708.01,3573720.9,2023-01-15,2023-01-29,Delivered
PO0691,SUP004,Prime Supplies,P114,RAM,116,2973.59,344936.44,2024-03-22,2024-04-05,Delivered
PO0692,SUP002,Prime Supplies,P112,Webcam,66,2696.35,177959.1,2023-09-21,2023-10-08,Ordered
PO0693,SUP002,Global Components,P103,Monitor,150,5805.74,870861.0,2024-06-30,2024-07-30,Partially Delivered
PO0694,SUP005,ABC Technologies,P110,UPS,83,4312.29,357920.07,2023-12-14,2023-12-26,Ordered
PO0695,SUP003,Prime Supplies,P112,Webcam,28,1935.15,54184.2,2024-04-06,2024-04-24,Delivered
PO0696,SUP005,Prime Supplies,P114,RAM,145,2891.65,419289.25,2023-11-08,2023-11-28,Delivered
PO0697,SUP008,Global Components,P106,Router,111,2675.89,297023.79,2024-05-31,2024-06-27,Delivered
PO0698,SUP009,Smart Source,P115,Headset,42,1467.62,61640.04,2024-06-22,2024-07-17,Ordered
PO0699,SUP007,Bluechip Suppliers,P106,Router,149,2946.16,438977.84,2023-10-25,2023-11-01,Ordered
PO0700,SUP005,Apex Industrial,P107,Tablet,29,18617.17,539897.93,2023-07-24,2023-08-20,Partially Delivered
PO0701,SUP009,Reliable Systems,P107,Tablet,88,15185.75,1336346.0,2024-08-11,2024-09-04,Cancelled
PO0702,SUP010,Reliable Systems,P101,Laptop,93,35229.71,3276363.03,2024-12-04,2024-12-23,Cancelled
PO0703,SUP008,Prime Supplies,P104,Keyboard,148,1120.38,165816.24,2023-01-04,2023-01-28,Delivered
PO0704,SUP010,Prime Supplies,P107,Tablet,40,12434.59,497383.6,2024-07-10,2024-07-16,Cancelled
PO0705,SUP007,Vertex Traders,P102,Printer,108,8042.79,868621.32,2023-01-08,2023-01-16,Partially Delivered
PO0706,SUP007,Reliable Systems,P115,Headset,91,1847.37,168110.67,2024-12-01,2024-12-22,Partially Delivered
PO0707,SUP006,Smart Source,P108,Scanner,143,7924.01,1133133.43,2023-11-27,2023-12-12,Partially Delivered
PO0708,SUP001,ABC Technologies,P102,Printer,54,7517.16,405926.64,2024-03-17,2024-03-30,Ordered
PO0709,SUP007,Bluechip Suppliers,P107,Tablet,144,15046.31,2166668.64,2024-06-17,2024-07-17,Delivered
PO0710,SUP006,Reliable Systems,P105,Mouse,24,591.5,14196.0,2024-02-29,2024-03-17,Partially Delivered
PO0711,SUP005,Global Components,P102,Printer,49,7230.45,354292.05,2023-09-20,2023-10-04,Cancelled
PO0712,SUP009,National Electronics,P115,Headset,85,1323.56,112502.6,2023-07-26,2023-08-06,Cancelled
PO0713,SUP001,Global Components,P101,Laptop,141,39132.97,5517748.77,2023-11-22,2023-12-12,Cancelled
PO0714,SUP005,Reliable Systems,P101,Laptop,72,33623.14,2420866.08,2023-02-16,2023-03-12,Delivered
PO0715,SUP003,ABC Technologies,P115,Headset,64,1689.14,108104.96,2024-02-26,2024-03-03,Partially Delivered
PO0716,SUP001,Apex Industrial,P112,Webcam,22,2278.94,50136.68,2024-07-01,2024-07-13,Partially Delivered
PO0717,SUP001,Apex Industrial,P112,Webcam,27,1964.09,53030.43,2024-11-15,2024-12-08,Cancelled
PO0718,SUP008,Apex Industrial,P111,Desktop,26,33478.27,870435.02,2024-05-02,2024-05-26,Cancelled
PO0719,SUP005,Global Components,P103,Monitor,79,5207.92,411425.68,2023-06-06,2023-06-28,Delivered
PO0720,SUP005,Vertex Traders,P106,Router,109,2564.86,279569.74,2024-06-23,2024-06-28,Ordered
PO0721,SUP008,Reliable Systems,P108,Scanner,62,6233.72,386490.64,2024-01-22,2024-02-20,Ordered
PO0722,SUP010,Reliable Systems,P110,UPS,92,4196.88,386112.96,2024-10-16,2024-10-28,Ordered
PO0723,SUP009,ABC Technologies,P115,Headset,96,1740.82,167118.72,2024-10-05,2024-11-03,Delivered
PO0724,SUP005,Prime Supplies,P111,Desktop,120,23113.73,2773647.6,2024-09-23,2024-10-06,Ordered
PO0725,SUP010,Prime Supplies,P113,SSD,69,4624.59,319096.71,2023-12-29,2024-01-19,Partially Delivered
PO0726,SUP004,Reliable Systems,P109,Projector,81,20528.4,1662800.4,2023-01-18,2023-02-06,Delivered
PO0727,SUP008,Smart Source,P101,Laptop,68,28945.54,1968296.72,2024-03-26,2024-04-21,Partially Delivered
PO0728,SUP002,Reliable Systems,P109,Projector,121,19266.32,2331224.72,2024-09-16,2024-10-02,Ordered
PO0729,SUP003,Metro Distributors,P109,Projector,118,21597.64,2548521.52,2024-12-04,2024-12-25,Ordered
PO0730,SUP006,Bluechip Suppliers,P109,Projector,143,21738.76,3108642.68,2023-05-13,2023-06-06,Cancelled
PO0731,SUP010,National Electronics,P112,Webcam,141,2533.74,357257.34,2023-10-11,2023-10-19,Delivered
PO0732,SUP006,Bluechip Suppliers,P104,Keyboard,66,1080.89,71338.74,2024-03-15,2024-03-20,Cancelled
PO0733,SUP005,Bluechip Suppliers,P112,Webcam,81,1919.12,155448.72,2024-03-06,2024-03-26,Delivered
PO0734,SUP007,Prime Supplies,P102,Printer,123,7292.89,897025.47,2023-01-03,2023-01-20,Delivered
PO0735,SUP002,Smart Source,P111,Desktop,32,27781.28,889000.96,2024-06-26,2024-07-26,Delivered
PO0736,SUP010,Reliable Systems,P105,Mouse,47,734.32,34513.04,2024-01-06,2024-01-21,Cancelled
PO0737,SUP003,Metro Distributors,P110,UPS,150,4368.7,655305.0,2023-01-24,2023-02-11,Delivered
PO0738,SUP008,Apex Industrial,P108,Scanner,46,5852.18,269200.28,2024-04-30,2024-05-08,Ordered
PO0739,SUP001,ABC Technologies,P103,Monitor,53,4947.2,262201.6,2024-11-26,2024-12-19,Cancelled
PO0740,SUP008,ABC Technologies,P106,Router,79,2841.57,224484.03,2024-07-09,2024-08-03,Partially Delivered
PO0741,SUP005,Global Components,P113,SSD,129,4649.31,599760.99,2024-08-17,2024-09-01,Cancelled
PO0742,SUP009,Global Components,P107,Tablet,137,14172.14,1941583.18,2023-07-27,2023-08-19,Ordered
PO0743,SUP002,Vertex Traders,P114,RAM,125,2943.8,367975.0,2024-04-18,2024-05-09,Ordered
PO0744,SUP005,Vertex Traders,P106,Router,136,2557.65,347840.4,2024-07-25,2024-08-17,Cancelled
PO0745,SUP005,Bluechip Suppliers,P103,Monitor,113,6384.26,721421.38,2023-08-04,2023-08-25,Cancelled
PO0746,SUP008,National Electronics,P107,Tablet,62,15565.82,965080.84,2023-06-09,2023-06-14,Ordered
PO0747,SUP003,Global Components,P103,Monitor,70,5824.83,407738.1,2024-11-28,2024-12-06,Ordered
PO0748,SUP009,Global Components,P111,Desktop,95,32401.67,3078158.65,2024-07-14,2024-08-13,Delivered
PO0749,SUP002,Bluechip Suppliers,P115,Headset,148,1696.56,251090.88,2024-02-01,2024-02-26,Delivered
PO0750,SUP007,National Electronics,P114,RAM,16,2829.7,45275.2,2024-05-15,2024-05-20,Ordered
PO0751,SUP004,Smart Source,P114,RAM,40,2143.67,85746.8,2024-08-23,2024-09-01,Delivered
PO0752,SUP004,Reliable Systems,P110,UPS,46,3997.72,183895.12,2024-09-13,2024-09-25,Cancelled
PO0753,SUP004,Vertex Traders,P111,Desktop,87,30754.15,2675611.05,2024-04-10,2024-04-16,Ordered
PO0754,SUP007,Bluechip Suppliers,P107,Tablet,135,14264.16,1925661.6,2024-06-07,2024-07-01,Delivered
PO0755,SUP008,Smart Source,P104,Keyboard,96,1181.33,113407.68,2024-04-01,2024-04-06,Delivered
PO0756,SUP002,Vertex Traders,P112,Webcam,35,2495.3,87335.5,2024-11-04,2024-11-15,Partially Delivered
PO0757,SUP001,Vertex Traders,P106,Router,20,2640.41,52808.2,2023-11-22,2023-12-11,Delivered
PO0758,SUP004,Bluechip Suppliers,P111,Desktop,33,29712.45,980510.85,2024-09-24,2024-10-18,Partially Delivered
PO0759,SUP009,Bluechip Suppliers,P112,Webcam,81,2012.87,163042.47,2023-11-15,2023-12-01,Delivered
PO0760,SUP001,Global Components,P102,Printer,29,7720.91,223906.39,2023-11-12,2023-12-02,Delivered
PO0761,SUP004,National Electronics,P115,Headset,68,2024.0,137632.0,2023-11-27,2023-12-03,Cancelled
PO0762,SUP009,Apex Industrial,P102,Printer,93,8860.03,823982.79,2024-02-07,2024-03-07,Ordered
PO0763,SUP010,Smart Source,P112,Webcam,19,2319.47,44069.93,2024-03-24,2024-04-12,Ordered
PO0764,SUP005,Vertex Traders,P114,RAM,46,2354.62,108312.52,2023-11-06,2023-12-06,Cancelled
PO0765,SUP005,ABC Technologies,P109,Projector,84,17612.6,1479458.4,2024-04-29,2024-05-22,Delivered
PO0766,SUP001,Global Components,P114,RAM,118,2917.22,344231.96,2024-03-13,2024-03-27,Cancelled
PO0767,SUP008,Bluechip Suppliers,P104,Keyboard,44,1321.1,58128.4,2024-05-06,2024-05-17,Delivered
PO0768,SUP008,Prime Supplies,P114,RAM,40,2494.78,99791.2,2024-05-25,2024-06-10,Delivered
PO0769,SUP009,Metro Distributors,P111,Desktop,122,26042.37,3177169.14,2024-06-05,2024-06-22,Ordered
PO0770,SUP005,Prime Supplies,P103,Monitor,32,5195.42,166253.44,2024-01-13,2024-02-09,Delivered
PO0771,SUP006,Global Components,P104,Keyboard,54,1152.05,62210.7,2024-01-20,2024-02-17,Partially Delivered
PO0772,SUP007,ABC Technologies,P111,Desktop,75,29873.06,2240479.5,2024-08-20,2024-09-07,Cancelled
PO0773,SUP005,National Electronics,P115,Headset,63,1535.92,96762.96,2024-01-29,2024-02-18,Delivered
PO0774,SUP006,Bluechip Suppliers,P112,Webcam,41,2091.56,85753.96,2024-10-09,2024-11-01,Partially Delivered
PO0775,SUP010,Global Components,P111,Desktop,31,34711.88,1076068.28,2024-05-13,2024-05-26,Cancelled
PO0776,SUP003,Global Components,P102,Printer,123,6610.57,813100.11,2023-01-14,2023-01-24,Ordered
PO0777,SUP004,Reliable Systems,P107,Tablet,28,16360.5,458094.0,2023-10-21,2023-10-29,Partially Delivered
PO0778,SUP010,Reliable Systems,P111,Desktop,132,27971.21,3692199.72,2023-03-01,2023-03-28,Delivered
PO0779,SUP003,Apex Industrial,P112,Webcam,134,2538.43,340149.62,2023-10-22,2023-10-27,Delivered
PO0780,SUP004,ABC Technologies,P109,Projector,113,17824.37,2014153.81,2024-10-14,2024-10-26,Delivered
PO0781,SUP010,National Electronics,P107,Tablet,99,18497.01,1831203.99,2023-01-31,2023-02-23,Delivered
PO0782,SUP002,Apex Industrial,P102,Printer,58,8096.22,469580.76,2024-04-08,2024-04-27,Cancelled
PO0783,SUP003,Vertex Traders,P107,Tablet,115,14974.35,1722050.25,2023-03-21,2023-03-26,Cancelled
PO0784,SUP003,Prime Supplies,P115,Headset,71,1520.08,107925.68,2023-02-02,2023-02-11,Delivered
PO0785,SUP008,National Electronics,P105,Mouse,149,505.7,75349.3,2023-08-02,2023-08-30,Delivered
PO0786,SUP001,Global Components,P115,Headset,117,1671.52,195567.84,2024-09-24,2024-10-22,Cancelled
PO0787,SUP005,Reliable Systems,P114,RAM,125,2790.27,348783.75,2023-12-02,2023-12-11,Cancelled
PO0788,SUP004,Metro Distributors,P102,Printer,80,7657.56,612604.8,2024-09-23,2024-10-03,Partially Delivered
PO0789,SUP007,Reliable Systems,P102,Printer,127,7694.56,977209.12,2024-02-09,2024-02-25,Delivered
PO0790,SUP007,Metro Distributors,P114,RAM,106,3017.45,319849.7,2023-04-23,2023-05-15,Cancelled
PO0791,SUP010,Vertex Traders,P113,SSD,42,3651.36,153357.12,2023-03-10,2023-04-02,Cancelled
PO0792,SUP003,Smart Source,P115,Headset,95,1576.33,149751.35,2023-06-11,2023-07-06,Cancelled
PO0793,SUP001,ABC Technologies,P107,Tablet,77,17458.49,1344303.73,2023-11-02,2023-11-26,Delivered
PO0794,SUP006,Vertex Traders,P115,Headset,150,1552.83,232924.5,2023-07-03,2023-07-31,Ordered
PO0795,SUP005,Reliable Systems,P112,Webcam,63,2558.47,161183.61,2023-10-05,2023-11-03,Cancelled
PO0796,SUP010,ABC Technologies,P108,Scanner,46,5739.62,264022.52,2024-07-02,2024-07-14,Partially Delivered
PO0797,SUP006,Reliable Systems,P108,Scanner,71,7951.6,564563.6,2023-03-09,2023-03-22,Cancelled
PO0798,SUP010,Metro Distributors,P112,Webcam,31,2118.84,65684.04,2024-05-08,2024-05-22,Delivered
PO0799,SUP010,Smart Source,P106,Router,33,2045.18,67490.94,2024-12-14,2025-01-13,Cancelled
PO0800,SUP001,Reliable Systems,P110,UPS,91,3684.58,335296.78,2023-05-18,2023-06-14,Ordered
PO0801,SUP007,National Electronics,P110,UPS,92,3813.75,350865.0,2024-03-27,2024-04-16,Ordered
PO0802,SUP006,Bluechip Suppliers,P109,Projector,59,15834.85,934256.15,2024-06-25,2024-07-25,Ordered
PO0803,SUP004,Global Components,P101,Laptop,35,38346.3,1342120.5,2024-07-02,2024-07-22,Partially Delivered
PO0804,SUP004,National Electronics,P104,Keyboard,31,1165.27,36123.37,2023-03-08,2023-03-21,Cancelled
PO0805,SUP001,Smart Source,P109,Projector,115,16834.97,1936021.55,2023-04-17,2023-05-17,Ordered
PO0806,SUP007,Bluechip Suppliers,P109,Projector,126,16217.47,2043401.22,2024-09-21,2024-10-17,Partially Delivered
PO0807,SUP007,Bluechip Suppliers,P107,Tablet,87,12950.57,1126699.59,2024-04-10,2024-04-16,Ordered
PO0808,SUP004,Global Components,P103,Monitor,119,6372.72,758353.68,2024-11-03,2024-11-14,Partially Delivered
PO0809,SUP007,ABC Technologies,P105,Mouse,55,685.82,37720.1,2023-07-20,2023-07-25,Ordered
PO0810,SUP006,Vertex Traders,P103,Monitor,59,4530.15,267278.85,2024-05-29,2024-06-16,Ordered
PO0811,SUP005,Global Components,P111,Desktop,93,34635.46,3221097.78,2023-05-22,2023-06-01,Ordered
PO0812,SUP001,Global Components,P105,Mouse,49,502.37,24616.13,2024-02-23,2024-03-14,Partially Delivered
PO0813,SUP003,ABC Technologies,P102,Printer,75,7751.13,581334.75,2024-08-25,2024-09-17,Ordered
PO0814,SUP009,Prime Supplies,P114,RAM,112,2573.83,288268.96,2023-09-13,2023-09-24,Delivered
PO0815,SUP004,Apex Industrial,P103,Monitor,44,5066.9,222943.6,2023-02-02,2023-02-17,Delivered
PO0816,SUP001,Global Components,P103,Monitor,55,4513.26,248229.3,2024-01-22,2024-01-31,Ordered
PO0817,SUP009,Reliable Systems,P114,RAM,29,2219.81,64374.49,2023-08-01,2023-08-14,Delivered
PO0818,SUP006,Prime Supplies,P104,Keyboard,35,1093.92,38287.2,2024-10-19,2024-10-29,Cancelled
PO0819,SUP006,National Electronics,P102,Printer,64,7169.97,458878.08,2024-09-04,2024-09-17,Partially Delivered
PO0820,SUP007,Reliable Systems,P106,Router,42,2152.41,90401.22,2023-07-10,2023-07-31,Partially Delivered
PO0821,SUP005,Apex Industrial,P110,UPS,123,4070.75,500702.25,2023-01-06,2023-01-16,Cancelled
PO0822,SUP010,Vertex Traders,P107,Tablet,59,13866.31,818112.29,2023-02-25,2023-03-25,Delivered
PO0823,SUP004,Reliable Systems,P107,Tablet,126,16301.94,2054044.44,2024-04-29,2024-05-24,Partially Delivered
PO0824,SUP002,Vertex Traders,P103,Monitor,130,6392.91,831078.3,2023-12-31,2024-01-17,Delivered
PO0825,SUP002,Reliable Systems,P107,Tablet,113,14548.11,1643936.43,2023-12-07,2023-12-30,Cancelled
PO0826,SUP004,Bluechip Suppliers,P113,SSD,109,4609.73,502460.57,2024-01-14,2024-02-13,Ordered
PO0827,SUP008,Vertex Traders,P110,UPS,116,4049.68,469762.88,2023-04-18,2023-05-01,Delivered
PO0828,SUP003,Reliable Systems,P104,Keyboard,113,1448.46,163675.98,2024-12-15,2024-12-31,Cancelled
PO0829,SUP006,Metro Distributors,P113,SSD,79,4549.28,359393.12,2024-02-08,2024-02-26,Partially Delivered
PO0830,SUP010,Bluechip Suppliers,P104,Keyboard,114,1058.73,120695.22,2024-10-11,2024-11-09,Partially Delivered
PO0831,SUP007,Smart Source,P112,Webcam,73,1907.93,139278.89,2023-07-27,2023-08-23,Delivered
PO0832,SUP008,National Electronics,P105,Mouse,36,586.46,21112.56,2023-03-25,2023-04-04,Delivered
PO0833,SUP004,Reliable Systems,P112,Webcam,150,2653.97,398095.5,2023-11-28,2023-12-11,Cancelled
PO0834,SUP010,ABC Technologies,P109,Projector,94,19601.77,1842566.38,2024-03-15,2024-03-27,Cancelled
PO0835,SUP005,Apex Industrial,P113,SSD,35,3673.94,128587.9,2024-07-05,2024-07-14,Cancelled
PO0836,SUP002,National Electronics,P110,UPS,70,4408.64,308604.8,2024-07-13,2024-08-12,Ordered
PO0837,SUP002,National Electronics,P106,Router,67,2632.5,176377.5,2024-05-27,2024-06-03,Delivered
PO0838,SUP008,Metro Distributors,P112,Webcam,128,1844.85,236140.8,2023-09-08,2023-09-13,Cancelled
PO0839,SUP001,Global Components,P103,Monitor,107,4541.43,485933.01,2024-12-08,2024-12-18,Partially Delivered
PO0840,SUP001,Bluechip Suppliers,P109,Projector,118,22241.95,2624550.1,2024-07-21,2024-08-17,Delivered
PO0841,SUP002,Reliable Systems,P107,Tablet,80,15887.35,1270988.0,2023-05-01,2023-05-10,Cancelled
PO0842,SUP008,National Electronics,P113,SSD,60,4002.05,240123.0,2023-11-01,2023-12-01,Delivered
PO0843,SUP003,National Electronics,P106,Router,81,2805.25,227225.25,2024-08-15,2024-09-09,Partially Delivered
PO0844,SUP002,Smart Source,P106,Router,113,2140.37,241861.81,2023-07-15,2023-08-08,Delivered
PO0845,SUP005,Bluechip Suppliers,P112,Webcam,86,1770.89,152296.54,2024-02-09,2024-03-03,Ordered
PO0846,SUP007,Reliable Systems,P111,Desktop,38,25387.18,964712.84,2024-02-28,2024-03-26,Cancelled
PO0847,SUP007,Bluechip Suppliers,P102,Printer,114,8225.39,937694.46,2024-11-19,2024-11-24,Delivered
PO0848,SUP002,National Electronics,P104,Keyboard,94,1109.16,104261.04,2023-04-24,2023-04-30,Ordered
PO0849,SUP002,National Electronics,P103,Monitor,99,6284.64,622179.36,2024-08-07,2024-08-12,Delivered
PO0850,SUP002,Metro Distributors,P110,UPS,79,4616.49,364702.71,2023-02-04,2023-03-05,Delivered
PO0851,SUP007,Smart Source,P104,Keyboard,79,1514.91,119677.89,2023-08-09,2023-08-29,Delivered
PO0852,SUP001,Apex Industrial,P111,Desktop,80,29821.84,2385747.2,2023-04-13,2023-04-27,Partially Delivered
PO0853,SUP010,Metro Distributors,P102,Printer,25,10038.05,250951.25,2024-03-20,2024-04-09,Ordered
PO0854,SUP007,ABC Technologies,P102,Printer,74,9871.35,730479.9,2023-04-04,2023-04-12,Partially Delivered
PO0855,SUP003,ABC Technologies,P110,UPS,31,4688.99,145358.69,2023-02-18,2023-03-04,Delivered
PO0856,SUP009,ABC Technologies,P109,Projector,116,22567.01,2617773.16,2023-05-02,2023-05-19,Ordered
PO0857,SUP004,Reliable Systems,P115,Headset,20,1497.44,29948.8,2023-05-28,2023-06-05,Partially Delivered
PO0858,SUP006,Metro Distributors,P105,Mouse,76,734.8,55844.8,2023-03-03,2023-03-14,Ordered
PO0859,SUP002,Smart Source,P107,Tablet,25,16689.37,417234.25,2024-08-02,2024-08-28,Ordered
PO0860,SUP008,Global Components,P104,Keyboard,149,1196.37,178259.13,2023-03-23,2023-04-07,Ordered
PO0861,SUP002,Apex Industrial,P113,SSD,136,3216.41,437431.76,2023-05-19,2023-06-18,Partially Delivered
PO0862,SUP001,Prime Supplies,P115,Headset,14,2037.38,28523.32,2023-11-07,2023-11-26,Ordered
PO0863,SUP005,Vertex Traders,P105,Mouse,33,527.19,17397.27,2024-06-30,2024-07-19,Delivered
PO0864,SUP010,Metro Distributors,P115,Headset,134,1992.4,266981.6,2023-03-18,2023-04-16,Cancelled
PO0865,SUP007,Metro Distributors,P108,Scanner,140,6275.23,878532.2,2024-01-25,2024-02-08,Ordered
PO0866,SUP005,Apex Industrial,P104,Keyboard,30,1010.25,30307.5,2024-10-14,2024-11-03,Ordered
PO0867,SUP003,Metro Distributors,P111,Desktop,107,24638.64,2636334.48,2024-08-14,2024-08-28,Delivered
PO0868,SUP004,Global Components,P102,Printer,99,7622.25,754602.75,2023-02-19,2023-02-26,Partially Delivered
PO0869,SUP007,Prime Supplies,P104,Keyboard,94,1017.76,95669.44,2024-09-03,2024-09-29,Cancelled
PO0870,SUP003,Vertex Traders,P102,Printer,114,8572.32,977244.48,2023-12-19,2024-01-03,Delivered
PO0871,SUP003,Vertex Traders,P113,SSD,137,4245.33,581610.21,2023-03-18,2023-03-23,Partially Delivered
PO0872,SUP009,Apex Industrial,P108,Scanner,26,7887.58,205077.08,2024-04-22,2024-05-15,Partially Delivered
PO0873,SUP007,Apex Industrial,P109,Projector,144,23085.17,3324264.48,2024-01-03,2024-01-21,Partially Delivered
PO0874,SUP002,Apex Industrial,P109,Projector,66,23641.76,1560356.16,2023-02-01,2023-02-17,Partially Delivered
PO0875,SUP004,Vertex Traders,P107,Tablet,125,14395.93,1799491.25,2024-11-10,2024-11-27,Partially Delivered
PO0876,SUP008,Global Components,P113,SSD,139,3513.8,488418.2,2023-05-30,2023-06-09,Cancelled
PO0877,SUP007,Vertex Traders,P103,Monitor,109,5370.1,585340.9,2024-10-31,2024-11-16,Ordered
PO0878,SUP001,Global Components,P105,Mouse,107,730.97,78213.79,2024-05-02,2024-05-07,Partially Delivered
PO0879,SUP007,Bluechip Suppliers,P114,RAM,80,2216.8,177344.0,2023-08-16,2023-08-21,Cancelled
PO0880,SUP008,Global Components,P114,RAM,56,2387.17,133681.52,2024-12-18,2025-01-08,Ordered
PO0881,SUP005,Global Components,P101,Laptop,115,33637.67,3868332.05,2024-09-05,2024-09-11,Cancelled
PO0882,SUP003,Metro Distributors,P103,Monitor,147,4737.72,696444.84,2024-04-28,2024-05-16,Ordered
PO0883,SUP003,Metro Distributors,P102,Printer,99,9732.65,963532.35,2024-11-06,2024-11-16,Delivered
PO0884,SUP005,ABC Technologies,P109,Projector,47,16920.24,795251.28,2024-07-23,2024-08-01,Partially Delivered
PO0885,SUP006,Apex Industrial,P108,Scanner,93,7694.04,715545.72,2024-06-22,2024-07-03,Partially Delivered
PO0886,SUP009,Reliable Systems,P101,Laptop,10,31593.79,315937.9,2023-02-09,2023-03-09,Cancelled
PO0887,SUP002,Metro Distributors,P110,UPS,39,3710.71,144717.69,2023-04-15,2023-05-12,Partially Delivered
PO0888,SUP006,Smart Source,P111,Desktop,17,33508.14,569638.38,2023-11-18,2023-11-29,Delivered
PO0889,SUP007,Reliable Systems,P103,Monitor,145,5820.92,844033.4,2023-01-08,2023-02-07,Ordered
PO0890,SUP010,Smart Source,P111,Desktop,102,35151.93,3585496.86,2024-07-23,2024-07-29,Delivered
PO0891,SUP001,Reliable Systems,P101,Laptop,42,41399.51,1738779.42,2023-01-18,2023-01-25,Ordered
PO0892,SUP004,Reliable Systems,P110,UPS,83,4938.06,409858.98,2024-12-30,2025-01-14,Ordered
PO0893,SUP009,Global Components,P110,UPS,95,4868.86,462541.7,2023-05-10,2023-06-09,Partially Delivered
PO0894,SUP003,Bluechip Suppliers,P105,Mouse,130,645.03,83853.9,2024-04-10,2024-04-24,Ordered
PO0895,SUP010,Metro Distributors,P103,Monitor,31,5939.74,184131.94,2024-11-21,2024-12-13,Ordered
PO0896,SUP001,Metro Distributors,P107,Tablet,66,17089.66,1127917.56,2024-05-24,2024-06-15,Cancelled
PO0897,SUP010,Smart Source,P109,Projector,39,21008.13,819317.07,2023-04-10,2023-04-22,Partially Delivered
PO0898,SUP010,ABC Technologies,P115,Headset,71,1911.85,135741.35,2024-02-17,2024-03-12,Partially Delivered
PO0899,SUP006,Apex Industrial,P114,RAM,94,2719.91,255671.54,2023-12-19,2024-01-08,Partially Delivered
PO0900,SUP010,ABC Technologies,P112,Webcam,15,2282.94,34244.1,2023-10-12,2023-10-22,Cancelled
PO0901,SUP005,Vertex Traders,P110,UPS,120,4319.59,518350.8,2023-02-20,2023-03-19,Delivered
PO0902,SUP001,National Electronics,P109,Projector,149,19004.87,2831725.63,2024-01-22,2024-01-29,Partially Delivered
PO0903,SUP005,Vertex Traders,P107,Tablet,127,13687.91,1738364.57,2024-04-08,2024-05-07,Cancelled
PO0904,SUP008,National Electronics,P115,Headset,21,1379.76,28974.96,2023-11-22,2023-12-01,Ordered
PO0905,SUP005,Apex Industrial,P115,Headset,67,1621.14,108616.38,2024-07-27,2024-08-03,Ordered
PO0906,SUP005,Metro Distributors,P103,Monitor,101,4927.88,497715.88,2023-01-21,2023-02-11,Cancelled
PO0907,SUP010,National Electronics,P112,Webcam,112,2351.33,263348.96,2023-06-14,2023-07-09,Partially Delivered
PO0908,SUP006,ABC Technologies,P105,Mouse,87,619.15,53866.05,2024-05-25,2024-06-04,Partially Delivered
PO0909,SUP003,Metro Distributors,P111,Desktop,57,26128.89,1489346.73,2023-05-25,2023-06-07,Partially Delivered
PO0910,SUP008,Prime Supplies,P109,Projector,11,21841.06,240251.66,2023-10-08,2023-10-15,Partially Delivered
PO0911,SUP002,Vertex Traders,P102,Printer,94,7831.23,736135.62,2024-02-12,2024-03-07,Partially Delivered
PO0912,SUP007,Prime Supplies,P106,Router,127,2220.88,282051.76,2024-08-21,2024-08-26,Cancelled
PO0913,SUP006,Smart Source,P110,UPS,106,3326.9,352651.4,2023-10-12,2023-10-22,Ordered
PO0914,SUP006,Apex Industrial,P104,Keyboard,64,1109.68,71019.52,2023-05-28,2023-06-21,Partially Delivered
PO0915,SUP009,Prime Supplies,P106,Router,56,2902.46,162537.76,2023-03-26,2023-04-10,Cancelled
PO0916,SUP007,National Electronics,P104,Keyboard,21,1140.95,23959.95,2023-05-24,2023-06-17,Delivered
PO0917,SUP005,Prime Supplies,P115,Headset,33,1638.69,54076.77,2023-04-12,2023-05-02,Delivered
PO0918,SUP008,Bluechip Suppliers,P114,RAM,43,2120.14,91166.02,2023-03-31,2023-04-18,Delivered
PO0919,SUP003,National Electronics,P115,Headset,40,1578.61,63144.4,2023-09-04,2023-09-27,Cancelled
PO0920,SUP004,Prime Supplies,P110,UPS,63,4154.71,261746.73,2023-01-06,2023-01-23,Partially Delivered
PO0921,SUP010,Prime Supplies,P113,SSD,18,4627.44,83293.92,2023-05-05,2023-05-17,Ordered
PO0922,SUP003,Prime Supplies,P105,Mouse,146,705.66,103026.36,2024-01-02,2024-01-07,Ordered
PO0923,SUP010,Metro Distributors,P107,Tablet,34,16531.4,562067.6,2023-02-19,2023-02-27,Delivered
PO0924,SUP008,Global Components,P104,Keyboard,105,1324.26,139047.3,2024-05-16,2024-06-09,Ordered
PO0925,SUP010,Vertex Traders,P101,Laptop,24,37191.91,892605.84,2023-07-08,2023-08-04,Cancelled
PO0926,SUP005,Smart Source,P102,Printer,106,7126.41,755399.46,2023-12-15,2024-01-01,Ordered
PO0927,SUP001,Smart Source,P109,Projector,104,18372.74,1910764.96,2024-09-06,2024-09-20,Delivered
PO0928,SUP004,Prime Supplies,P104,Keyboard,10,1144.25,11442.5,2023-12-19,2024-01-16,Delivered
PO0929,SUP009,Global Components,P102,Printer,108,8943.2,965865.6,2024-04-24,2024-05-13,Partially Delivered
PO0930,SUP008,ABC Technologies,P106,Router,106,2229.11,236285.66,2023-10-22,2023-11-03,Ordered
PO0931,SUP010,Global Components,P110,UPS,85,5000.97,425082.45,2023-12-28,2024-01-08,Ordered
PO0932,SUP007,Vertex Traders,P111,Desktop,125,35372.84,4421605.0,2024-03-14,2024-04-01,Ordered
PO0933,SUP007,Global Components,P106,Router,55,2616.78,143922.9,2024-10-25,2024-11-23,Delivered
PO0934,SUP006,Smart Source,P101,Laptop,50,35806.61,1790330.5,2024-12-18,2025-01-12,Ordered
PO0935,SUP003,Prime Supplies,P107,Tablet,28,17361.21,486113.88,2024-10-01,2024-10-07,Delivered
PO0936,SUP008,ABC Technologies,P102,Printer,39,8006.85,312267.15,2024-10-03,2024-10-25,Cancelled
PO0937,SUP004,Prime Supplies,P111,Desktop,132,31070.9,4101358.8,2023-07-29,2023-08-13,Delivered
PO0938,SUP003,Global Components,P104,Keyboard,134,1056.48,141568.32,2023-12-31,2024-01-23,Delivered
PO0939,SUP006,National Electronics,P107,Tablet,142,16855.05,2393417.1,2024-10-24,2024-11-14,Delivered
PO0940,SUP010,Reliable Systems,P115,Headset,137,1380.33,189105.21,2023-10-20,2023-10-29,Delivered
PO0941,SUP006,Metro Distributors,P101,Laptop,20,27933.77,558675.4,2023-09-08,2023-09-27,Delivered
PO0942,SUP003,Reliable Systems,P114,RAM,72,2891.46,208185.12,2023-03-16,2023-03-27,Cancelled
PO0943,SUP004,Prime Supplies,P106,Router,138,2819.03,389026.14,2024-01-25,2024-02-18,Cancelled
PO0944,SUP009,Metro Distributors,P113,SSD,147,4202.45,617760.15,2023-04-16,2023-05-06,Cancelled
PO0945,SUP009,Prime Supplies,P107,Tablet,97,15862.82,1538693.54,2023-12-16,2023-12-27,Ordered
PO0946,SUP007,Vertex Traders,P102,Printer,35,9404.2,329147.0,2024-11-14,2024-11-19,Delivered
PO0947,SUP008,Metro Distributors,P112,Webcam,119,2137.2,254326.8,2023-07-08,2023-07-26,Partially Delivered
PO0948,SUP006,Metro Distributors,P102,Printer,46,8356.27,384388.42,2023-10-14,2023-10-29,Delivered
PO0949,SUP007,Apex Industrial,P108,Scanner,103,7142.03,735629.09,2023-11-18,2023-12-17,Cancelled
PO0950,SUP010,National Electronics,P107,Tablet,76,15590.97,1184913.72,2024-06-07,2024-06-21,Delivered
PO0951,SUP006,Global Components,P103,Monitor,81,6353.95,514669.95,2024-08-14,2024-08-28,Ordered
PO0952,SUP007,Apex Industrial,P105,Mouse,114,663.88,75682.32,2023-11-19,2023-11-24,Delivered
PO0953,SUP002,Prime Supplies,P110,UPS,117,3888.58,454963.86,2024-06-30,2024-07-15,Ordered
PO0954,SUP008,Prime Supplies,P114,RAM,117,2963.14,346687.38,2024-04-03,2024-04-21,Delivered
PO0955,SUP010,Metro Distributors,P112,Webcam,91,2434.07,221500.37,2024-09-20,2024-10-09,Partially Delivered
PO0956,SUP010,Global Components,P111,Desktop,78,34017.56,2653369.68,2023-03-16,2023-03-25,Partially Delivered
PO0957,SUP004,Reliable Systems,P107,Tablet,105,18046.83,1894917.15,2023-07-10,2023-07-19,Cancelled
PO0958,SUP001,Reliable Systems,P108,Scanner,150,8029.3,1204395.0,2024-12-07,2025-01-03,Partially Delivered
PO0959,SUP002,Bluechip Suppliers,P108,Scanner,128,7670.21,981786.88,2023-05-21,2023-06-06,Partially Delivered
PO0960,SUP010,Bluechip Suppliers,P112,Webcam,23,2200.6,50613.8,2023-07-28,2023-08-09,Delivered
PO0961,SUP004,Metro Distributors,P102,Printer,84,8230.02,691321.68,2024-11-27,2024-12-06,Cancelled
PO0962,SUP005,Vertex Traders,P111,Desktop,49,31837.04,1560014.96,2024-08-04,2024-08-31,Ordered
PO0963,SUP007,Metro Distributors,P112,Webcam,111,2228.71,247386.81,2024-03-31,2024-04-05,Cancelled
PO0964,SUP004,ABC Technologies,P111,Desktop,66,31553.37,2082522.42,2024-06-16,2024-07-04,Ordered
PO0965,SUP001,Bluechip Suppliers,P102,Printer,45,9779.81,440091.45,2023-06-05,2023-06-10,Partially Delivered
PO0966,SUP009,Metro Distributors,P109,Projector,78,16462.6,1284082.8,2023-09-17,2023-10-16,Delivered
PO0967,SUP010,National Electronics,P113,SSD,64,3722.72,238254.08,2024-04-07,2024-05-03,Ordered
PO0968,SUP010,National Electronics,P113,SSD,140,3299.54,461935.6,2024-12-08,2024-12-30,Cancelled
PO0969,SUP006,Reliable Systems,P112,Webcam,31,2429.42,75312.02,2024-01-26,2024-01-31,Partially Delivered
PO0970,SUP001,Bluechip Suppliers,P115,Headset,121,1951.23,236098.83,2024-09-05,2024-09-14,Partially Delivered
PO0971,SUP004,Prime Supplies,P115,Headset,117,1521.55,178021.35,2023-02-23,2023-03-03,Partially Delivered
PO0972,SUP004,Vertex Traders,P110,UPS,104,4674.48,486145.92,2023-04-06,2023-04-29,Ordered
PO0973,SUP007,Global Components,P114,RAM,10,2178.29,21782.9,2023-12-06,2023-12-20,Cancelled
PO0974,SUP001,Bluechip Suppliers,P106,Router,145,2676.16,388043.2,2024-12-26,2025-01-20,Ordered
PO0975,SUP001,Reliable Systems,P104,Keyboard,144,1386.22,199615.68,2024-08-13,2024-09-07,Partially Delivered
PO0976,SUP004,Global Components,P111,Desktop,27,23871.76,644537.52,2023-03-04,2023-03-17,Partially Delivered
PO0977,SUP004,Vertex Traders,P107,Tablet,108,17997.92,1943775.36,2023-12-15,2023-12-22,Delivered
PO0978,SUP008,Reliable Systems,P109,Projector,36,17705.3,637390.8,2024-10-23,2024-11-03,Cancelled
PO0979,SUP010,ABC Technologies,P106,Router,100,2455.97,245597.0,2023-07-21,2023-07-27,Ordered
PO0980,SUP005,Smart Source,P115,Headset,113,1691.75,191167.75,2023-11-22,2023-12-09,Ordered
PO0981,SUP010,ABC Technologies,P108,Scanner,125,6789.41,848676.25,2023-02-06,2023-02-13,Delivered
PO0982,SUP007,Apex Industrial,P115,Headset,128,1889.02,241794.56,2024-11-03,2024-11-11,Delivered
PO0983,SUP009,National Electronics,P108,Scanner,36,6467.4,232826.4,2023-04-20,2023-05-06,Cancelled
PO0984,SUP010,Apex Industrial,P113,SSD,142,4638.31,658640.02,2023-04-26,2023-05-03,Cancelled
PO0985,SUP009,Metro Distributors,P114,RAM,108,2589.94,279713.52,2024-08-16,2024-09-13,Delivered
PO0986,SUP006,ABC Technologies,P103,Monitor,115,4557.61,524125.15,2023-02-12,2023-03-12,Partially Delivered
PO0987,SUP009,Global Components,P109,Projector,63,18549.36,1168609.68,2023-09-19,2023-10-05,Partially Delivered
PO0988,SUP006,Metro Distributors,P107,Tablet,93,15002.23,1395207.39,2023-06-03,2023-06-25,Partially Delivered
PO0989,SUP009,Prime Supplies,P104,Keyboard,73,1302.39,95074.47,2024-08-30,2024-09-28,Partially Delivered
PO0990,SUP008,Smart Source,P103,Monitor,109,5360.43,584286.87,2023-05-26,2023-06-03,Partially Delivered
PO0991,SUP005,National Electronics,P109,Projector,21,15958.9,335136.9,2023-12-05,2023-12-27,Cancelled
PO0992,SUP004,ABC Technologies,P109,Projector,134,20479.92,2744309.28,2023-08-02,2023-08-07,Delivered
PO0993,SUP003,Smart Source,P113,SSD,141,3587.6,505851.6,2023-06-11,2023-06-30,Cancelled
PO0994,SUP006,ABC Technologies,P107,Tablet,66,13783.31,909698.46,2023-03-13,2023-04-07,Delivered
PO0995,SUP007,Global Components,P106,Router,42,2843.53,119428.26,2024-01-15,2024-01-29,Delivered
PO0996,SUP009,Apex Industrial,P101,Laptop,149,34506.74,5141504.26,2023-07-15,2023-07-20,Cancelled
PO0997,SUP003,Smart Source,P103,Monitor,12,5933.38,71200.56,2023-08-18,2023-09-09,Cancelled
PO0998,SUP009,Reliable Systems,P108,Scanner,126,7846.58,988669.08,2023-04-29,2023-05-07,Delivered
PO0999,SUP009,National Electronics,P106,Router,42,2652.96,111424.32,2024-05-07,2024-06-01,Delivered
PO1000,SUP002,ABC Technologies,P101,Laptop,25,27629.3,690732.5,2023-03-26,2023-04-04,Delivered
PO1001,SUP005,Smart Source,P112,Webcam,81,1895.18,153509.58,2023-10-30,2023-11-25,Delivered
PO1002,SUP008,Smart Source,P115,Headset,23,1571.14,36136.22,2024-11-05,2024-11-25,Ordered
PO1003,SUP010,Smart Source,P113,SSD,119,4567.21,543497.99,2024-11-25,2024-12-18,Ordered
PO1004,SUP007,National Electronics,P107,Tablet,103,16784.53,1728806.59,2024-03-20,2024-04-05,Cancelled
PO1005,SUP007,Bluechip Suppliers,P107,Tablet,85,12368.57,1051328.45,2024-09-16,2024-10-14,Delivered
PO1006,SUP010,Vertex Traders,P104,Keyboard,83,1410.65,117083.95,2023-01-17,2023-01-22,Delivered
PO1007,SUP006,Metro Distributors,P103,Monitor,82,6667.94,546771.08,2024-11-21,2024-12-08,Cancelled
PO1008,SUP002,Apex Industrial,P110,UPS,61,5022.94,306399.34,2023-07-06,2023-07-15,Ordered
PO1009,SUP001,Smart Source,P113,SSD,76,3427.4,260482.4,2024-09-30,2024-10-27,Ordered
PO1010,SUP001,Global Components,P106,Router,82,2427.15,199026.3,2023-09-07,2023-09-25,Partially Delivered
PO1011,SUP002,ABC Technologies,P108,Scanner,39,5460.46,212957.94,2023-12-03,2023-12-09,Ordered
PO1012,SUP001,Prime Supplies,P107,Tablet,48,14865.79,713557.92,2023-02-01,2023-02-22,Cancelled
PO1013,SUP010,Smart Source,P106,Router,63,2627.9,165557.7,2024-04-24,2024-05-09,Delivered
PO1014,SUP004,Vertex Traders,P104,Keyboard,91,1146.07,104292.37,2024-05-27,2024-06-23,Cancelled
PO1015,SUP010,National Electronics,P115,Headset,32,1752.09,56066.88,2023-04-21,2023-05-05,Cancelled
PO1016,SUP009,National Electronics,P110,UPS,33,4772.76,157501.08,2024-01-29,2024-02-10,Cancelled
PO1017,SUP003,ABC Technologies,P114,RAM,82,2863.81,234832.42,2023-09-03,2023-10-03,Delivered
PO1018,SUP007,Vertex Traders,P102,Printer,136,9093.62,1236732.32,2024-11-04,2024-11-22,Delivered
PO1019,SUP006,Reliable Systems,P113,SSD,142,3259.28,462817.76,2024-02-07,2024-02-29,Delivered
PO1020,SUP001,ABC Technologies,P112,Webcam,137,2403.02,329213.74,2023-10-25,2023-10-30,Delivered
PO1021,SUP005,National Electronics,P101,Laptop,149,33366.84,4971659.16,2023-02-20,2023-02-27,Ordered
PO1022,SUP006,Reliable Systems,P106,Router,32,2543.69,81398.08,2024-07-26,2024-08-24,Delivered
PO1023,SUP004,ABC Technologies,P114,RAM,46,2654.88,122124.48,2023-04-28,2023-05-15,Delivered
PO1024,SUP007,Apex Industrial,P104,Keyboard,91,1475.24,134246.84,2024-11-02,2024-11-13,Delivered
PO1025,SUP001,Apex Industrial,P113,SSD,13,3172.53,41242.89,2023-03-01,2023-03-07,Ordered
PO1026,SUP002,ABC Technologies,P109,Projector,70,15954.12,1116788.4,2024-03-30,2024-04-20,Partially Delivered
PO1027,SUP004,Vertex Traders,P114,RAM,146,3192.58,466116.68,2023-06-27,2023-07-18,Partially Delivered
PO1028,SUP003,Apex Industrial,P102,Printer,95,8557.52,812964.4,2024-09-06,2024-10-05,Ordered
PO1029,SUP004,Smart Source,P110,UPS,68,3388.86,230442.48,2023-09-26,2023-10-23,Cancelled
PO1030,SUP003,Bluechip Suppliers,P107,Tablet,32,13700.11,438403.52,2024-03-03,2024-03-20,Ordered
PO1031,SUP007,Bluechip Suppliers,P109,Projector,31,16578.78,513942.18,2023-05-21,2023-06-16,Ordered
PO1032,SUP008,ABC Technologies,P106,Router,87,2743.8,238710.6,2024-12-15,2024-12-28,Partially Delivered
PO1033,SUP006,Bluechip Suppliers,P115,Headset,66,1373.03,90619.98,2023-04-01,2023-04-07,Delivered
PO1034,SUP008,Metro Distributors,P111,Desktop,72,23205.42,1670790.24,2024-09-19,2024-10-07,Cancelled
PO1035,SUP009,Apex Industrial,P110,UPS,138,3822.39,527489.82,2023-05-23,2023-05-31,Ordered
PO1036,SUP004,Smart Source,P112,Webcam,88,1894.33,166701.04,2024-03-08,2024-04-01,Cancelled
PO1037,SUP008,National Electronics,P112,Webcam,101,2381.73,240554.73,2023-04-17,2023-05-04,Cancelled
PO1038,SUP003,Bluechip Suppliers,P112,Webcam,35,2248.72,78705.2,2024-05-05,2024-05-22,Delivered
PO1039,SUP006,ABC Technologies,P107,Tablet,70,14954.12,1046788.4,2024-06-22,2024-07-18,Ordered
PO1040,SUP008,National Electronics,P112,Webcam,111,2603.93,289036.23,2024-10-17,2024-10-27,Delivered
PO1041,SUP008,Bluechip Suppliers,P110,UPS,50,3631.34,181567.0,2024-03-18,2024-04-05,Ordered
PO1042,SUP007,Vertex Traders,P110,UPS,59,4105.58,242229.22,2024-02-11,2024-02-18,Delivered
PO1043,SUP009,Apex Industrial,P103,Monitor,150,6600.26,990039.0,2024-09-08,2024-10-04,Ordered
PO1044,SUP006,Apex Industrial,P108,Scanner,84,6880.22,577938.48,2023-09-05,2023-10-05,Ordered
PO1045,SUP008,Prime Supplies,P103,Monitor,92,5219.36,480181.12,2024-05-03,2024-05-23,Cancelled
PO1046,SUP004,Bluechip Suppliers,P106,Router,136,2324.19,316089.84,2023-01-26,2023-02-17,Partially Delivered
PO1047,SUP005,Global Components,P112,Webcam,146,1783.65,260412.9,2023-01-31,2023-02-07,Cancelled
PO1048,SUP004,Apex Industrial,P102,Printer,109,7786.78,848759.02,2024-07-18,2024-08-10,Ordered
PO1049,SUP006,Global Components,P114,RAM,45,2762.86,124328.7,2023-12-27,2024-01-13,Cancelled
PO1050,SUP007,ABC Technologies,P102,Printer,39,9629.45,375548.55,2023-11-12,2023-12-03,Ordered
PO1051,SUP010,Prime Supplies,P114,RAM,102,2972.21,303165.42,2023-01-05,2023-02-01,Partially Delivered
PO1052,SUP008,Vertex Traders,P105,Mouse,56,636.17,35625.52,2024-04-02,2024-04-24,Cancelled
PO1053,SUP004,ABC Technologies,P101,Laptop,69,37138.41,2562550.29,2023-05-25,2023-06-17,Ordered
PO1054,SUP009,National Electronics,P102,Printer,48,7823.62,375533.76,2023-01-14,2023-01-21,Ordered
PO1055,SUP010,Vertex Traders,P108,Scanner,80,5712.11,456968.8,2023-01-24,2023-02-10,Delivered
PO1056,SUP010,Metro Distributors,P103,Monitor,51,4944.95,252192.45,2023-07-13,2023-07-31,Ordered
PO1057,SUP008,Metro Distributors,P111,Desktop,14,27943.97,391215.58,2023-02-12,2023-02-17,Ordered
PO1058,SUP007,Prime Supplies,P103,Monitor,76,6285.19,477674.44,2024-01-30,2024-02-24,Partially Delivered
PO1059,SUP005,ABC Technologies,P112,Webcam,125,2108.94,263617.5,2024-04-25,2024-05-25,Partially Delivered
PO1060,SUP007,Apex Industrial,P108,Scanner,33,7524.26,248300.58,2023-10-11,2023-10-25,Partially Delivered
PO1061,SUP001,National Electronics,P115,Headset,114,1808.37,206154.18,2024-05-22,2024-06-04,Cancelled
PO1062,SUP006,Metro Distributors,P113,SSD,63,3622.11,228192.93,2023-11-08,2023-11-21,Partially Delivered
PO1063,SUP009,Bluechip Suppliers,P106,Router,26,2219.72,57712.72,2024-11-02,2024-11-20,Cancelled
PO1064,SUP004,Reliable Systems,P106,Router,141,2133.56,300831.96,2023-10-02,2023-10-23,Delivered
PO1065,SUP003,National Electronics,P111,Desktop,100,31351.92,3135192.0,2024-03-15,2024-04-09,Cancelled
PO1066,SUP006,Metro Distributors,P104,Keyboard,121,1518.46,183733.66,2023-11-03,2023-11-24,Delivered
PO1067,SUP001,Bluechip Suppliers,P101,Laptop,127,34591.43,4393111.61,2024-06-21,2024-07-11,Partially Delivered
PO1068,SUP010,Bluechip Suppliers,P104,Keyboard,50,1407.5,70375.0,2024-10-28,2024-11-15,Delivered
PO1069,SUP006,Bluechip Suppliers,P111,Desktop,74,26889.65,1989834.1,2024-03-16,2024-04-09,Ordered
PO1070,SUP001,Vertex Traders,P106,Router,16,2726.32,43621.12,2023-11-09,2023-11-24,Ordered
PO1071,SUP003,ABC Technologies,P110,UPS,54,4257.62,229911.48,2024-02-15,2024-03-05,Ordered
PO1072,SUP004,Apex Industrial,P108,Scanner,60,6024.04,361442.4,2024-09-09,2024-10-08,Ordered
PO1073,SUP010,Vertex Traders,P112,Webcam,129,2188.96,282375.84,2024-05-16,2024-05-25,Partially Delivered
PO1074,SUP004,Bluechip Suppliers,P111,Desktop,98,31503.62,3087354.76,2024-12-03,2024-12-08,Ordered
PO1075,SUP002,Vertex Traders,P102,Printer,117,7095.75,830202.75,2024-07-26,2024-08-11,Ordered
PO1076,SUP005,Vertex Traders,P111,Desktop,43,31783.01,1366669.43,2024-10-13,2024-10-18,Ordered
PO1077,SUP004,Vertex Traders,P111,Desktop,57,35188.71,2005756.47,2023-04-07,2023-04-21,Delivered
PO1078,SUP005,Metro Distributors,P115,Headset,26,1420.27,36927.02,2024-04-20,2024-05-14,Delivered
PO1079,SUP002,Global Components,P113,SSD,135,4048.73,546578.55,2023-12-05,2023-12-16,Ordered
PO1080,SUP005,Prime Supplies,P103,Monitor,71,5976.37,424322.27,2024-08-12,2024-08-17,Cancelled
PO1081,SUP009,National Electronics,P106,Router,57,2854.17,162687.69,2023-09-28,2023-10-07,Cancelled
PO1082,SUP001,Bluechip Suppliers,P115,Headset,56,1900.41,106422.96,2023-12-19,2023-12-27,Partially Delivered
PO1083,SUP006,Vertex Traders,P108,Scanner,67,6731.31,450997.77,2024-07-21,2024-08-17,Partially Delivered
PO1084,SUP010,Global Components,P106,Router,30,2197.52,65925.6,2024-03-17,2024-03-23,Delivered
PO1085,SUP006,Vertex Traders,P106,Router,34,2007.31,68248.54,2024-11-12,2024-11-26,Partially Delivered
PO1086,SUP007,Prime Supplies,P113,SSD,66,4161.25,274642.5,2024-12-16,2024-12-22,Cancelled
PO1087,SUP004,Metro Distributors,P103,Monitor,149,6428.48,957843.52,2024-03-01,2024-03-20,Cancelled
PO1088,SUP006,Smart Source,P105,Mouse,108,520.78,56244.24,2023-05-24,2023-05-31,Partially Delivered
PO1089,SUP003,National Electronics,P107,Tablet,52,17122.93,890392.36,2023-09-21,2023-09-29,Ordered
PO1090,SUP008,National Electronics,P109,Projector,75,19816.04,1486203.0,2024-06-07,2024-07-07,Delivered
PO1091,SUP010,National Electronics,P101,Laptop,25,33858.45,846461.25,2023-08-28,2023-09-04,Delivered
PO1092,SUP002,National Electronics,P101,Laptop,70,41344.21,2894094.7,2024-09-04,2024-09-19,Cancelled
PO1093,SUP010,Apex Industrial,P101,Laptop,89,32533.8,2895508.2,2024-12-30,2025-01-14,Delivered
PO1094,SUP007,Smart Source,P115,Headset,42,1978.35,83090.7,2024-12-21,2025-01-18,Delivered
PO1095,SUP004,Bluechip Suppliers,P111,Desktop,35,35040.3,1226410.5,2023-08-09,2023-08-22,Ordered
PO1096,SUP005,Prime Supplies,P105,Mouse,138,587.92,81132.96,2023-04-03,2023-04-29,Ordered
PO1097,SUP005,Vertex Traders,P103,Monitor,104,5858.74,609308.96,2023-09-06,2023-09-23,Ordered
PO1098,SUP004,Reliable Systems,P114,RAM,47,2720.39,127858.33,2023-09-01,2023-09-09,Delivered
PO1099,SUP008,Prime Supplies,P108,Scanner,102,7411.26,755948.52,2024-03-28,2024-04-14,Ordered
PO1100,SUP005,Reliable Systems,P102,Printer,94,7654.1,719485.4,2023-01-25,2023-02-22,Delivered
PO1101,SUP005,Metro Distributors,P115,Headset,31,1695.36,52556.16,2024-12-25,2025-01-05,Cancelled
PO1102,SUP003,Apex Industrial,P115,Headset,105,1482.02,155612.1,2023-03-28,2023-04-03,Cancelled
PO1103,SUP001,National Electronics,P108,Scanner,40,7157.88,286315.2,2023-04-20,2023-05-05,Delivered
PO1104,SUP003,National Electronics,P111,Desktop,39,35053.92,1367102.88,2024-04-23,2024-05-17,Partially Delivered
PO1105,SUP009,Global Components,P113,SSD,26,4526.01,117676.26,2023-08-07,2023-08-17,Cancelled
PO1106,SUP004,Apex Industrial,P103,Monitor,31,6184.73,191726.63,2024-05-30,2024-06-19,Delivered
PO1107,SUP010,Global Components,P103,Monitor,35,5824.89,203871.15,2023-09-10,2023-09-27,Partially Delivered
PO1108,SUP008,Global Components,P108,Scanner,65,7161.28,465483.2,2024-03-21,2024-04-19,Ordered
PO1109,SUP008,ABC Technologies,P106,Router,45,2518.12,113315.4,2024-11-29,2024-12-18,Cancelled
PO1110,SUP010,Global Components,P111,Desktop,84,27462.84,2306878.56,2024-09-01,2024-09-29,Partially Delivered
PO1111,SUP001,ABC Technologies,P114,RAM,60,2154.39,129263.4,2023-10-08,2023-10-23,Delivered
PO1112,SUP009,Metro Distributors,P101,Laptop,43,39141.71,1683093.53,2024-01-22,2024-02-19,Cancelled
PO1113,SUP006,ABC Technologies,P109,Projector,18,22851.26,411322.68,2023-11-14,2023-12-09,Delivered
PO1114,SUP007,ABC Technologies,P110,UPS,90,4205.4,378486.0,2024-04-08,2024-05-07,Delivered
PO1115,SUP004,Reliable Systems,P111,Desktop,22,26529.73,583654.06,2024-09-11,2024-10-10,Cancelled
PO1116,SUP002,Bluechip Suppliers,P111,Desktop,127,31660.69,4020907.63,2023-11-01,2023-11-26,Delivered
PO1117,SUP002,Metro Distributors,P104,Keyboard,118,1282.52,151337.36,2023-04-09,2023-04-15,Delivered
PO1118,SUP004,Metro Distributors,P108,Scanner,54,5429.26,293180.04,2023-11-18,2023-11-26,Partially Delivered
PO1119,SUP003,ABC Technologies,P107,Tablet,25,12763.63,319090.75,2023-11-14,2023-11-24,Ordered
PO1120,SUP004,Prime Supplies,P104,Keyboard,147,1345.07,197725.29,2023-06-23,2023-07-09,Ordered
PO1121,SUP002,National Electronics,P113,SSD,150,4246.38,636957.0,2024-12-02,2024-12-30,Ordered
PO1122,SUP009,Apex Industrial,P112,Webcam,115,1973.37,226937.55,2023-01-10,2023-01-22,Ordered
PO1123,SUP001,Smart Source,P111,Desktop,132,35578.5,4696362.0,2024-01-25,2024-02-18,Partially Delivered
PO1124,SUP001,ABC Technologies,P111,Desktop,134,28497.97,3818727.98,2023-07-08,2023-07-14,Partially Delivered
PO1125,SUP001,Smart Source,P103,Monitor,30,5016.75,150502.5,2023-04-13,2023-05-12,Ordered
PO1126,SUP006,ABC Technologies,P108,Scanner,39,6461.05,251980.95,2023-10-03,2023-10-25,Partially Delivered
PO1127,SUP006,Global Components,P102,Printer,56,7380.09,413285.04,2023-01-07,2023-01-28,Ordered
PO1128,SUP006,Reliable Systems,P115,Headset,30,1768.0,53040.0,2024-10-20,2024-11-03,Partially Delivered
PO1129,SUP006,National Electronics,P107,Tablet,130,13035.67,1694637.1,2024-02-09,2024-02-25,Ordered
PO1130,SUP004,Smart Source,P110,UPS,57,4116.34,234631.38,2024-05-25,2024-06-01,Cancelled
PO1131,SUP009,National Electronics,P112,Webcam,39,2420.57,94402.23,2024-11-22,2024-12-13,Delivered
PO1132,SUP002,Prime Supplies,P114,RAM,118,2364.19,278974.42,2023-12-29,2024-01-15,Cancelled
PO1133,SUP004,ABC Technologies,P113,SSD,107,4549.05,486748.35,2024-03-27,2024-04-18,Partially Delivered
PO1134,SUP009,Bluechip Suppliers,P106,Router,136,2142.85,291427.6,2023-04-11,2023-04-22,Cancelled
PO1135,SUP003,Metro Distributors,P112,Webcam,83,2550.24,211669.92,2023-02-17,2023-02-27,Partially Delivered
PO1136,SUP007,National Electronics,P111,Desktop,107,35213.83,3767879.81,2023-11-06,2023-11-20,Delivered
PO1137,SUP005,Global Components,P108,Scanner,118,5808.66,685421.88,2023-08-12,2023-08-17,Ordered
PO1138,SUP005,Prime Supplies,P113,SSD,127,3711.56,471368.12,2023-04-10,2023-05-06,Ordered
PO1139,SUP010,National Electronics,P106,Router,57,2235.3,127412.1,2023-08-21,2023-08-29,Cancelled
PO1140,SUP007,Vertex Traders,P104,Keyboard,116,1131.44,131247.04,2023-01-28,2023-02-10,Cancelled
PO1141,SUP004,National Electronics,P109,Projector,109,20382.5,2221692.5,2024-05-09,2024-05-14,Delivered
PO1142,SUP010,Metro Distributors,P101,Laptop,17,31674.56,538467.52,2023-08-14,2023-09-03,Cancelled
PO1143,SUP006,Apex Industrial,P112,Webcam,68,2422.49,164729.32,2023-03-22,2023-04-20,Delivered
PO1144,SUP002,Prime Supplies,P112,Webcam,47,2508.29,117889.63,2024-12-24,2025-01-17,Cancelled
PO1145,SUP005,Global Components,P115,Headset,24,1595.98,38303.52,2024-09-04,2024-09-16,Ordered
PO1146,SUP010,Global Components,P115,Headset,77,1355.91,104405.07,2024-12-03,2024-12-12,Ordered
PO1147,SUP005,Smart Source,P109,Projector,125,16830.85,2103856.25,2024-06-09,2024-06-19,Ordered
PO1148,SUP008,Apex Industrial,P109,Projector,59,15571.55,918721.45,2024-07-03,2024-07-11,Cancelled
PO1149,SUP008,Bluechip Suppliers,P111,Desktop,23,33784.58,777045.34,2024-05-06,2024-05-21,Partially Delivered
PO1150,SUP008,Apex Industrial,P114,RAM,132,3109.6,410467.2,2024-08-18,2024-09-11,Ordered
PO1151,SUP008,Global Components,P106,Router,51,2901.35,147968.85,2023-05-19,2023-05-27,Ordered
PO1152,SUP006,Bluechip Suppliers,P105,Mouse,149,725.49,108098.01,2023-12-10,2023-12-28,Ordered
PO1153,SUP002,Smart Source,P109,Projector,146,20968.44,3061392.24,2023-01-10,2023-01-28,Delivered
PO1154,SUP007,Metro Distributors,P111,Desktop,90,28220.42,2539837.8,2023-09-07,2023-09-15,Ordered
PO1155,SUP008,Prime Supplies,P103,Monitor,128,6754.57,864584.96,2024-01-11,2024-01-27,Cancelled
PO1156,SUP004,Smart Source,P102,Printer,117,8748.06,1023523.02,2024-09-15,2024-10-03,Ordered
PO1157,SUP010,Apex Industrial,P102,Printer,64,8492.0,543488.0,2024-12-07,2025-01-03,Ordered
PO1158,SUP001,Global Components,P107,Tablet,145,18555.0,2690475.0,2023-06-20,2023-07-17,Delivered
PO1159,SUP006,Metro Distributors,P111,Desktop,13,29394.85,382133.05,2024-03-12,2024-04-01,Delivered
PO1160,SUP007,Global Components,P102,Printer,109,7398.49,806435.41,2024-12-08,2024-12-19,Delivered
PO1161,SUP005,Apex Industrial,P102,Printer,130,8810.11,1145314.3,2024-06-23,2024-07-08,Ordered
PO1162,SUP004,Smart Source,P113,SSD,21,3537.28,74282.88,2024-09-08,2024-09-14,Delivered
PO1163,SUP006,Bluechip Suppliers,P110,UPS,101,4649.52,469601.52,2024-01-16,2024-02-06,Delivered
PO1164,SUP010,Apex Industrial,P106,Router,117,2874.0,336258.0,2023-08-29,2023-09-24,Ordered
PO1165,SUP003,Prime Supplies,P103,Monitor,133,6441.47,856715.51,2023-08-12,2023-09-05,Partially Delivered
PO1166,SUP010,Prime Supplies,P113,SSD,97,3199.64,310365.08,2023-10-06,2023-10-13,Partially Delivered
PO1167,SUP007,Prime Supplies,P109,Projector,27,20686.54,558536.58,2023-09-18,2023-10-08,Ordered
PO1168,SUP001,Global Components,P114,RAM,56,2895.6,162153.6,2024-02-20,2024-03-21,Cancelled
PO1169,SUP009,Reliable Systems,P104,Keyboard,76,1183.32,89932.32,2023-04-11,2023-04-22,Partially Delivered
PO1170,SUP001,Apex Industrial,P104,Keyboard,34,1159.53,39424.02,2023-08-11,2023-09-09,Delivered
PO1171,SUP006,Apex Industrial,P101,Laptop,130,36467.24,4740741.2,2024-06-17,2024-07-13,Ordered
PO1172,SUP010,Bluechip Suppliers,P111,Desktop,119,31866.62,3792127.78,2023-11-10,2023-11-26,Cancelled
PO1173,SUP010,Apex Industrial,P103,Monitor,81,6595.2,534211.2,2023-02-02,2023-02-24,Delivered
PO1174,SUP004,Vertex Traders,P112,Webcam,37,2202.47,81491.39,2024-10-13,2024-11-11,Ordered
PO1175,SUP004,Apex Industrial,P107,Tablet,112,15454.27,1730878.24,2023-03-10,2023-03-21,Cancelled
PO1176,SUP003,Global Components,P104,Keyboard,119,1234.52,146907.88,2024-05-04,2024-05-31,Cancelled
PO1177,SUP003,Reliable Systems,P111,Desktop,67,32003.32,2144222.44,2023-01-12,2023-02-08,Delivered
PO1178,SUP010,Bluechip Suppliers,P111,Desktop,53,31243.88,1655925.64,2023-10-04,2023-10-12,Delivered
PO1179,SUP004,National Electronics,P113,SSD,25,3704.46,92611.5,2023-09-09,2023-09-19,Partially Delivered
PO1180,SUP005,Reliable Systems,P105,Mouse,13,520.42,6765.46,2024-07-11,2024-07-19,Partially Delivered
PO1181,SUP003,ABC Technologies,P103,Monitor,85,6225.87,529198.95,2024-07-20,2024-08-02,Delivered
PO1182,SUP010,Reliable Systems,P112,Webcam,81,1994.86,161583.66,2024-01-12,2024-01-17,Cancelled
PO1183,SUP009,National Electronics,P107,Tablet,99,16730.24,1656293.76,2023-04-04,2023-04-12,Ordered
PO1184,SUP010,Reliable Systems,P106,Router,116,2964.18,343844.88,2023-01-09,2023-02-02,Ordered
PO1185,SUP010,Global Components,P105,Mouse,136,589.92,80229.12,2024-09-27,2024-10-19,Delivered
PO1186,SUP005,Vertex Traders,P108,Scanner,19,6136.77,116598.63,2024-10-13,2024-10-22,Ordered
PO1187,SUP002,Global Components,P111,Desktop,24,29507.99,708191.76,2023-07-03,2023-07-20,Ordered
PO1188,SUP005,Prime Supplies,P111,Desktop,61,27110.66,1653750.26,2023-11-24,2023-12-18,Delivered
PO1189,SUP007,National Electronics,P101,Laptop,54,31127.93,1680908.22,2024-01-27,2024-02-23,Cancelled
PO1190,SUP004,Metro Distributors,P110,UPS,54,4695.66,253565.64,2024-08-06,2024-08-22,Cancelled
PO1191,SUP009,Metro Distributors,P102,Printer,74,6934.31,513138.94,2023-03-08,2023-04-02,Ordered
PO1192,SUP005,Prime Supplies,P114,RAM,69,2983.12,205835.28,2023-11-09,2023-11-18,Partially Delivered
PO1193,SUP004,Reliable Systems,P101,Laptop,106,33869.6,3590177.6,2023-07-01,2023-07-22,Cancelled
PO1194,SUP009,Apex Industrial,P104,Keyboard,61,1425.21,86937.81,2024-11-21,2024-12-12,Delivered
PO1195,SUP009,National Electronics,P104,Keyboard,75,1102.69,82701.75,2024-01-15,2024-01-23,Cancelled
PO1196,SUP006,Reliable Systems,P115,Headset,75,1846.79,138509.25,2024-06-03,2024-06-21,Delivered
PO1197,SUP010,Prime Supplies,P105,Mouse,73,691.41,50472.93,2023-06-30,2023-07-17,Partially Delivered
PO1198,SUP001,Apex Industrial,P106,Router,15,2397.26,35958.9,2023-07-29,2023-08-13,Partially Delivered
PO1199,SUP005,Smart Source,P103,Monitor,143,6336.71,906149.53,2024-01-18,2024-02-11,Ordered
PO1200,SUP005,Vertex Traders,P104,Keyboard,119,1425.6,169646.4,2024-09-11,2024-09-29,Delivered
PO1201,SUP006,ABC Technologies,P106,Router,34,2806.48,95420.32,2024-04-26,2024-05-13,Partially Delivered
PO1202,SUP001,ABC Technologies,P108,Scanner,41,7512.32,308005.12,2024-06-19,2024-06-30,Partially Delivered
PO1203,SUP005,Reliable Systems,P105,Mouse,44,643.63,28319.72,2024-04-11,2024-04-22,Cancelled
PO1204,SUP008,Apex Industrial,P111,Desktop,106,29605.94,3138229.64,2024-03-20,2024-04-07,Partially Delivered
PO1205,SUP001,National Electronics,P108,Scanner,14,6389.46,89452.44,2023-04-20,2023-05-09,Ordered
PO1206,SUP001,Metro Distributors,P102,Printer,76,8836.41,671567.16,2023-03-26,2023-04-02,Partially Delivered
PO1207,SUP006,National Electronics,P113,SSD,124,3194.34,396098.16,2024-02-06,2024-02-26,Cancelled
PO1208,SUP009,Bluechip Suppliers,P112,Webcam,93,1760.05,163684.65,2023-12-13,2023-12-20,Cancelled
PO1209,SUP005,Apex Industrial,P101,Laptop,34,33265.39,1131023.26,2024-11-09,2024-11-23,Delivered
PO1210,SUP007,Apex Industrial,P104,Keyboard,82,1364.92,111923.44,2024-01-12,2024-02-05,Partially Delivered
PO1211,SUP006,National Electronics,P101,Laptop,81,32363.08,2621409.48,2023-01-18,2023-02-12,Cancelled
PO1212,SUP003,Reliable Systems,P114,RAM,68,2642.3,179676.4,2023-11-15,2023-11-21,Delivered
PO1213,SUP010,Prime Supplies,P113,SSD,121,3143.97,380420.37,2024-12-20,2025-01-11,Partially Delivered
PO1214,SUP006,ABC Technologies,P113,SSD,124,3230.21,400546.04,2023-02-04,2023-02-13,Delivered
PO1215,SUP003,National Electronics,P109,Projector,92,22718.86,2090135.12,2024-05-17,2024-06-04,Partially Delivered
PO1216,SUP005,Apex Industrial,P109,Projector,28,20685.15,579184.2,2023-09-13,2023-10-04,Delivered
PO1217,SUP007,Metro Distributors,P113,SSD,114,4443.09,506512.26,2023-02-23,2023-03-21,Partially Delivered
PO1218,SUP002,Prime Supplies,P109,Projector,99,17254.17,1708162.83,2023-03-28,2023-04-02,Cancelled
PO1219,SUP010,Metro Distributors,P109,Projector,106,20449.09,2167603.54,2023-03-28,2023-04-27,Ordered
PO1220,SUP003,Smart Source,P113,SSD,85,4085.46,347264.1,2024-05-30,2024-06-15,Cancelled
PO1221,SUP004,National Electronics,P106,Router,144,2319.85,334058.4,2024-05-01,2024-05-07,Partially Delivered
PO1222,SUP007,Metro Distributors,P107,Tablet,47,12440.6,584708.2,2023-07-18,2023-08-15,Partially Delivered
PO1223,SUP007,Bluechip Suppliers,P105,Mouse,82,552.05,45268.1,2024-09-01,2024-09-14,Cancelled
PO1224,SUP003,Metro Distributors,P112,Webcam,72,1983.32,142799.04,2024-07-04,2024-07-11,Delivered
PO1225,SUP001,Smart Source,P106,Router,122,2638.61,321910.42,2023-04-01,2023-04-21,Delivered
PO1226,SUP006,Smart Source,P114,RAM,41,3099.94,127097.54,2023-11-05,2023-11-18,Cancelled
PO1227,SUP007,Metro Distributors,P115,Headset,119,1444.6,171907.4,2024-02-28,2024-03-08,Cancelled
PO1228,SUP010,Bluechip Suppliers,P108,Scanner,147,6117.51,899273.97,2023-02-12,2023-03-05,Cancelled
PO1229,SUP006,Apex Industrial,P114,RAM,136,2392.06,325320.16,2024-05-22,2024-06-20,Partially Delivered
PO1230,SUP006,Prime Supplies,P111,Desktop,83,31290.8,2597136.4,2023-10-20,2023-11-10,Partially Delivered
PO1231,SUP005,ABC Technologies,P114,RAM,58,2598.58,150717.64,2024-04-15,2024-05-15,Delivered
PO1232,SUP005,ABC Technologies,P108,Scanner,109,6552.33,714203.97,2024-07-24,2024-08-13,Partially Delivered
PO1233,SUP008,Vertex Traders,P114,RAM,48,2115.68,101552.64,2024-05-06,2024-05-24,Ordered
PO1234,SUP002,Vertex Traders,P105,Mouse,123,589.7,72533.1,2023-11-02,2023-11-09,Cancelled
PO1235,SUP010,Apex Industrial,P113,SSD,63,4100.37,258323.31,2023-08-01,2023-08-07,Ordered
PO1236,SUP005,ABC Technologies,P113,SSD,18,4086.53,73557.54,2023-02-17,2023-03-12,Cancelled
PO1237,SUP004,Reliable Systems,P106,Router,111,2299.92,255291.12,2024-06-02,2024-06-11,Partially Delivered
PO1238,SUP007,Vertex Traders,P106,Router,72,2476.6,178315.2,2023-12-08,2024-01-02,Delivered
PO1239,SUP007,National Electronics,P106,Router,56,2884.48,161530.88,2024-11-24,2024-12-03,Ordered
PO1240,SUP008,ABC Technologies,P111,Desktop,13,33957.43,441446.59,2023-02-07,2023-02-20,Ordered
PO1241,SUP006,National Electronics,P102,Printer,25,9248.2,231205.0,2023-11-12,2023-12-05,Ordered
PO1242,SUP002,Global Components,P102,Printer,138,8643.71,1192831.98,2024-02-13,2024-02-28,Ordered
PO1243,SUP005,National Electronics,P111,Desktop,91,29430.02,2678131.82,2024-04-03,2024-05-03,Cancelled
PO1244,SUP007,Global Components,P102,Printer,89,9228.6,821345.4,2024-04-26,2024-05-15,Cancelled
PO1245,SUP008,Apex Industrial,P109,Projector,134,21019.01,2816547.34,2023-10-15,2023-11-12,Cancelled
PO1246,SUP010,ABC Technologies,P107,Tablet,108,15713.9,1697101.2,2023-05-31,2023-06-27,Partially Delivered
PO1247,SUP010,Vertex Traders,P112,Webcam,44,2114.11,93020.84,2023-12-18,2024-01-11,Ordered
PO1248,SUP004,Metro Distributors,P109,Projector,27,17720.3,478448.1,2023-06-18,2023-07-15,Ordered
PO1249,SUP007,Reliable Systems,P112,Webcam,56,2311.28,129431.68,2023-07-10,2023-07-30,Ordered
PO1250,SUP010,Bluechip Suppliers,P106,Router,81,2805.08,227211.48,2024-11-27,2024-12-09,Cancelled
PO1251,SUP002,Metro Distributors,P103,Monitor,49,4561.0,223489.0,2023-02-26,2023-03-14,Ordered
PO1252,SUP005,Smart Source,P109,Projector,109,18559.21,2022953.89,2023-11-12,2023-12-02,Delivered
PO1253,SUP003,Reliable Systems,P104,Keyboard,33,1126.8,37184.4,2024-05-27,2024-06-11,Cancelled
PO1254,SUP006,Apex Industrial,P105,Mouse,87,718.46,62506.02,2023-01-03,2023-01-14,Partially Delivered
PO1255,SUP004,Bluechip Suppliers,P105,Mouse,36,499.51,17982.36,2024-11-19,2024-11-29,Cancelled
PO1256,SUP007,National Electronics,P111,Desktop,67,33662.61,2255394.87,2023-03-26,2023-04-17,Partially Delivered
PO1257,SUP002,Metro Distributors,P115,Headset,137,1664.93,228095.41,2023-04-08,2023-04-19,Partially Delivered
PO1258,SUP006,Bluechip Suppliers,P102,Printer,139,9027.54,1254828.06,2023-01-09,2023-01-18,Partially Delivered
PO1259,SUP006,Bluechip Suppliers,P104,Keyboard,78,1476.38,115157.64,2024-03-04,2024-04-02,Ordered
PO1260,SUP009,Vertex Traders,P106,Router,63,2923.41,184174.83,2024-06-23,2024-07-22,Delivered
PO1261,SUP006,Apex Industrial,P112,Webcam,40,2229.4,89176.0,2024-09-08,2024-09-23,Ordered
PO1262,SUP002,Prime Supplies,P113,SSD,143,3525.92,504206.56,2024-11-24,2024-12-24,Cancelled
PO1263,SUP008,Vertex Traders,P106,Router,102,2773.03,282849.06,2023-04-24,2023-05-11,Delivered
PO1264,SUP004,Reliable Systems,P104,Keyboard,147,1100.99,161845.53,2023-04-10,2023-05-03,Ordered
PO1265,SUP002,Reliable Systems,P109,Projector,20,21551.65,431033.0,2023-07-20,2023-08-11,Cancelled
PO1266,SUP005,Prime Supplies,P104,Keyboard,76,1058.65,80457.4,2024-09-13,2024-09-23,Ordered
PO1267,SUP001,Apex Industrial,P112,Webcam,104,2311.26,240371.04,2023-09-05,2023-10-04,Ordered
PO1268,SUP004,Reliable Systems,P103,Monitor,26,5636.03,146536.78,2023-06-08,2023-06-28,Ordered
PO1269,SUP004,Global Components,P102,Printer,85,9205.42,782460.7,2023-04-01,2023-04-12,Partially Delivered
PO1270,SUP006,Metro Distributors,P115,Headset,101,1580.96,159676.96,2023-02-25,2023-03-04,Ordered
PO1271,SUP008,Smart Source,P104,Keyboard,25,1426.57,35664.25,2023-10-31,2023-11-05,Ordered
PO1272,SUP007,Vertex Traders,P111,Desktop,35,34360.66,1202623.1,2024-09-23,2024-10-21,Partially Delivered
PO1273,SUP007,Metro Distributors,P111,Desktop,90,27129.06,2441615.4,2024-02-21,2024-03-20,Partially Delivered
PO1274,SUP003,Apex Industrial,P106,Router,87,2050.66,178407.42,2024-07-25,2024-08-22,Ordered
PO1275,SUP006,Prime Supplies,P103,Monitor,114,6653.02,758444.28,2024-09-04,2024-09-17,Ordered
PO1276,SUP002,ABC Technologies,P107,Tablet,88,16617.28,1462320.64,2024-09-24,2024-10-22,Cancelled
PO1277,SUP010,Global Components,P102,Printer,107,10135.93,1084544.51,2024-01-25,2024-02-21,Ordered
PO1278,SUP005,Prime Supplies,P101,Laptop,144,37046.72,5334727.68,2023-06-13,2023-07-09,Ordered
PO1279,SUP003,Global Components,P107,Tablet,147,13033.21,1915881.87,2024-05-30,2024-06-08,Cancelled
PO1280,SUP010,National Electronics,P106,Router,112,2104.02,235650.24,2024-01-26,2024-02-19,Delivered
PO1281,SUP010,Global Components,P101,Laptop,145,30403.29,4408477.05,2023-10-05,2023-10-25,Ordered
PO1282,SUP006,Smart Source,P101,Laptop,98,36030.55,3530993.9,2023-05-23,2023-06-18,Delivered
PO1283,SUP004,Prime Supplies,P113,SSD,43,3934.59,169187.37,2024-04-11,2024-04-17,Delivered
PO1284,SUP005,Bluechip Suppliers,P101,Laptop,21,41902.45,879951.45,2024-11-07,2024-11-26,Partially Delivered
PO1285,SUP004,Bluechip Suppliers,P110,UPS,136,4623.03,628732.08,2023-09-18,2023-10-18,Cancelled
PO1286,SUP006,Prime Supplies,P102,Printer,47,8796.22,413422.34,2023-04-01,2023-04-15,Ordered
PO1287,SUP003,Bluechip Suppliers,P106,Router,141,2853.81,402387.21,2024-10-19,2024-10-24,Cancelled
PO1288,SUP003,Prime Supplies,P101,Laptop,107,28158.77,3012988.39,2024-07-19,2024-07-24,Partially Delivered
PO1289,SUP005,Smart Source,P101,Laptop,117,39247.63,4591972.71,2023-11-04,2023-11-24,Cancelled
PO1290,SUP005,Global Components,P112,Webcam,97,1799.99,174599.03,2024-08-16,2024-08-21,Partially Delivered
PO1291,SUP001,Global Components,P107,Tablet,110,18455.38,2030091.8,2023-09-23,2023-10-04,Cancelled
PO1292,SUP009,Bluechip Suppliers,P106,Router,100,2377.99,237799.0,2023-05-18,2023-05-30,Cancelled
PO1293,SUP007,Vertex Traders,P109,Projector,140,23184.67,3245853.8,2024-03-29,2024-04-26,Cancelled
PO1294,SUP001,National Electronics,P112,Webcam,70,1831.11,128177.7,2024-02-03,2024-02-29,Delivered
PO1295,SUP002,Metro Distributors,P115,Headset,45,1927.21,86724.45,2023-01-24,2023-01-31,Cancelled
PO1296,SUP008,Global Components,P101,Laptop,81,34729.92,2813123.52,2024-08-26,2024-09-08,Ordered
PO1297,SUP005,Bluechip Suppliers,P104,Keyboard,140,999.01,139861.4,2023-12-04,2023-12-12,Partially Delivered
PO1298,SUP005,Global Components,P112,Webcam,72,2297.71,165435.12,2024-08-06,2024-08-20,Ordered
PO1299,SUP004,Reliable Systems,P105,Mouse,127,713.4,90601.8,2023-02-18,2023-03-06,Cancelled
PO1300,SUP007,Smart Source,P103,Monitor,71,5812.46,412684.66,2023-04-06,2023-05-04,Delivered
